easting_m,break_northing_raw_m,break_elevation_m,plain_elevation_m,relief_m,break_northing_m,withheld,withheld_reason
241823.0,364623.0,14.90749994913737,11.999906176612487,39.8386649177188,364623.0,False,
241825.0,364623.0,14.889404705592561,11.970588983808243,39.577506174359996,364623.0,False,
241827.0,364623.0,14.876904805501301,11.94560015088036,39.18951896939958,364623.0,False,
241829.0,364623.0,14.867738042558942,11.942833341870989,38.812286163511736,364623.0,False,
241831.0,364623.0,14.858690443493069,11.908685947599865,38.40786144619895,364623.0,False,
241833.0,364623.0,14.850000063578287,11.888612883431572,38.132101286025275,364623.0,False,
241835.0,364623.0,14.84166667574928,11.86842609133039,38.0916927019755,364623.0,False,
241837.0,364623.0,14.829880896068751,11.870773778642926,38.061011623200905,364623.0,False,
241839.0,364623.0,14.833809443882533,11.859345572335377,38.00196438743955,364623.0,False,
241841.0,364621.0,14.675595238095239,11.827863802228656,37.95761179242815,364623.0,False,
241843.0,364621.0,14.698690596080962,11.79578572681972,37.933857595352904,364623.0,False,
241845.0,364621.0,14.692500023614793,11.782626488095238,37.90689729963029,364623.0,False,
241847.0,364621.0,14.670833269755045,11.76940471104213,37.902737862723214,364623.0,False,
241849.0,364621.0,14.635714258466448,11.75098711649577,37.98496535164968,364623.0,False,
241851.0,364621.0,14.586547624497188,11.738485422588527,37.98306238537742,364623.0,False,
241853.0,364621.0,14.544999940054755,11.709421616508845,37.96414983386086,364623.0,False,
241855.0,364623.0,14.678809620085218,11.688340355101085,37.8978501864842,364623.0,False,
241857.0,364623.0,14.652023951212565,11.680288110460554,37.907926037198024,364623.0,False,
241859.0,364623.0,14.638333320617676,11.683565362294516,37.92369611376808,364623.0,False,
241861.0,364623.0,14.613571348644438,11.693071478889106,37.96514290855043,364623.0,False,
241863.0,364623.0,14.581071535746256,11.667133344922746,38.03048523040045,364623.0,False,
241865.0,364623.0,14.544285683404832,11.647059617723738,38.101869178953635,364623.0,False,
241867.0,364623.0,14.49952379862467,11.642727456774029,38.115487039656855,364623.0,False,
241869.0,364623.0,14.453452337355838,11.63510716756185,38.11394061133974,364623.0,False,
241871.0,364625.0,14.5875000726609,11.641178580692836,38.13691648301623,364625.0,False,
241873.0,364625.0,14.52011912209647,11.634035773504346,38.1366783959525,364625.0,False,
241875.0,364625.0,14.450595129103888,11.630428563980828,38.16338087263562,364625.0,False,
241877.0,364627.0,14.566071464901878,11.63542854218256,38.20707114537557,364627.0,False,
241879.0,364627.0,14.481071381341842,11.648321424211774,38.1739405677432,364627.0,False,
241881.0,364629.0,14.581547555469328,11.666511885325113,38.14860717682612,364629.0,False,
241883.0,364629.0,14.500357219151088,11.656857104528518,38.122190725235704,364629.0,False,
241885.0,364631.0,14.61345250265939,11.647790391104563,38.13220947810581,364631.0,False,
241887.0,364631.0,14.513928595043362,11.646901330493742,38.12988456544422,364631.0,False,
241889.0,364633.0,14.611071450369698,11.648102342514765,38.13904063815163,364633.0,False,
241891.0,364633.0,14.466428575061617,11.63470235097976,38.202321429479696,364633.0,False,
241893.0,364635.0,14.545714287530808,11.622845213753836,38.26775035858154,364635.0,False,
241895.0,364635.0,14.442142849876767,11.609404818216959,38.3183330081758,364635.0,False,
241897.0,364637.0,14.561428433372862,11.597597621736071,38.34680716196697,364637.0,False,
241899.0,364637.0,14.450833366030738,11.570321382795061,38.37932116190592,364637.0,False,
241901.0,364637.0,14.373095194498699,11.545249984377906,38.441654704865954,364637.0,False,
241903.0,364639.0,14.509523845854257,11.528786400386265,38.48942750749133,364639.0,False,
241905.0,364639.0,14.4486905506679,11.492357158660887,38.50014278321039,364639.0,False,
241907.0,364639.0,14.406904765537803,11.474726263682047,38.52313096636817,364639.0,False,
241909.0,364639.0,14.350000018165225,11.469595164344424,38.485285686311265,364639.0,False,
241911.0,364639.0,14.307381039574032,11.477082783835275,38.47125041144234,364639.0,False,
241913.0,364641.0,14.457976250421433,11.46678390048799,38.471906830015634,364641.0,False,
241915.0,364641.0,14.421785717918757,11.452214835938953,38.46349942797706,364641.0,False,
241917.0,364641.0,14.37333347683861,11.434059538160051,38.59617847715104,364641.0,False,
241919.0,364641.0,14.331190517970493,11.424327005658828,38.676625687735424,364641.0,False,
241921.0,364641.0,14.303690547034853,11.415721425555999,38.674873819805335,364641.0,False,
241923.0,364641.0,14.266309511093864,11.415583369845432,38.555369163694834,364641.0,False,
241925.0,364641.0,14.23059522537958,11.396773792448498,38.567523002624505,364641.0,False,
241927.0,364641.0,14.196904727390836,11.38665479478382,38.595559451693575,364641.0,False,
241929.0,364643.0,14.354999905540827,11.383928598676409,38.51995538075764,364643.0,False,
241931.0,364643.0,14.32511901855469,11.384869066874186,38.536699849083305,364643.0,False,
241933.0,364643.0,14.30178578694661,11.384857191358295,38.71540794826688,364643.0,False,
241935.0,364643.0,14.280476206824892,11.390095274788994,38.67558600107829,364643.0,False,
241937.0,364643.0,14.262857255481535,11.385845297858827,38.602654843103316,364643.0,False,
241939.0,364643.0,14.235952377319334,11.409488055819557,38.48363647915068,364643.0,False,
241941.0,364645.0,14.377380961463565,11.42378575007121,38.404805006299696,364645.0,False,
241943.0,364645.0,14.341309547424316,11.402178514571416,38.39993933268955,364645.0,False,
241945.0,364645.0,14.308809643700007,11.360154710497172,38.44680326098488,364645.0,False,
241947.0,364645.0,14.27440479823521,11.351773834228515,38.45727404639834,364645.0,False,
241949.0,364645.0,14.230595179966514,11.32114293234689,38.46421404339018,364645.0,False,
241951.0,364645.0,14.167381014142716,11.300952307383218,38.49654721305483,364645.0,False,
241953.0,364647.0,14.267261868431456,11.286285736447287,38.532523954482315,364647.0,False,
241955.0,364647.0,14.196190334501722,11.26764295668829,38.537714113507946,364647.0,False,
241957.0,364647.0,14.109999929155622,11.243059426262265,38.538012372879756,364647.0,False,
241959.0,364649.0,14.16714282262893,11.21927381697155,38.55036896751041,364647.0,False,
241961.0,364649.0,14.059642837161107,11.19265480949765,38.560917200360976,364647.0,False,
241963.0,364651.0,14.074642862592425,11.186916705540249,38.55332148415701,364647.0,False,
241965.0,364655.0,14.17250011080787,11.19003571555728,38.541511503855396,364647.0,False,
241967.0,364657.0,14.132261957441054,11.153428577241442,38.606809161958246,364647.0,False,
241969.0,364655.0,13.949404807317826,11.114607170649935,38.73789283661615,364647.0,False,
241971.0,364655.0,14.0111905506679,11.089273797898064,38.85584487915038,364647.0,False,
241973.0,364655.0,14.0391666775658,11.060535635266985,38.99755984260922,364649.0,False,
241975.0,364653.0,13.893690472557433,11.019785772051133,39.145571545192155,364649.0,False,
241977.0,364653.0,13.922857193719775,11.019690531776066,39.25733332861037,364649.0,False,
241979.0,364653.0,13.838809512910386,11.004892866952078,39.3765356245495,364649.0,False,
241981.0,364653.0,13.86059520358131,10.970476232256205,39.49261911483038,364649.0,False,
241983.0,364651.0,13.756904829116094,10.898749923706054,39.62732189723423,364649.0,False,
241985.0,364651.0,13.757261957441058,10.831869020916166,39.68360702423823,364649.0,False,
241987.0,364651.0,13.73928569612049,10.831821487063454,39.67579737163726,364649.0,False,
241989.0,364651.0,13.723928633190335,10.820154825846354,39.722464243570954,364649.0,False,
241991.0,364651.0,13.699642817179363,10.798095235370456,39.75797645478021,364649.0,False,
241993.0,364651.0,13.674404780069986,10.766904753730412,39.81726181847708,364649.0,False,
241995.0,364651.0,13.665595372517902,10.730380816686722,39.824619125184554,364649.0,False,
241997.0,364651.0,13.660119147527784,10.7231428645906,39.77792797542754,364649.0,False,
241999.0,364651.0,13.668809482029507,10.711845170883905,39.766369093032104,364649.0,False,
242001.0,364651.0,13.680714289347328,10.697273803892589,39.699868878864095,364649.0,False,
242003.0,364649.0,13.564166613987513,10.660461466653006,39.625491146814255,364649.0,False,
242005.0,364649.0,13.565833318801152,10.620056697300504,39.62327648344494,364649.0,False,
242007.0,364649.0,13.573571523030598,10.59715762365432,39.57034228188651,364649.0,False,
242009.0,364649.0,13.587023780459447,10.590001319703601,39.45606986908685,364649.0,False,
242011.0,364647.0,13.474404698326472,10.595068141392298,39.3270746140253,364651.0,False,
242013.0,364647.0,13.481666701180595,10.597748615628195,39.250346506209596,364651.0,False,
242015.0,364647.0,13.478571301414851,10.584845997038343,39.19372554052443,364651.0,False,
242017.0,364647.0,13.477499961853027,10.55685431162516,39.15433622996014,364651.0,False,
242019.0,364647.0,13.462976137797035,10.53799572899228,39.089385005405966,364651.0,False,
242021.0,364647.0,13.431309472946893,10.513522820245651,39.067786725362126,364651.0,False,
242023.0,364647.0,13.370119185674758,10.489867555527459,39.04548960186187,364651.0,False,
242025.0,364649.0,13.428452446347189,10.43239562170846,39.06308087394351,364651.0,False,
242027.0,364649.0,13.38023803347633,10.423833352043516,39.05199981416975,364651.0,False,
242029.0,364649.0,13.34214296795073,10.406633940197173,39.05336587088448,364651.0,False,
242031.0,364649.0,13.30440466744559,10.373544874645415,39.07145536513555,364651.0,False,
242033.0,364649.0,13.278928529648555,10.358979465847924,39.070544183821895,364651.0,False,
242035.0,364649.0,13.256785801478792,10.351726150512695,39.067202813284744,364651.0,False,
242037.0,364649.0,13.237857137407575,10.333954742976596,39.072949931735074,364651.0,False,
242039.0,364649.0,13.221309571039109,10.312723804655528,39.066204970223566,364651.0,False,
242041.0,364649.0,13.201190448942636,10.291253916422525,39.071364847819005,364651.0,False,
242043.0,364649.0,13.174285661606561,10.272703865596226,39.080748362768254,364651.0,False,
242045.0,364649.0,13.149404843648275,10.250076243990945,39.07254269463675,364651.0,False,
242047.0,364649.0,13.119523865836005,10.236376167479015,39.07564808527628,364651.0,False,
242049.0,364649.0,13.086428551446824,10.24892549968901,39.02714541299004,364651.0,False,
242051.0,364651.0,13.226071448553176,10.262289569491431,38.98818690436227,364651.0,False,
242053.0,364651.0,13.19607148851667,10.259282793317523,38.974288213820685,364651.0,False,
242055.0,364651.0,13.192976224990117,10.250178609575544,38.94720236460368,364651.0,False,
242057.0,364651.0,13.17773809887114,10.220364329928444,38.96975455057052,364651.0,False,
242059.0,364651.0,13.16809517996652,10.227818634396506,38.927419199262346,364651.0,False,
242061.0,364651.0,13.134880883353098,10.211952336629231,38.9289996374221,364651.0,False,
242063.0,364651.0,13.096428553263344,10.181580838702972,38.928776173364554,364651.0,False,
242065.0,364651.0,13.054880914233976,10.123255548023042,38.96162564413888,364651.0,False,
242067.0,364651.0,12.991785730634414,10.101404903048563,38.96883348283313,364651.0,False,
242069.0,364651.0,12.940714245750787,10.074738066537039,38.98633342016311,364651.0,False,
242071.0,364653.0,13.055714243934268,10.06308089665004,38.99072831471761,364653.0,False,
242073.0,364653.0,12.977023805890765,10.039607216063,38.99670270738147,364653.0,False,
242075.0,364653.0,12.896071388607934,10.03533332007272,38.9875236193339,364653.0,False,
242077.0,364653.0,12.836666606721423,10.017594823383149,38.98526220321656,364653.0,False,
242079.0,364655.0,12.989047686258951,9.991300637381418,38.98857992263066,364655.0,False,
242081.0,364655.0,12.90976188296363,9.965412657601494,39.0207775933402,364655.0,False,
242083.0,364655.0,12.769404729207356,9.9454514503479,39.01847731726511,364655.0,False,
242085.0,364657.0,12.848214331127348,9.926545497349329,38.98785959879557,364657.0,False,
242087.0,364659.0,12.810476166861395,9.920321450914656,38.94217869440713,364659.0,False,
242089.0,364661.0,12.74595228830973,9.902178537277946,38.929606937226794,364661.0,False,
242091.0,364663.0,12.676309449332098,9.878671918596542,38.915732974097835,364663.0,False,
242093.0,364667.0,12.802380925133114,9.855969574337912,38.9193874449957,364667.0,False,
242095.0,364669.0,12.761309532892138,9.847070707593643,38.89590534482683,364669.0,False,
242097.0,364671.0,12.707857177371071,9.83224103564308,38.86823511123657,364671.0,False,
242099.0,364673.0,12.685357184637159,9.810374659583681,38.832124809991754,364673.0,False,
242101.0,364675.0,12.652738071623304,9.790511889684765,38.82055956068493,364675.0,False,
242103.0,364679.0,12.752261979239325,9.772875295366557,38.799637195042195,364679.0,False,
242105.0,364681.0,12.675833202543712,9.751352278391519,38.77079058601743,364681.0,False,
242107.0,364683.0,12.595476105099632,9.705730324699765,38.76851229440597,364683.0,False,
242109.0,364685.0,12.489166623070128,9.680258215041388,38.784146481468554,364685.0,False,
242111.0,364689.0,12.51226184481666,9.652670219966343,38.75078160876319,364689.0,False,
242113.0,364695.0,12.540714309329077,9.631390208289735,38.71491981688001,364695.0,False,
242115.0,364701.0,12.520833287920272,9.588581503005253,38.707285690307614,364701.0,False,
242117.0,364711.0,12.552857171921504,9.574300970349993,38.67933697927566,364711.0,False,
242119.0,364733.0,12.539881070454916,9.555871468498594,38.63467865444365,364733.0,False,
242121.0,364735.0,12.411428587777273,9.541899662926081,38.5836200441633,364735.0,False,
242123.0,364739.0,12.471666608537948,9.5128784542992,38.566632007417226,364739.0,False,
242125.0,364741.0,12.37273802076067,9.497821394602457,38.52227352233159,364741.0,False,
242127.0,364745.0,12.470952215648833,9.482057730356852,38.484590371449784,364745.0,False,
242129.0,364749.0,12.458214305696034,9.469167159852526,38.445268817175005,364749.0,False,
242131.0,364755.0,12.414761906578427,9.457654775891983,38.366540177663154,364755.0,False,
242133.0,364767.0,12.415000007266089,9.447623829614546,38.317715613047284,364767.0,False,
242135.0,364775.0,12.36642869313558,9.444283589862641,38.25326868238903,364775.0,False,
242137.0,364779.0,12.385119074866886,9.440646203358968,38.176805782318105,364779.0,False,
242139.0,364781.0,12.439190455845427,9.439792592184883,38.09135077794393,364779.0,False,
242141.0,364781.0,12.343357131594702,9.435830284300302,38.0176623798552,364779.0,False,
242143.0,364783.0,12.411785852341426,9.445061329432894,37.947395088559105,364781.0,False,
242145.0,364783.0,12.362286749340239,9.444031306675504,37.88682992117745,364781.0,False,
242147.0,364783.0,12.33488759540376,9.446605564299084,37.848533385140556,364781.0,False,
242149.0,364783.0,12.315338952200753,9.450667771838958,37.758358928135465,364781.0,False,
242151.0,364785.0,12.440066201346259,9.44907140277681,37.67022744133359,364781.0,False,
242153.0,364783.0,12.265119098481675,9.42991749899728,37.59870290302095,364781.0,False,
242155.0,364783.0,12.258928662254696,9.409381017230805,37.5418553443182,364781.0,False,
242157.0,364783.0,12.27120099748884,9.40741666612171,37.440273189544676,364781.0,False,
242159.0,364783.0,12.28391052427746,9.406619130997429,37.36080440793718,364781.0,False,
242161.0,364783.0,12.308928625924246,9.409464418320429,37.2901786713373,364781.0,False,
242163.0,364783.0,12.34059524536133,9.414809535798572,37.22273464202881,364781.0,False,
242165.0,364783.0,12.387857164655413,9.39189290092105,37.12465471086047,364781.0,False,
242167.0,364781.0,12.286666688464937,9.388785739172073,37.06648639043172,364781.0,False,
242169.0,364781.0,12.331666673932755,9.381154809679302,36.975869610196064,364781.0,False,
242171.0,364781.0,12.34369050888788,9.38594045639038,36.906852999187656,364781.0,False,
242173.0,364781.0,12.375815346127464,9.389916751498268,36.79772003264654,364781.0,False,
242175.0,364781.0,12.395676658267064,9.410202280680338,36.68295189993721,364781.0,False,
242177.0,364781.0,12.404880932399205,9.423202301207041,36.501272687457856,364781.0,False,
242179.0,364781.0,12.413333257039387,9.420892869858516,36.37315689268567,364781.0,False,
242181.0,364781.0,12.426547640845886,9.426868947347005,36.288845461890816,364781.0,False,
242183.0,364779.0,12.244285674322217,9.419273798806328,36.25179738998413,364783.0,False,
242185.0,364779.0,12.248452413649785,9.42098811921619,36.161975915091375,364783.0,False,
242187.0,364781.0,12.415119034903388,9.426619043804351,36.07993696757725,364783.0,False,
242189.0,364781.0,12.398095403398784,9.417797560918897,35.9561192467099,364783.0,False,
242191.0,364781.0,12.387738091605051,9.408904797690255,35.788993158794575,364783.0,False,
242193.0,364781.0,12.380595252627417,9.422011952173142,35.614770448775516,364783.0,False,
242195.0,364781.0,12.369880903334844,9.424066266559418,35.56279101144699,364783.0,False,
242197.0,364781.0,12.35095219385056,9.41398816335769,35.498814759935655,364783.0,False,
242199.0,364781.0,12.336785634358723,9.416144439152307,35.372665200914646,364783.0,False,
242201.0,364781.0,12.31107135046096,9.407953266870408,35.263047622499016,364783.0,False,
242203.0,364781.0,12.282023838588167,9.406401207333518,35.14145653134301,364783.0,False,
242205.0,364781.0,12.252738044375466,9.401634384336926,35.04503233319237,364783.0,False,
242207.0,364783.0,12.369642848060243,9.399891553606304,34.85820432390486,364783.0,False,
242209.0,364783.0,12.33821419307164,9.39097478049142,34.70797501518613,364783.0,False,
242211.0,364783.0,12.279880977812267,9.379415503002347,34.58585004352388,364785.0,False,
242213.0,364785.0,12.326785768781388,9.35981306802659,34.44089315959385,364785.0,False,
242215.0,364785.0,12.248571441287087,9.357454372587659,34.26826006571451,364785.0,False,
242217.0,364785.0,12.193928627740771,9.341352694375173,34.16138516834803,364785.0,False,
242219.0,364787.0,12.284642855326336,9.328226252964566,34.01760639009021,364787.0,False,
242221.0,364787.0,12.249404816400435,9.313379473913285,33.960190995534255,364787.0,False,
242223.0,364787.0,12.244761921110605,9.301404789515903,33.89169064476377,364787.0,False,
242225.0,364787.0,12.196428571428573,9.303761922745476,33.803618898845855,364787.0,False,
242227.0,364789.0,12.257023902166457,9.2955714906965,33.72454740433466,364789.0,False,
242229.0,364789.0,12.16785717010498,9.282964134216309,33.62013147444952,364789.0,False,
242231.0,364791.0,12.215119043986,9.28067858105614,33.53146392731439,364791.0,False,
242233.0,364793.0,12.265119098481676,9.270893015180315,33.456368664332814,364793.0,False,
242235.0,364793.0,12.137023698715938,9.260273797171456,33.396154222034276,364793.0,False,
242237.0,364795.0,12.172142800830656,9.255392864772253,33.33865486326672,364795.0,False,
242239.0,364797.0,12.201904841831754,9.248476141975038,33.282475766681486,364797.0,False,
242241.0,364797.0,12.083571388607934,9.233202253069196,33.170012156168625,364797.0,False,
242243.0,364799.0,12.15666671026321,9.231881055377778,33.089071405501585,364799.0,False,
242245.0,364799.0,12.062023844037737,9.21392858596075,33.03857167561849,364799.0,False,
242247.0,364801.0,12.123809632800873,9.217130983443486,32.93560695194063,364801.0,False,
242249.0,364803.0,12.19202386765253,9.208785670144216,32.87788080033801,364803.0,False,
242251.0,364803.0,12.104642868041992,9.200988015674408,32.815797560555595,364803.0,False,
242253.0,364803.0,12.019880885169618,9.183392847151982,32.710654662904275,364803.0,False,
242255.0,364805.0,12.092976206824892,9.173654678889683,32.59908309664045,364805.0,False,
242257.0,364807.0,12.152261870247976,9.170809464227586,32.49692858741397,364807.0,False,
242259.0,364807.0,12.063571521214076,9.165630994524276,32.303535715738924,364807.0,False,
242261.0,364809.0,12.12190478188651,9.154488086700438,32.087416580745156,364809.0,False,
242263.0,364809.0,12.010714258466448,9.161916737329392,31.849154967353464,364809.0,False,
242265.0,364811.0,12.048214276631672,9.158321575891403,31.705606901077996,364811.0,False,
242267.0,364813.0,12.0510713940575,9.153797703697567,31.571202041989277,364813.0,False,
242269.0,364815.0,12.087738037109377,9.159642868950254,31.431666633060996,364815.0,False,
242271.0,364817.0,12.06976200285412,9.143202450161887,31.249297382718048,364817.0,False,
242273.0,364819.0,12.050714356558663,9.176880968184701,30.98311869757514,364819.0,False,
242275.0,364821.0,12.05119060334705,9.16909516652425,30.840547661554233,364821.0,False,
242277.0,364823.0,12.058333306085496,9.171392813183013,30.57682136353992,364823.0,False,
242279.0,364825.0,12.083095278058734,9.194607176099504,30.288012336549308,364825.0,False,
242281.0,364827.0,12.11916669209798,9.16877385548183,30.046583425431017,364827.0,False,
242283.0,364829.0,12.164880934215727,9.16823816753569,29.86819055648077,364829.0,False,
242285.0,364829.0,12.096190452575685,9.139083399091447,29.73579780033657,364829.0,False,
242287.0,364829.0,12.035476275852748,9.141285723731631,29.554071826026547,364829.0,False,
242289.0,364831.0,12.07869057428269,9.122071343376522,29.398762353261308,364831.0,False,
242291.0,364831.0,11.998690468924385,9.105261861710321,29.222595019567574,364831.0,False,
242293.0,364833.0,12.016190528869629,9.11544035048712,29.00896437508719,364833.0,False,
242295.0,364835.0,12.042142868041992,9.11786900020781,28.850821599506197,364835.0,False,
242297.0,364837.0,12.074761890229725,9.153964383261544,28.705083279382613,364837.0,False,
242299.0,364839.0,12.10630952744257,9.176678480420795,28.598083809443885,364839.0,False,
242301.0,364841.0,12.1528570992606,9.190738046736945,28.564143130892795,364841.0,False,
242303.0,364843.0,12.201428640456426,9.206380993979318,28.50278594153268,364843.0,False,
242305.0,364843.0,12.154999960036507,9.206726128714426,28.48946411496117,364843.0,False,
242307.0,364843.0,12.105952353704543,9.208726097288585,28.445440714699885,364843.0,False,
242309.0,364845.0,12.150357246398924,9.21446425120036,28.28255955832345,364845.0,False,
242311.0,364847.0,12.169404756455194,9.24713093439738,28.18810713177636,364847.0,False,
242313.0,364851.0,12.249404816400437,9.265880957103912,28.079119173685704,364851.0,False,
242315.0,364853.0,12.248690559750509,9.252237982977004,27.9784759975615,364853.0,False,
242317.0,364855.0,12.25726200285412,9.283845183962868,27.814488265627915,364855.0,False,
242319.0,364857.0,12.261666706630159,9.26345230738322,27.6950001898266,364857.0,False,
242321.0,364859.0,12.256785665239608,9.286309446607317,27.473334289732435,364859.0,False,
242323.0,364861.0,12.256547564551939,9.315023771921792,27.2908093724932,364861.0,False,
242325.0,364863.0,12.284047626313706,9.323047674269905,27.14123767671131,364861.0,False,
242327.0,364863.0,12.227976208641413,9.299357087271554,27.006595257350376,364863.0,False,
242329.0,364863.0,12.198214303879508,9.254404712858653,26.90547633398147,364863.0,False,
242331.0,364863.0,12.179404803684779,9.227999846140541,26.83569052105858,364863.0,False,
242333.0,364863.0,12.167381014142718,9.168392876216343,26.802440856751936,364863.0,False,
242335.0,364861.0,12.03238096691313,9.123357159750801,26.73461911791847,364863.0,False,
242337.0,364863.0,12.13226200285412,9.138869085766022,26.60589278993152,364863.0,False,
242339.0,364863.0,12.098095167250861,9.143928577786399,26.50595251265026,364863.0,False,
242341.0,364863.0,12.057500158037456,9.12152380716233,26.40288062776838,364863.0,False,
242343.0,364863.0,12.00392859322684,9.104392950875418,26.34155987330845,364863.0,False,
242345.0,364863.0,11.943333307902018,9.046976096289498,26.253618778501234,364863.0,False,
242347.0,364863.0,11.869285674322219,8.979488088971094,26.188964400972637,364863.0,False,
242349.0,364865.0,11.906666664850142,9.01025000299726,26.074154533658714,364865.0,False,
242351.0,364867.0,11.940238089788528,9.035333310990106,25.959666710808165,364867.0,False,
242353.0,364871.0,12.082023802257718,9.084297625223796,25.82403592609223,364871.0,False,
242355.0,364873.0,12.096547580900648,9.108845102219355,25.699845468430297,364873.0,False,
242357.0,364873.0,12.005119096665155,9.037571516491118,25.618500100998645,364873.0,False,
242359.0,364875.0,12.011785688854399,9.028904610588436,25.446690409524102,364875.0,False,
242361.0,364877.0,12.008571488516669,9.076297542027065,25.252154976981025,364877.0,False,
242363.0,364879.0,11.99690478188651,9.075773720514206,25.1755361738659,364879.0,False,
242365.0,364883.0,12.057976223173597,9.070154825846354,25.091392517089837,364883.0,False,
242367.0,364885.0,12.009761946541921,9.034988094511487,24.89667850676037,364885.0,False,
242369.0,364887.0,11.974047660827638,9.015357153756277,24.66238085428874,364887.0,False,
242371.0,364889.0,11.9489286059425,8.990797637757801,24.511345495496478,364889.0,False,
242373.0,364893.0,12.00369035629999,9.008273755936395,24.438511398860385,364893.0,False,
242375.0,364895.0,11.99238091423398,9.002880886622837,24.43842763446626,364895.0,False,
242377.0,364897.0,12.001785732450939,9.009202294122604,24.39258432842437,364897.0,False,
242379.0,364899.0,11.981904756455195,9.027011916750952,24.345845494951526,364899.0,False,
242381.0,364903.0,12.078452428181967,9.107607137589227,24.240963549841013,364903.0,False,
242383.0,364907.0,12.144880975995745,9.167261991046724,24.157857572464714,364907.0,False,
242385.0,364909.0,12.16440486907959,9.214833359491259,24.092309715634293,364909.0,False,
242387.0,364909.0,12.102857090177988,9.215035642896382,24.046392281850174,364909.0,False,
242389.0,364911.0,12.165714309329077,9.20705949692499,24.015320641653872,364911.0,False,
242391.0,364913.0,12.193452290126253,9.209226235889252,23.879344313485284,364913.0,False,
242393.0,364913.0,12.125595274425688,9.173095221746536,23.824165825616745,364913.0,False,
242395.0,364913.0,12.069166637602306,9.126523803529286,23.820142187391006,364913.0,False,
242397.0,364913.0,12.012976192292713,9.064023796717324,23.822166890189763,364913.0,False,
242399.0,364915.0,12.040238107953751,9.052630937667118,23.762844344547815,364915.0,False,
242401.0,364915.0,11.980714298429943,9.015380859374998,23.671405065627326,364915.0,False,
242403.0,364915.0,11.91928568340483,8.995166674114408,23.554356452396938,364915.0,False,
242405.0,364917.0,11.948333376929874,8.985416702997115,23.53732089088077,364917.0,False,
242407.0,364917.0,11.881071408589682,8.951749978746685,23.528249200185144,364917.0,False,
242409.0,364919.0,11.894404774620421,8.942345305851529,23.494439983367915,364919.0,False,
242411.0,364921.0,11.912380945114862,8.949095294589089,23.401975472768147,364921.0,False,
242413.0,364923.0,11.92726185208275,8.968071406228201,23.20692928405035,364923.0,False,
242415.0,364925.0,11.943333307902016,8.969761966523672,23.001427532377697,364925.0,False,
242417.0,364925.0,11.869523820422943,8.950750051225933,22.882227062043683,364925.0,False,
242419.0,364927.0,11.879285721551806,8.931071367717925,22.64785762514387,364927.0,False,
242421.0,364929.0,11.882857186453682,8.921059531257264,22.287154547373454,364929.0,False,
242423.0,364931.0,11.876071294148762,8.901023814791724,21.98028551283337,364931.0,False,
242425.0,364933.0,11.84130959283738,8.875380879356745,21.820333707900275,364933.0,False,
242427.0,364935.0,11.80702391124907,8.848357014429,21.605809579576764,364935.0,False,
242429.0,364937.0,11.778452464512416,8.842357213156562,21.55788100560506,364937.0,False,
242431.0,364939.0,11.774047715323313,8.829047634488061,21.526785782405305,364939.0,False,
242433.0,364941.0,11.756547655378071,8.81555953707014,21.4820591472444,364941.0,False,
242435.0,364945.0,11.787857237316311,8.800618880135671,21.394023595537455,364945.0,False,
242437.0,364945.0,11.73404752640497,8.795142823173887,21.320333421797976,364945.0,False,
242439.0,364945.0,11.747023900349935,8.778333377838136,21.250475851694745,364945.0,False,
242441.0,364947.0,11.751428558712913,8.757273819333031,21.203202374776204,364947.0,False,
242443.0,364951.0,11.75797616867792,8.758511815752302,21.039107141040624,364951.0,False,
242445.0,364951.0,11.682499930972146,8.733619017828078,20.929238128662114,364951.0,False,
242447.0,364955.0,11.681920551118393,8.735059570130847,20.871726158687046,364955.0,False,
242449.0,364959.0,11.713031405494327,8.738190430686586,20.843238097145438,364959.0,False,
242451.0,364961.0,11.672182809738885,8.729000005267915,20.873023800622846,364961.0,False,
242453.0,364967.0,11.746000108264742,8.746714296795073,20.835428669339134,364967.0,False,
242455.0,364971.0,11.751222428821382,8.759321417127335,20.81722620555333,364971.0,False,
242457.0,364973.0,11.703174772716704,8.758321623575121,20.80810687882559,364973.0,False,
242459.0,364977.0,11.728142420450846,8.763464346386137,20.793559655689055,364977.0,False,
242461.0,364981.0,11.756714775448753,8.760762023925782,20.760309455508274,364981.0,False,
242463.0,364983.0,11.717031978425524,8.756000019255136,20.68388098762149,364983.0,False,
242465.0,364987.0,11.732722781953358,8.74273810613723,20.607976168677915,364987.0,False,
242467.0,364989.0,11.703389031546452,8.734607185636248,20.50241657665797,364989.0,False,
242469.0,364991.0,11.680872917175291,8.729511903581164,20.321797500337873,364991.0,False,
242471.0,364993.0,11.670960017613002,8.711183641070411,20.151078358150663,364993.0,False,
242473.0,364995.0,11.651270003545852,8.699571391514368,20.008166849045526,364995.0,False,
242475.0,364997.0,11.644277572631834,8.688309519631522,19.827404580797463,364997.0,False,
242477.0,364999.0,11.662047704060871,8.680440566653296,19.712535649254207,364999.0,False,
242479.0,365001.0,11.647087551298597,8.676833289010183,19.718523570469454,365001.0,False,
242481.0,365003.0,11.64749190920875,8.676928565615698,19.694023677280974,365003.0,False,
242483.0,365005.0,11.648547626677013,8.67214278720674,19.66761858349755,365005.0,False,
242485.0,365005.0,11.607777595520018,8.657226162865047,19.632654862176803,365005.0,False,
242487.0,365007.0,11.61949194045294,8.65879753203619,19.622988160451257,365007.0,False,
242489.0,365009.0,11.643563860938663,8.673059522537958,19.570988096509662,365009.0,False,
242491.0,365011.0,11.652484303429011,8.703952278409684,19.692714747928438,365011.0,False,
242493.0,365013.0,11.66724563780285,8.727761813572474,19.75985758645194,365013.0,False,
242495.0,365015.0,11.68851566314697,8.723880926767984,19.751476764678955,365015.0,False,
242497.0,365017.0,11.713088671366375,8.72335723695301,19.780570902143204,365017.0,False,
242499.0,365017.0,11.665433883666992,8.692452392123995,19.90742828051249,365017.0,False,
242501.0,365017.0,11.616564750671385,8.688904839470272,20.03228593099685,365017.0,False,
242503.0,365019.0,11.64943095615932,8.667619110289074,20.09178548086257,365019.0,False,
242505.0,365019.0,11.60975438072568,8.664035749435426,20.060845558983942,365019.0,False,
242507.0,365021.0,11.642547562008811,8.671178636096773,20.05846405029297,365021.0,False,
242509.0,365023.0,11.67571076892671,8.682738045283726,20.081786232902893,365023.0,False,
242511.0,365023.0,11.64366240728469,8.65005953652518,20.08505951109387,365023.0,False,
242513.0,365023.0,11.605480920700797,8.614464405604771,19.976488331386015,365023.0,False,
242515.0,365023.0,11.567383357456754,8.622154744466146,19.826059559413366,365023.0,False,
242517.0,365025.0,11.612171445574079,8.679821352731613,19.650773754574004,365025.0,False,
242519.0,365029.0,11.732999892461866,8.733880933125814,19.543500146411713,365029.0,False,
242521.0,365029.0,11.689635185968308,8.736809535253613,19.46640447434925,365029.0,False,
242523.0,365031.0,11.73825659070696,8.757151803516207,19.347491518656412,365031.0,False,
242525.0,365031.0,11.701599484398251,8.74923611595517,19.246954636346725,365031.0,False,
242527.0,365031.0,11.659518105643134,8.702908002762564,19.196973178500222,365031.0,False,
242529.0,365033.0,11.703867685227166,8.71059037163144,19.127147392999557,365033.0,False,
242531.0,365033.0,11.667016211010157,8.725726123083206,18.982726010822113,365033.0,False,
242533.0,365035.0,11.706778072175524,8.725285611833845,18.931738135928192,365035.0,False,
242535.0,365037.0,11.74285652523949,8.744726151511781,18.874559886114938,365035.0,False,
242537.0,365035.0,11.612272444225491,8.694999946866716,18.892499853315805,365037.0,False,
242539.0,365037.0,11.655148142860048,8.669238145010812,18.93826193128313,365037.0,False,
242541.0,365037.0,11.623469988505045,8.669536751792544,18.94046349525452,365037.0,False,
242543.0,365037.0,11.590515182131814,8.65703567777361,18.9022497131711,365037.0,False,
242545.0,365037.0,11.54098197392055,8.577202435902189,18.94113036337353,365037.0,False,
242547.0,365037.0,11.502521923610141,8.556792960848126,18.91475430216108,365037.0,False,
242549.0,365037.0,11.45568902151925,8.52900239172436,18.8774264449165,365037.0,False,
242551.0,365039.0,11.489782832917712,8.492491163526262,18.885365681421185,365039.0,False,
242553.0,365039.0,11.44844813573928,8.454233351207913,18.882790883382164,365039.0,False,
242555.0,365039.0,11.41288089752197,8.451476167497182,18.784833065668735,365039.0,False,
242557.0,365039.0,11.369293848673502,8.43413812773568,18.762290352866763,365039.0,False,
242559.0,365039.0,11.336160432724725,8.415854799179803,18.749145026434036,365039.0,False,
242561.0,365041.0,11.383159047081357,8.413628664470854,18.66268135706583,365041.0,False,
242563.0,365041.0,11.342766307649155,8.402316649754843,18.609230802172704,365041.0,False,
242565.0,365043.0,11.396785736083986,8.402321368172055,18.541725833075382,365043.0,False,
242567.0,365043.0,11.369989077250162,8.394640575136457,18.503574128378006,365043.0,False,
242569.0,365043.0,11.34599245162237,8.368940557752337,18.468321641286217,365043.0,False,
242571.0,365043.0,11.318989980788455,8.374869010561989,18.374416641961957,365043.0,False,
242573.0,365043.0,11.29551328931536,8.358138059434438,18.35245738937741,365043.0,False,
242575.0,365043.0,11.270370029267808,8.352576164972215,18.259804998125347,365043.0,False,
242577.0,365045.0,11.344534283592587,8.355988132385981,18.24079809415908,365045.0,False,
242579.0,365045.0,11.338459014892582,8.360953823725382,18.141308473405388,365045.0,False,
242581.0,365045.0,11.32006331852504,8.35757066408793,18.085762643814085,365045.0,False,
242583.0,365045.0,11.311689513070244,8.358073098318917,18.051331293015252,365045.0,False,
242585.0,365045.0,11.304938997541152,8.372750050680978,17.9786788440886,365045.0,False,
242587.0,365045.0,11.29945473443894,8.36849052338373,17.927819174811948,365045.0,False,
242589.0,365045.0,11.295882361275808,8.364295300983247,17.9073714528765,365045.0,False,
242591.0,365045.0,11.28105808439709,8.348409448351179,17.83599574225289,365045.0,False,
242593.0,365045.0,11.275960513523648,8.337787283034551,17.779713203793474,365045.0,False,
242595.0,365045.0,11.272738093421573,8.324369035448347,17.75825031371344,365045.0,False,
242597.0,365045.0,11.259238197689964,8.308928560075307,17.698809553328005,365045.0,False,
242599.0,365045.0,11.25755005791074,8.30023821422032,17.624285638900027,365045.0,False,
242601.0,365045.0,11.257160005115328,8.293671975817,17.579066453661234,365045.0,False,
242603.0,365045.0,11.234489032200402,8.298591849917456,17.502836354573574,365045.0,False,
242605.0,365045.0,11.23165144239153,8.283965987250918,17.43829562323434,365045.0,False,
242607.0,365045.0,11.225111461821056,8.283788102013725,17.348593155543007,365045.0,False,
242609.0,365049.0,11.395230020795546,8.419082055773053,17.098179903484528,365049.0,False,
242611.0,365049.0,11.394748051961262,8.488140801021032,16.817811634427024,365049.0,False,
242613.0,365051.0,11.47337332225981,8.500418513161796,16.717200610751192,365049.0,False,
242615.0,365051.0,11.463913826715375,8.499163541339692,16.64488396871657,365049.0,False,
242617.0,365051.0,11.455644743783132,8.54269069944109,16.51635699953352,365049.0,False,
242619.0,365053.0,11.5311986378261,8.544500101180303,16.409666492825465,365051.0,False,
242621.0,365051.0,11.421729996090844,8.499952379862469,16.3599287033081,365051.0,False,
242623.0,365053.0,11.497143336704797,8.543535695757184,16.225273940676736,365051.0,False,
242625.0,365053.0,11.49741422562372,8.562809426443918,16.211833245413644,365051.0,False,
242627.0,365053.0,11.482745715550013,8.532273755754742,16.256297374906993,365051.0,False,
242629.0,365053.0,11.466416131882436,8.533245184308006,16.193779166539507,365051.0,False,
242631.0,365053.0,11.468214807056244,8.50064769018264,16.217328834533696,365051.0,False,
242633.0,365053.0,11.468761807396298,8.477477822984968,16.12740273702712,365051.0,False,
242635.0,365051.0,11.37496757507324,8.428565904072354,16.107863001596357,365051.0,False,
242637.0,365051.0,11.387250945681616,8.400249948955716,16.049988051823213,365051.0,False,
242639.0,365051.0,11.389271917797268,8.393511999221074,15.987440200079051,365051.0,False,
242641.0,365051.0,11.388831865219844,8.40515471413022,15.969845013391403,365051.0,False,
242643.0,365051.0,11.392221859523227,8.40193817274911,15.909728679202855,365051.0,False,
242645.0,365049.0,11.314079602559406,8.396333263033911,15.85545256024315,365051.0,False,
242647.0,365049.0,11.311468578520277,8.382635012127105,15.823317314329598,365053.0,False,
242649.0,365049.0,11.306047030857634,8.384302393595375,15.814507457188197,365053.0,False,
242651.0,365051.0,11.363542829241071,8.375260294051397,15.83164488928658,365053.0,False,
242653.0,365051.0,11.331907998947868,8.373761999039424,15.788976528531023,365053.0,False,
242655.0,365051.0,11.328785669235955,8.352422180629912,15.711506332669938,365053.0,False,
242657.0,365051.0,11.30894424801781,8.34857148670015,15.669523438953219,365053.0,False,
242659.0,365051.0,11.275468553815568,8.355749943142845,15.539130624135334,365053.0,False,
242661.0,365053.0,11.360444341387065,8.376166697910854,15.010262044270835,365053.0,False,
242663.0,365053.0,11.335508028666176,8.380559567042758,15.06515447525751,365053.0,False,
242665.0,365053.0,11.331323260352725,8.383547705695742,15.243595609210788,365053.0,False,
242667.0,365053.0,11.32090863727388,8.38524991444179,15.396654851096017,365053.0,False,
242669.0,365055.0,11.377381006876627,8.396273781004405,15.53098857062203,365055.0,False,
242671.0,365057.0,11.421738125029064,8.426619030180431,15.589333034697036,365057.0,False,
242673.0,365057.0,11.382396652584983,8.419357056844804,15.603143117541356,365057.0,False,
242675.0,365057.0,11.342952410380045,8.391797515324184,15.651654429662797,365057.0,False,
242677.0,365059.0,11.367976097833541,8.387130800882975,15.630607541402181,365059.0,False,
242679.0,365059.0,11.340000016348702,8.362141257240658,15.64690593310765,365059.0,False,
242681.0,365059.0,11.298571495782761,8.351940541040332,15.656988484518862,365059.0,False,
242683.0,365061.0,11.342023758661178,8.366307124637421,15.62643105416071,365059.0,False,
242685.0,365061.0,11.320238113403322,8.330003908702306,15.681901125680831,365059.0,False,
242687.0,365059.0,11.228809583754767,8.30557380403791,15.689664091382712,365059.0,False,
242689.0,365061.0,11.285714285714285,8.288880993071055,15.745762361798969,365061.0,False,
242691.0,365059.0,11.234166644868395,8.30486899784633,15.726202892121815,365061.0,False,
242693.0,365059.0,11.248214358375183,8.302547650110153,15.763166686466757,365061.0,False,
242695.0,365061.0,11.305476143246604,8.317523801894415,15.760214369637621,365061.0,False,
242697.0,365061.0,11.27047620500837,8.331737976982478,15.747309180668424,365061.0,False,
242699.0,365063.0,11.301785696120488,8.351452400570825,15.761166817801339,365063.0,False,
242701.0,365063.0,11.259523755028136,8.300778491156441,15.811959164483207,365063.0,False,
242703.0,365065.0,11.29047625405448,8.313411926087879,15.798969146183554,365065.0,False,
242705.0,365067.0,11.328452382768901,8.359976268949962,15.759309768676756,365067.0,False,
242707.0,365067.0,11.269761857532318,8.353632431938536,15.773391355787002,365067.0,False,
242709.0,365069.0,11.307857150123233,8.347181731178647,15.82936627297174,365069.0,False,
242711.0,365071.0,11.310476166861397,8.333949009577433,15.865336860929217,365071.0,False,
242713.0,365071.0,11.262499945504326,8.3176219917479,15.884521087010702,365071.0,False,
242715.0,365073.0,11.28107143583752,8.324999972752162,15.915476181393574,365073.0,False,
242717.0,365073.0,11.268571354094005,8.327745112918672,15.885945962724234,365073.0,False,
242719.0,365075.0,11.264642897106354,8.322900783447992,15.910075040090646,365075.0,False,
242721.0,365079.0,11.339047522771926,8.350583335331509,15.910131331852503,365079.0,False,
242723.0,365081.0,11.351785659790037,8.352035695030574,15.886416489737373,365081.0,False,
242725.0,365081.0,11.308809598286944,8.377619152977353,15.883095514206662,365081.0,False,
242727.0,365083.0,11.36607147398449,8.388315904708135,15.880136058444071,365083.0,False,
242729.0,365085.0,11.378452437264578,8.416668651217506,15.865712134043378,365085.0,False,
242731.0,365087.0,11.399642989749001,8.441683299200875,15.854864726747788,365087.0,False,
242733.0,365089.0,11.456309545607793,8.475996725899833,15.814121809459866,365089.0,False,
242735.0,365089.0,11.433452469961981,8.482979000182377,15.803330650783723,365089.0,False,
242737.0,365091.0,11.46952383858817,8.510343678792317,15.75465652829125,365091.0,False,
242739.0,365093.0,11.465476172310966,8.474208958943684,15.780314545404345,365093.0,False,
242741.0,365095.0,11.477142878941125,8.486202335357666,15.753083633241198,365095.0,False,
242743.0,365095.0,11.460238093421571,8.491922605605351,15.770577612377346,365095.0,False,
242745.0,365095.0,11.454761913844518,8.485645598456973,15.785068661825996,365095.0,False,
242747.0,365097.0,11.48166661035447,8.493801434834797,15.77596060434977,365097.0,False,
242749.0,365097.0,11.482619103931246,8.495571513403029,15.79740513846988,365097.0,False,
242751.0,365097.0,11.469285692487444,8.516821507045199,15.781155032203307,365097.0,False,
242753.0,365099.0,11.516904694693427,8.535797668638681,15.789678205762593,365099.0,False,
242755.0,365101.0,11.531666619437082,8.53416665395101,15.808095523289266,365101.0,False,
242757.0,365101.0,11.505357106526693,8.53339285169329,15.832678304399757,365101.0,False,
242759.0,365103.0,11.51488095238095,8.53647621699742,15.855904633658268,365103.0,False,
242761.0,365103.0,11.498333340599425,8.509607051667713,15.86979783376058,365103.0,False,
242763.0,365103.0,11.456666673932755,8.483738145374117,15.898166547502788,365103.0,False,
242765.0,365103.0,11.421190488906133,8.46771433694022,15.95478581928071,365103.0,False,
242767.0,365105.0,11.422619093032113,8.441000002906437,15.97102335975284,365105.0,False,
242769.0,365107.0,11.425476210457935,8.429309590657553,15.979142397925969,365107.0,False,
242771.0,365107.0,11.38999998001825,8.439219756353468,15.99530441647484,365107.0,False,
242773.0,365111.0,11.430714198521205,8.44101201012021,15.992082922799247,365111.0,False,
242775.0,365111.0,11.38892868586949,8.432912926446821,15.987325023469474,365111.0,False,
242777.0,365113.0,11.411309423900786,8.451145757947648,15.987187480926517,365113.0,False,
242779.0,365115.0,11.433690434410458,8.472178036826,15.951631014687669,365115.0,False,
242781.0,365117.0,11.466428575061617,8.486486739204043,15.934465104057676,365117.0,False,
242783.0,365117.0,11.46238090878441,8.486476089840844,15.931500289553687,365117.0,False,
242785.0,365119.0,11.470714296613421,8.472309357779366,15.971738842555453,365119.0,False,
242787.0,365119.0,11.435119038536435,8.456535589127313,16.003702913011825,365119.0,False,
242789.0,365121.0,11.43142863682338,8.436154869624547,15.99455969220116,365121.0,False,
242791.0,365121.0,11.391904649280365,8.424514629727318,15.994889990488685,365121.0,False,
242793.0,365121.0,11.383333387829007,8.429916681562153,15.939369083586191,365121.0,False,
242795.0,365123.0,11.411547660827635,8.421734887077694,15.941121932438442,365121.0,False,
242797.0,365121.0,11.35023802802676,8.39820032119751,15.95858577092488,365123.0,False,
242799.0,365123.0,11.367738178798131,8.392345274062384,15.962773522876562,365123.0,False,
242801.0,365123.0,11.3376191002982,8.383109478723433,15.930937744322275,365123.0,False,
242803.0,365125.0,11.364404859996975,8.37471432004656,15.92207085291545,365125.0,False,
242805.0,365125.0,11.337619054885138,8.36558331534976,15.909654721759612,365125.0,False,
242807.0,365125.0,11.32142857142857,8.354349136352537,15.914818082536966,365125.0,False,
242809.0,365127.0,11.321547644478933,8.351130980537052,15.937321349552702,365127.0,False,
242811.0,365129.0,11.344642957051594,8.34885716665359,15.949119190942673,365129.0,False,
242813.0,365129.0,11.325476146879652,8.344154703049432,15.95763072059268,365129.0,False,
242815.0,365131.0,11.3358333224342,8.336571384611585,15.97200002216157,365131.0,False,
242817.0,365131.0,11.31285721915109,8.334013112386067,15.942535000755672,365131.0,False,
242819.0,365131.0,11.298214322044736,8.330059414818173,15.930535997663231,365131.0,False,
242821.0,365133.0,11.30928579966227,8.33365477153233,15.911702015286398,365133.0,False,
242823.0,365135.0,11.317142713637578,8.334440503801618,15.884011949811663,365135.0,False,
242825.0,365137.0,11.324166570390974,8.332464336213611,15.880988593328567,365137.0,False,
242827.0,365137.0,11.297142846243718,8.331657059987387,15.867033445267447,365137.0,False,
242829.0,365139.0,11.295952342805407,8.32824991771153,15.870321605319065,365139.0,False,
242831.0,365141.0,11.304880823407853,8.324238032386416,15.8570715313866,365141.0,False,
242833.0,365143.0,11.298809460231235,8.312666588737851,15.855428954533167,365143.0,False,
242835.0,365143.0,11.269881021408807,8.295666717347645,15.853024278368268,365143.0,False,
242837.0,365145.0,11.276190576099212,8.289178657531739,15.812844966706777,365145.0,False,
242839.0,365147.0,11.268690517970493,8.283035736992245,15.747439970288957,365147.0,False,
242841.0,365149.0,11.267023813156856,8.284500153859456,15.70585701806205,365149.0,False,
242843.0,365151.0,11.268214271182107,8.28744866507394,15.686836642310725,365151.0,False,
242845.0,365153.0,11.25654770079113,8.280476025172643,15.666786420912967,365153.0,False,
242847.0,365155.0,11.251666659400575,8.273190580095562,15.597166479201551,365155.0,False,
242849.0,365157.0,11.245595159984767,8.256511874425978,15.54432141894386,365157.0,False,
242851.0,365159.0,11.242619014921642,8.247000049409412,15.471214348929266,365159.0,False,
242853.0,365159.0,11.20571431659517,8.225480894815353,15.431661653518672,365159.0,False,
242855.0,365159.0,11.171904790969124,8.187749980744861,15.500702785310288,365159.0,False,
242857.0,365161.0,11.159404754638668,8.171297613779704,15.521082928067162,365161.0,False,
242859.0,365161.0,11.119285765148343,8.146952274867466,15.542333094278966,365161.0,False,
242861.0,365163.0,11.113095238095237,8.128618966965448,15.56816700526646,365163.0,False,
242863.0,365165.0,11.107142857142858,8.124737998417446,15.576571750640868,365165.0,False,
242865.0,365169.0,11.13440463656471,8.14234520594279,15.52515488125029,365169.0,False,
242867.0,365173.0,11.14559523264567,8.160706395194643,15.512865418479558,365173.0,False,
242869.0,365179.0,11.16142854236421,8.165214338756742,15.474667067754835,365179.0,False,
242871.0,365183.0,11.162023771376836,8.178658814657302,15.521222239448909,365183.0,False,
242873.0,365187.0,11.166904721941265,8.193142809186662,15.512095533098494,365187.0,False,
242875.0,365189.0,11.15869045257568,8.170622562226795,15.511877005440843,365189.0,False,
242877.0,365191.0,11.13940479641869,8.166845192228045,15.54184499695187,365191.0,False,
242879.0,365197.0,11.16714286804199,8.172081002734954,15.498751858302525,365197.0,False,
242881.0,365199.0,11.145119076683407,8.160986500694639,15.507585243951704,365199.0,False,
242883.0,365203.0,11.167023885817754,8.174129517873128,15.480513586316787,365203.0,False,
242885.0,365205.0,11.165357181004115,8.174531986599876,15.446062855493453,365205.0,False,
242887.0,365205.0,11.154047693525044,8.182122375851586,15.42644881293887,365205.0,False,
242889.0,365209.0,11.145000049046107,8.148023460024879,15.402809470040458,365209.0,False,
242891.0,365211.0,11.120833306085496,8.136772419157484,15.409894407363165,365211.0,False,
242893.0,365215.0,11.144285792396182,8.145016915457589,15.388197290329707,365215.0,False,
242895.0,365219.0,11.113928704034715,8.140919733047484,15.339199608848213,365219.0,False,
242897.0,365219.0,11.114642915271578,8.136612363088698,15.285887702306109,365219.0,False,
242899.0,365219.0,11.084761982872374,8.115741057623,15.289378520420625,365219.0,False,
242901.0,365223.0,11.108214423769995,8.117933995383124,15.276708698272705,365221.0,False,
242903.0,365225.0,11.134047553652808,8.138621593656993,15.23697313581194,365221.0,False,
242905.0,365225.0,11.124285697937012,8.133317758923484,15.174896792003087,365221.0,False,
242907.0,365223.0,11.080714271182105,8.116476862771169,15.183761610303613,365223.0,False,
242909.0,365223.0,11.06416670481364,8.098069111506144,15.189906926382156,365223.0,False,
242911.0,365223.0,11.08047612508138,8.087357759475706,15.157999299821403,365223.0,False,
242913.0,365221.0,11.053928511483326,8.066152797426495,15.188609216326755,365223.0,False,
242915.0,365221.0,11.042857260931104,8.057472120012555,15.153837676275344,365223.0,False,
242917.0,365221.0,11.022380919683547,8.039486460458663,15.138727294831048,365225.0,False,
242919.0,365223.0,11.013333275204614,8.034381010418846,15.089666677656629,365225.0,False,
242921.0,365225.0,10.998690332685198,8.023957277479626,15.073899970735821,365225.0,False,
242923.0,365229.0,11.02309531257266,8.030579267229351,15.016801361810595,365229.0,False,
242925.0,365233.0,11.039523805890765,8.043083517892018,14.984058961414153,365233.0,False,
242927.0,365235.0,11.013690448942638,8.026380983988444,15.001476660228912,365235.0,False,
242929.0,365237.0,10.993333316984629,8.011678604852584,14.954035986037479,365237.0,False,
242931.0,365241.0,11.000476065136137,8.002976165499005,14.94071381659735,365241.0,False,
242933.0,365243.0,10.984285717918759,7.996999956312634,14.896095514297482,365243.0,False,
242935.0,365245.0,10.974880808875671,7.989559493746076,14.865083737600418,365245.0,False,
242937.0,365247.0,10.969047637212844,7.9731904415857215,14.86454768634978,365247.0,False,
242939.0,365247.0,10.946309498378207,7.963806125095913,14.848098418826147,365247.0,False,
242941.0,365249.0,10.94083331880115,7.952119016647338,14.853951856068196,365249.0,False,
242943.0,365249.0,10.911785761515299,7.949547554197766,14.83604811259678,365249.0,False,
242945.0,365251.0,10.930476143246606,7.945773869469052,14.813273684183757,365251.0,False,
242947.0,365251.0,10.903333346048989,7.933559592564901,14.81310754276457,365251.0,False,
242949.0,365253.0,10.911785761515299,7.917168437866938,14.837117556163243,365253.0,False,
242951.0,365253.0,10.880833307902018,7.90488166809082,14.850952093941824,365253.0,False,
242953.0,365255.0,10.879285721551804,7.8922618411836165,14.85583353496733,365255.0,False,
242955.0,365257.0,10.879523731413341,7.882184355599539,14.89007758185977,365257.0,False,
242957.0,365257.0,10.845357168288455,7.869009422120594,14.908728876568023,365257.0,False,
242959.0,365259.0,10.827619098481676,7.848991087504794,14.930532307851886,365259.0,False,
242961.0,365263.0,10.856547537304104,7.881809477579025,14.883547676177251,365263.0,False,
242963.0,365267.0,10.869642893473308,7.881630920228504,14.906940937042238,365267.0,False,
242965.0,365269.0,10.866309483846027,7.880148494811285,14.930566136042275,365269.0,False,
242967.0,365271.0,10.865595227196104,7.871033645811535,14.92206153415498,365271.0,False,
242969.0,365271.0,10.828809511093867,7.866538372493927,14.93286613509768,365271.0,False,
242971.0,365273.0,10.821309589204335,7.844047623588925,14.930237829117544,365273.0,False,
242973.0,365273.0,10.782738140651157,7.811003984723771,14.971139017740878,365273.0,False,
242975.0,365275.0,10.791547593616302,7.807488116763886,14.979535427547638,365275.0,False,
242977.0,365277.0,10.785833313351585,7.8010667619251075,14.98714751289004,365277.0,False,
242979.0,365279.0,10.796547662644162,7.797614874158587,14.911671225229899,365279.0,False,
242981.0,365279.0,10.75940468197777,7.791520752225603,14.8584796837398,365279.0,False,
242983.0,365281.0,10.76821418035598,7.7873333431425555,14.889094952174592,365281.0,False,
242985.0,365281.0,10.748095194498699,7.78277379217602,14.971631184078394,365281.0,False,
242987.0,365283.0,10.775714238484698,7.782763785407656,14.966997886839362,365283.0,False,
242989.0,365283.0,10.743333362397692,7.760828583581106,14.997385186240791,365283.0,False,
242991.0,365283.0,10.711904752822146,7.733809366680326,14.980119310106545,365283.0,False,
242993.0,365283.0,10.682380994160967,7.724630989347184,15.00060744739714,365283.0,False,
242995.0,365283.0,10.651666777474539,7.6806381429944715,15.04912425222851,365283.0,False,
242997.0,365285.0,10.657500039963494,7.661595237822758,15.064833293642316,365285.0,False,
242999.0,365285.0,10.625952357337589,7.647928555806478,15.110404468718027,365285.0,False,
243001.0,365285.0,10.604642731802805,7.630988059725079,15.138060086114066,365285.0,False,
243003.0,365287.0,10.609285672505695,7.6202991054171605,15.150177372069582,365287.0,False,
243005.0,365287.0,10.576190494355702,7.613749983197168,15.157798060916711,365287.0,False,
243007.0,365289.0,10.596309525626046,7.6116309097835,15.143964615322297,365289.0,False,
243009.0,365289.0,10.552023660568965,7.60458334514073,15.144821471259709,365289.0,False,
243011.0,365291.0,10.57047616867792,7.606547921044485,15.14190476508368,365291.0,False,
243013.0,365293.0,10.591309592837376,7.594109557923816,15.176842939286,365293.0,False,
243015.0,365293.0,10.550714356558665,7.572107162929716,15.205154389426824,365293.0,False,
243017.0,365293.0,10.503333364214214,7.549033694040208,15.255609391984486,365293.0,False,
243019.0,365295.0,10.517738024393719,7.535678550175257,15.226821395329067,365295.0,False,
243021.0,365295.0,10.47702394212995,7.519941963468279,15.27553413254874,365295.0,False,
243023.0,365297.0,10.482976232256206,7.512940558933075,15.291820873532977,365297.0,False,
243025.0,365297.0,10.453690483456565,7.501071444011869,15.316904281434562,365297.0,False,
243027.0,365299.0,10.458095278058734,7.489059491384596,15.348083725429719,365299.0,False,
243029.0,365301.0,10.445595241728284,7.469476132165818,15.365404333387099,365301.0,False,
243031.0,365307.0,10.437499954586936,7.459935438065303,15.355302878788537,365307.0,False,
243033.0,365307.0,10.381071499415807,7.440650685628254,15.388039707002184,365307.0,False,
243035.0,365309.0,10.399166606721423,7.434214265005928,15.377928425016858,365309.0,False,
243037.0,365311.0,10.41797619774228,7.424952368509201,15.384809587115333,365311.0,False,
243039.0,365311.0,10.383214269365583,7.403928565979004,15.379642768133252,365311.0,False,
243041.0,365311.0,10.337500027247838,7.366511926196869,15.384202330453054,365311.0,False,
243043.0,365311.0,10.29738090151832,7.348960642587571,15.35270605314345,365311.0,False,
243045.0,365313.0,10.307261830284482,7.342516658419655,15.313197649092903,365313.0,False,
243047.0,365315.0,10.33285717737107,7.339690487725393,15.298880842753821,365315.0,False,
243049.0,365315.0,10.27035717737107,7.333392856234596,15.246963923318038,365315.0,False,
243051.0,365317.0,10.289285659790039,7.341035668055217,15.202654332206357,365317.0,False,
243053.0,365319.0,10.325952393668038,7.337500027247837,15.18190424782889,365319.0,False,
243055.0,365319.0,10.296309561956495,7.326285757337297,15.172166565486366,365319.0,False,
243057.0,365319.0,10.27678566887265,7.31355949129377,15.143106910160611,365319.0,False,
243059.0,365319.0,10.255952426365443,7.303634475526356,15.165293634505499,365319.0,False,
243061.0,365319.0,10.249523798624672,7.297114313216436,15.186219274430044,365319.0,False,
243063.0,365319.0,10.22416659763881,7.2839297044844855,15.15868934676761,365319.0,False,
243065.0,365319.0,10.198095230829146,7.254285744258335,15.171190511612664,365319.0,False,
243067.0,365321.0,10.23666663396926,7.241166691553024,15.168833609989713,365321.0,False,
243069.0,365321.0,10.185357048397972,7.226511714571998,15.178725937434606,365321.0,False,
243071.0,365323.0,10.200714156741189,7.226534979684013,15.159179687499998,365323.0,False,
243073.0,365323.0,10.135357175554546,7.204273850577218,15.152511787414552,365323.0,False,
243075.0,365325.0,10.1372617994036,7.190214325132823,15.110976641518727,365325.0,False,
243077.0,365327.0,10.143095243544805,7.1899450006939105,15.054698346910019,365327.0,False,
243079.0,365329.0,10.170952433631532,7.178500048319499,15.018166941688168,365329.0,False,
243081.0,365329.0,10.138333275204614,7.177228537059965,14.96836655934652,365329.0,False,
243083.0,365329.0,10.10583346230643,7.174012490681239,14.916463590803598,365329.0,False,
243085.0,365329.0,10.077261833917527,7.144931325458344,14.914354519616992,365329.0,False,
243087.0,365329.0,10.069642929803756,7.142331457138061,14.86302564938863,365329.0,False,
243089.0,365331.0,10.117142813546314,7.128192635944911,14.822045092355639,365331.0,False,
243091.0,365331.0,10.081190427144369,7.145097630364554,14.75525975227356,365331.0,False,
243093.0,365333.0,10.12142853509812,7.179619030725387,14.688237766992476,365333.0,False,
243095.0,365335.0,10.14738096509661,7.162452373050507,14.702190723873318,365335.0,False,
243097.0,365337.0,10.165476208641417,7.1666829472496385,14.688673995790028,365337.0,False,
243099.0,365337.0,10.10083343869164,7.135847275597707,14.69141424042838,365337.0,False,
243101.0,365337.0,10.04476193019322,7.106892858232771,14.728463808695476,365337.0,False,
243103.0,365339.0,10.073809532892136,7.129559510094779,14.700798177719115,365339.0,False,
243105.0,365339.0,10.03357137952532,7.104035699935185,14.74786876042684,365339.0,False,
243107.0,365339.0,9.997857230050222,7.080409290677024,14.76387594767979,365339.0,False,
243109.0,365341.0,10.057023684183756,7.0647659051985965,14.803091528302149,365339.0,False,
243111.0,365339.0,9.916904767354328,7.000500015985398,14.912357130504784,365341.0,False,
243113.0,365341.0,9.971904800051734,6.97190873736427,14.950948002224877,365341.0,False,
243115.0,365341.0,9.9396428607759,6.971713129679362,14.995549138387041,365341.0,False,
243117.0,365341.0,9.897976148696173,6.991142870130993,15.01457154637291,365341.0,False,
243119.0,365343.0,9.963690485273087,7.0226357051304396,15.011411467052643,365343.0,False,
243121.0,365345.0,10.021071297781809,7.024466646285284,15.033509849366688,365345.0,False,
243123.0,365345.0,9.987976301284062,6.996275640669323,15.112414802823745,365345.0,False,
243125.0,365345.0,9.950595174516948,6.979205095200311,15.155556533450167,365345.0,False,
243127.0,365345.0,9.894761857532318,6.95911070505778,15.218508411589125,365345.0,False,
243129.0,365345.0,9.852738153366815,6.940252883093698,15.231175978978474,365345.0,False,
243131.0,365347.0,9.916785785130093,6.920326126189458,15.251697556177778,365347.0,False,
243133.0,365347.0,9.870119094848631,6.910845200220742,15.296417020616076,365347.0,False,
243135.0,365347.0,9.838452339172363,6.894750050136019,15.320726667131702,365347.0,False,
243137.0,365347.0,9.80023801894415,6.900892845789592,15.286845572789513,365347.0,False,
243139.0,365349.0,9.898214340209961,6.906069026674542,15.257502648943943,365349.0,False,
243141.0,365349.0,9.870357150123233,6.910273808524722,15.230797420229234,365349.0,False,
243143.0,365349.0,9.827380906967889,6.9076071512131465,15.175726000467936,365349.0,False,
243145.0,365349.0,9.806071326846167,6.906800860450382,15.127841495332259,365349.0,False,
243147.0,365349.0,9.794881003243582,6.908001756668091,15.026641216732205,365349.0,False,
243149.0,365349.0,9.76821436200823,6.879297656104678,15.003440820603142,365349.0,False,
243151.0,365349.0,9.740952400934129,6.8513176645551415,14.963324923742386,365349.0,False,
243153.0,365349.0,9.726071357727049,6.840595234008062,14.928809495199296,365349.0,False,
243155.0,365351.0,9.797857057480584,6.823357168833414,14.894618810926168,365351.0,False,
243157.0,365351.0,9.767023858569916,6.80143435114906,14.895827913284304,365351.0,False,
243159.0,365351.0,9.718690463474816,6.787654785882858,14.866511753627233,365351.0,False,
243161.0,365351.0,9.673214276631672,6.77552137374878,14.883406997862316,365351.0,False,
243163.0,365353.0,9.726071448553178,6.777515883672804,14.83617481050037,365353.0,False,
243165.0,365355.0,9.76166670663016,6.7754140672229575,14.72922905513218,365355.0,False,
243167.0,365355.0,9.692261877514067,6.695864270982288,14.776278448104858,365355.0,False,
243169.0,365355.0,9.646428516932895,6.686388451712472,14.773254503522598,365355.0,False,
243171.0,365355.0,9.601904732840403,6.667378593626476,14.743811711810881,365355.0,False,
243173.0,365355.0,9.55678571973528,6.639142844790504,14.796452894664943,365355.0,False,
243175.0,365357.0,9.59285713377453,6.623035728363762,14.79648769242423,365357.0,False,
243177.0,365357.0,9.530952408200216,6.612219083876837,14.797067233494346,365357.0,False,
243179.0,365357.0,9.490238053458077,6.600419562203543,14.828508994692845,365357.0,False,
243181.0,365359.0,9.530476206824893,6.594597021738688,14.814808005378362,365359.0,False,
243183.0,365359.0,9.50035712832496,6.586680920918783,14.829033342997228,365359.0,False,
243185.0,365361.0,9.5632141658238,6.575214281536284,14.836928154173354,365361.0,False,
243187.0,365361.0,9.493928545997255,6.574202360425677,14.83317851566133,365361.0,False,
243189.0,365363.0,9.555357115609306,6.563607159115019,14.864606777826946,365363.0,False,
243191.0,365363.0,9.49309526171003,6.551154772440593,14.862059139070059,365363.0,False,
243193.0,365363.0,9.432619004022508,6.543571447190783,14.832142627806892,365363.0,False,
243195.0,365365.0,9.503571555728003,6.525929019564674,14.848475251879012,365365.0,False,
243197.0,365365.0,9.479642777215865,6.514100015731085,14.847329017094207,365365.0,False,
243199.0,365365.0,9.424761908394949,6.501578560329618,14.849135260354908,365365.0,False,
243201.0,365365.0,9.389523778642925,6.489476142610822,14.890404944192799,365365.0,False,
243203.0,365365.0,9.343095325288319,6.4736428147270555,14.93945220538548,365365.0,False,
243205.0,365367.0,9.4491666612171,6.45228572800046,14.997238561085291,365367.0,False,
243207.0,365367.0,9.409761928376698,6.440721418744042,15.045945578529716,365367.0,False,
243209.0,365367.0,9.371190525236582,6.42415473801749,15.080726348786127,365367.0,False,
243211.0,365367.0,9.326904751005625,6.4079880600883845,15.144154219400313,365367.0,False,
243213.0,365369.0,9.405118896847677,6.40663416272118,15.1512228057498,365369.0,False,
243215.0,365369.0,9.368095170883905,6.405294250306629,15.191610595158163,365369.0,False,
243217.0,365369.0,9.323333240690685,6.393467530750092,15.219032614571708,365369.0,False,
243219.0,365369.0,9.273928460620699,6.3914973894755045,15.232907699403306,365369.0,False,
243221.0,365371.0,9.360356966654457,6.384452379317511,15.294952015649699,365371.0,False,
243223.0,365371.0,9.29666673569452,6.380014151618594,15.309748236338299,365371.0,False,
243225.0,365371.0,9.263809476579937,6.378287942068918,15.300759233747208,365371.0,False,
243227.0,365373.0,9.34571411496117,6.37604048819769,15.30491194725037,365373.0,False,
243229.0,365373.0,9.295714332943872,6.378188049225579,15.287526487168815,365373.0,False,
243231.0,365375.0,9.382381030491418,6.38350822130839,15.247801742099576,365375.0,False,
243233.0,365375.0,9.318452426365441,6.381072037560599,15.220832241149171,365375.0,False,
243235.0,365377.0,9.39535704113188,6.405196346555437,15.145161199569701,365377.0,False,
243237.0,365377.0,9.336190359933035,6.389464273906888,15.101369371868312,365377.0,False,
243239.0,365377.0,9.278333255222865,6.3873404661814375,15.023373819532843,365377.0,False,
243241.0,365379.0,9.336428687686013,6.375642874127342,14.949475962775095,365379.0,False,
243243.0,365379.0,9.269047646295457,6.3412012849535255,14.920703386125107,365379.0,False,
243245.0,365379.0,9.204404785519555,6.328488086518788,14.902463858468188,365379.0,False,
243247.0,365381.0,9.27726191566104,6.338750005903698,14.857559583300635,365381.0,False,
243249.0,365381.0,9.221666699364073,6.327166645867484,14.876881056740173,365381.0,False,
243251.0,365383.0,9.270952338264102,6.3146309421176,14.801082813172115,365383.0,False,
243253.0,365383.0,9.218928450629825,6.295583313987368,14.728226573126655,365383.0,False,
243255.0,365385.0,9.261190527961368,6.296990013122559,14.677414276486349,365385.0,False,
243257.0,365385.0,9.196309543791271,6.310178522836593,14.652559514272777,365385.0,False,
243259.0,365387.0,9.234047571818033,6.328523812975202,14.589333675021216,365387.0,False,
243261.0,365389.0,9.280833312443324,6.317904797054472,14.567928852353774,365389.0,False,
243263.0,365389.0,9.196071443103607,6.31509523618789,14.512880718140373,365389.0,False,
243265.0,365391.0,9.231309572855631,6.3191309270404625,14.453963976814634,365391.0,False,
243267.0,365393.0,9.265833377838135,6.318714282626197,14.41438106809343,365393.0,False,
243269.0,365395.0,9.300119082132975,6.320440501258486,14.356464722042993,365395.0,False,
243271.0,365395.0,9.197261810302733,6.31736993335542,14.301915922619049,365395.0,False,
243273.0,365397.0,9.230476243155342,6.314821406773158,14.25172571454729,365397.0,False,
243275.0,365399.0,9.279047579992385,6.303234770184471,14.227122227350868,365399.0,False,
243277.0,365399.0,9.185476303100584,6.295821444193522,14.159773753938222,365399.0,False,
243279.0,365401.0,9.242142904372443,6.268704509735108,14.11748545056297,365401.0,False,
243281.0,365401.0,9.139285632542201,6.253428545452299,14.07228565670195,365401.0,False,
243283.0,365403.0,9.183690502530052,6.2506356693449465,14.051149663471042,365403.0,False,
243285.0,365405.0,9.229999996366956,6.242345267250425,14.008369080225624,365405.0,False,
243287.0,365405.0,9.136547588166733,6.2305357388087685,13.988274024781724,365405.0,False,
243289.0,365407.0,9.179166498638336,6.228583351771037,13.925821697144283,365407.0,False,
243291.0,365407.0,9.073928560529438,6.211059459050496,13.872750166484288,365407.0,False,
243293.0,365409.0,9.147857189178469,6.200797635033017,13.814678682599745,365409.0,False,
243295.0,365409.0,9.062500045413064,6.183690504800706,13.771190799985611,365409.0,False,
243297.0,365411.0,9.12666656857445,6.17841378166562,13.680157134646459,365411.0,False,
243299.0,365411.0,9.054047584533691,6.185619056792487,13.557952542532057,365411.0,False,
243301.0,365413.0,9.128571555728003,6.1660833653949565,13.5210592338017,365413.0,False,
243303.0,365413.0,9.04916661126273,6.154195170175461,13.42282847222828,365413.0,False,
243305.0,365413.0,8.978571437654042,6.117693662643433,13.41230629739307,365413.0,False,
243307.0,365415.0,9.041071324121384,6.086060753322783,13.380963277816772,365415.0,False,
243309.0,365415.0,8.964999902816045,6.071872282028199,13.295390058699105,365415.0,False,
243311.0,365417.0,9.025357132866269,6.0651547273000075,13.242821677525832,365417.0,False,
243313.0,365417.0,8.9424999554952,6.049952379862467,13.19397652943929,365417.0,False,
243315.0,365419.0,8.994523797716413,6.037261892500378,13.143690906252179,365419.0,False,
243317.0,365421.0,9.02011912209647,6.025265384855724,13.07890146346319,365421.0,False,
243319.0,365421.0,8.937857219151088,6.01316454751151,13.031121544610885,365421.0,False,
243321.0,365423.0,8.976666768391926,5.992654714130219,12.950440266018823,365423.0,False,
243323.0,365423.0,8.905998161860873,5.98213098616827,12.923464248293923,365423.0,False,
243325.0,365425.0,8.964602266039167,5.967959533418929,12.892993025552657,365425.0,False,
243327.0,365425.0,8.903743743896484,5.9424929096585215,12.832625963574362,365425.0,False,
243329.0,365425.0,8.840156577882313,5.934469023204985,12.768031274704702,365425.0,False,
243331.0,365427.0,8.90617731639317,5.911523789451236,12.715738053548902,365427.0,False,
243333.0,365427.0,8.831413564227876,5.894464227131435,12.650774358567736,365427.0,False,
243335.0,365427.0,8.765424433208647,5.879750033787318,12.571440188090008,365427.0,False,
243337.0,365429.0,8.8133605775379,5.859369057700747,12.509083650225683,365429.0,False,
243339.0,365429.0,8.763798486618768,5.834528775442213,12.437852144241333,365429.0,False,
243341.0,365429.0,8.708667982192265,5.822678556896389,12.381368691580636,365429.0,False,
243343.0,365431.0,8.774249621800013,5.810571388971237,12.304547364371164,365431.0,False,
243345.0,365431.0,8.725546587081181,5.814904739743187,12.200213813781737,365431.0,False,
243347.0,365433.0,8.769019399370466,5.809611849557784,12.108602130980719,365433.0,False,
243349.0,365433.0,8.717990988776796,5.818030257452101,11.995183999197824,365433.0,False,
243351.0,365435.0,8.73929652713594,5.850345202854702,11.859654880705332,365435.0,False,
243353.0,365437.0,8.75885956627982,5.848857155300322,11.761737730389548,365437.0,False,
243355.0,365439.0,8.782857145581925,5.8270666417621415,11.69483807654608,365439.0,False,
243357.0,365441.0,8.795820985521587,5.8076110930669875,11.589650571913946,365441.0,False,
243359.0,365441.0,8.695388634999592,5.801824998855589,11.515556178774155,365441.0,False,
243361.0,365443.0,8.712501480465843,5.776419439769926,11.440723210289365,365443.0,False,
243363.0,365445.0,8.726089863550095,5.759805302392869,11.346384879520961,365445.0,False,
243365.0,365445.0,8.647446087428502,5.739086864108131,11.284127385275706,365445.0,False,
243367.0,365447.0,8.653693562462216,5.72191648937407,11.210702605474559,365447.0,False,
243369.0,365449.0,8.664720126560756,5.705006254286993,11.11785064878918,365449.0,False,
243371.0,365451.0,8.682971568334668,5.687130925768897,11.033702262242631,365451.0,False,
243373.0,365451.0,8.579415752774192,5.672369046438307,10.97632117725554,365451.0,False,
243375.0,365453.0,8.599702857789538,5.656994989940097,10.886219535555158,365453.0,False,
243377.0,365455.0,8.62045889809018,5.648523757571265,10.795761998494466,365455.0,False,
243379.0,365455.0,8.526404494330997,5.635643940880184,10.727332587469194,365455.0,False,
243381.0,365457.0,8.557714553106399,5.620690491085961,10.623595092410133,365457.0,False,
243383.0,365459.0,8.591052691141766,5.613815975189209,10.52927895046416,365459.0,False,
243385.0,365459.0,8.496047633034843,5.601630939756121,10.450749622072493,365459.0,False,
243387.0,365461.0,8.527005422682988,5.590595179512388,10.357142968404862,365461.0,False,
243389.0,365463.0,8.554050014132542,5.577273788906279,10.285463912146431,365463.0,False,
243391.0,365463.0,8.470694859822592,5.564321427118211,10.188297453380764,365463.0,False,
243393.0,365465.0,8.493971620287214,5.54214285214742,10.101190628324233,365465.0,False,
243395.0,365467.0,8.509840624673025,5.5313094979240764,9.993333128520423,365467.0,False,
243397.0,365467.0,8.43331243878319,5.510915456499372,9.904203623817079,365467.0,False,
243399.0,365469.0,8.456190540677026,5.49890477997916,9.806809645607359,365469.0,False,
243401.0,365471.0,8.470267205011277,5.497059483755202,9.664368831543698,365471.0,False,
243403.0,365471.0,8.385462624686104,5.480833303360713,9.557738054366338,365471.0,False,
243405.0,365473.0,8.425451483045306,5.463071489334107,9.453000129972184,365473.0,False,
243407.0,365475.0,8.43775374548776,5.450654747372582,9.368630690801712,365475.0,False,
243409.0,365475.0,8.353410357520692,5.43982139314924,9.284226222265334,365475.0,False,
243411.0,365477.0,8.340357076554072,5.415714293434506,9.214285775593348,365477.0,False,
243413.0,365479.0,8.320118994939895,5.365780962081182,9.164576262519475,365479.0,False,
243415.0,365481.0,8.31272536232358,5.335666636058262,9.072904970532372,365481.0,False,
243417.0,365481.0,8.233539036342076,5.319263864698864,8.986926762262978,365481.0,False,
243419.0,365483.0,8.249666372934977,5.30379760378883,8.883344995407828,365483.0,False,
243421.0,365485.0,8.26268822806222,5.287571434747606,8.788023921421594,365485.0,False,
243423.0,365487.0,8.243715785798573,5.283130936395554,8.721512004307336,365487.0,False,
243425.0,365489.0,8.273135593959262,5.275404762086414,8.639952328091574,365487.0,False,
243427.0,365487.0,8.167700336092993,5.2583690597897474,8.591987905048189,365487.0,False,
243429.0,365487.0,8.142310233343215,5.230726187569754,8.540940475463865,365487.0,False,
243431.0,365487.0,8.10079815274193,5.199683514095488,8.479245042800903,365489.0,False,
243433.0,365489.0,8.166234493255615,5.16755945568993,8.46624986103603,365489.0,False,
243435.0,365489.0,8.10884278161185,5.143595234553019,8.422357338950746,365489.0,False,
243437.0,365491.0,8.114788895561581,5.163167310896373,8.335522930962698,365491.0,False,
243439.0,365493.0,8.090446449461437,5.152114325477964,8.294314155124482,365493.0,False,
243441.0,365495.0,8.082844552539644,5.133972013564335,8.228766005379816,365495.0,False,
243443.0,365495.0,8.013368901752289,5.111154774257114,8.148845454624718,365495.0,False,
243445.0,365495.0,7.9712577774411155,5.079911465871901,8.030088372457595,365495.0,False,
243447.0,365497.0,8.031270776476179,5.042988114129928,7.896654655819848,365497.0,False,
243449.0,365497.0,7.989404859996976,5.0219523656935925,7.762214242844354,365497.0,False,
243451.0,365497.0,7.933404650006974,5.00734520639692,7.619678354263307,365497.0,False,
243453.0,365499.0,7.966127736227852,5.004047603834244,7.454523693947563,365499.0,False,
243455.0,365499.0,7.9019860313052215,5.003142904099963,7.329714409510295,365499.0,False,
243457.0,365501.0,7.947370778946649,5.00958381266821,7.204106763431002,365501.0,False,
243459.0,365503.0,7.957406543550037,5.021821444375174,7.099250280289423,365503.0,False,
243461.0,365505.0,7.982173420134044,5.023440472284953,7.003464178811935,365505.0,False,
243463.0,365507.0,7.981591587974911,5.003678567068917,6.91132139478411,365505.0,False,
243465.0,365509.0,7.967445895785377,4.987690489632742,6.829333150954474,365505.0,False,
243467.0,365511.0,7.958571343194871,4.970904734021141,6.743500189554122,365505.0,False,
243469.0,365511.0,7.849999972752162,4.95401191938491,6.650273593266804,365505.0,False,
243471.0,365513.0,7.832169578188941,4.932202352796281,6.581249995458695,365505.0,False,
243473.0,365515.0,7.840053240458169,4.910904766264416,6.520404525030228,365505.0,False,
243475.0,365517.0,7.854190394991919,4.890690449305942,6.437761933462963,365505.0,False,
243477.0,365519.0,7.867897555941627,4.8744999681200305,6.354190678823564,365505.0,False,
243479.0,365519.0,7.7785357747759125,4.855797633670625,6.335154531115577,365505.0,False,
243481.0,365521.0,7.782827104840958,4.836309544245403,6.288214118140082,365505.0,False,
243483.0,365521.0,7.707189900534492,4.810047592435565,6.241499730518884,365505.0,False,
243485.0,365523.0,7.723976180666968,4.7887619132087345,6.1793331850142685,365505.0,False,
243487.0,365525.0,7.745259262266614,4.760964350473312,6.138916649137222,365505.0,False,
243489.0,365525.0,7.67217629296439,4.740333300545102,6.078475981666927,365505.0,False,
243491.0,365527.0,7.682846137455531,4.724988069988433,6.016083540235245,365505.0,False,
