from_epoch,to_epoch,basis,from_date,to_date,n,median_m,min_m,max_m,p10_m,p90_m,n_progradation,alongshore_slope_m_per_km,alongshore_r,frontage_span_m,frontage_lo_local_m,frontage_hi_local_m,years,rate_m_yr,min_rate_m_yr,nearest_median_m,withheld,withheld_reason,estimator,d060_published_m,d060_published_rate_m_yr,deviation_pct
1899,2006,pair_extent,1899-01-01,2006-01-01,115.0,66.97170820110675,19.613992990633903,127.6385370464458,50.01515295582206,115.18853212316623,0.0,12.536104732435701,0.4191595871999129,2852.7944618963807,-710.4348897878608,768.4282969522405,106.99794661190965,,,66.7796092226167,True,"floor test: 113 of 113 normals show retreat, none progradation; control test: control absent — no fixed-feature lines to measure; generalisation test: SHORE_GENERALISATION_TOLERANCE_M is unset (deliberately — set it from the measured bound)",signed_shore_normal_ray,,,
2006,2012,pair_extent,2006-01-01,2012-05-26,120.0,15.288822066807946,-6.205173032191008,41.912555903759646,7.180312603848038,35.633805526557325,4.0,1.5426689731907466,0.11609498918816061,2982.1804296819755,-701.9327512071017,768.4282969522405,6.398357289527721,,,15.252724576259599,True,"floor test: 113 of 113 normals show retreat, none progradation; control test: control absent — no fixed-feature lines to measure; generalisation test: SHORE_GENERALISATION_TOLERANCE_M is unset (deliberately — set it from the measured bound)",signed_shore_normal_ray,,,
2012,2020,pair_extent,2012-05-26,2020-04-24,117.0,31.18254212688857,-7.0445746478729845,55.91696531466156,20.915270810213052,43.37520373404424,2.0,3.3273054254942065,0.28913782880166,2903.946719083382,-701.9327512071017,796.4673369295867,7.912388774811773,,,31.098958695756856,True,"floor test: 113 of 113 normals show retreat, none progradation; control test: control absent — no fixed-feature lines to measure; generalisation test: SHORE_GENERALISATION_TOLERANCE_M is unset (deliberately — set it from the measured bound)",signed_shore_normal_ray,,,
2006,2020,pair_extent,2006-01-01,2020-04-24,119.0,48.145817481549955,5.866790611383274,81.07276372138054,32.82980631005193,67.60703528447675,0.0,6.5444263005995165,0.3784906934140305,2954.01476596413,-739.3634912311352,768.4282969522405,14.310746064339494,,,48.12789821849951,True,"floor test: 113 of 113 normals show retreat, none progradation; control test: control absent — no fixed-feature lines to measure; generalisation test: SHORE_GENERALISATION_TOLERANCE_M is unset (deliberately — set it from the measured bound)",signed_shore_normal_ray,,,
1899,2020,pair_extent,1899-01-01,2020-04-24,119.0,125.08945817752449,25.613039957898444,164.0720603722047,87.37719829179649,159.90851505773185,0.0,19.558121777069637,0.5487023905701255,2954.01476596413,-710.4348897878608,796.4673369295867,121.30869267624914,,,124.18913564118441,True,"floor test: 113 of 113 normals show retreat, none progradation; control test: control absent — no fixed-feature lines to measure; generalisation test: SHORE_GENERALISATION_TOLERANCE_M is unset (deliberately — set it from the measured bound)",signed_shore_normal_ray,,,
2006,2012,modern_common_frontage,2006-01-01,2012-05-26,120.0,15.288822066807946,-6.205173032191008,41.912555903759646,7.180312603848038,35.633805526557325,4.0,1.5426689731907466,0.11609498918816061,2982.1804296819755,-701.9327512071017,768.4282969522405,6.398357289527721,,,15.252724576259599,True,"floor test: 113 of 113 normals show retreat, none progradation; control test: control absent — no fixed-feature lines to measure; generalisation test: SHORE_GENERALISATION_TOLERANCE_M is unset (deliberately — set it from the measured bound)",signed_shore_normal_ray,,,
2012,2020,modern_common_frontage,2012-05-26,2020-04-24,113.0,31.315452529949493,-7.0445746478729845,55.91696531466156,21.517420382259264,43.913479247524926,2.0,3.979175365429322,0.3309092918167469,2803.810625321886,-701.9327512071017,768.4282969522405,7.912388774811773,,,31.303898247521424,True,"floor test: 113 of 113 normals show retreat, none progradation; control test: control absent — no fixed-feature lines to measure; generalisation test: SHORE_GENERALISATION_TOLERANCE_M is unset (deliberately — set it from the measured bound)",signed_shore_normal_ray,,,
2006,2020,modern_common_frontage,2006-01-01,2020-04-24,113.0,49.03108440781822,24.7957899868299,81.07276372138054,34.98069456304778,68.01995013388944,0.0,3.4850233463643736,0.22277023416909147,2803.810625321886,-701.9327512071017,768.4282969522405,14.310746064339494,,,48.81084368861618,True,"floor test: 113 of 113 normals show retreat, none progradation; control test: control absent — no fixed-feature lines to measure; generalisation test: SHORE_GENERALISATION_TOLERANCE_M is unset (deliberately — set it from the measured bound)",signed_shore_normal_ray,,,
1899,2015,d060_regression_unrestricted,1899-01-01,2015-01-01,,74.2474445153112,,,,,,,,,,,116.0,0.640064176856131,,,False,,signed_shore_normal_ray,75.2,0.65,1.2666961232563847
