Cluster,lambda,b1,b2,b3,r2_onestep,nse_iterative
C1,0.0,1.870293909893211,5.125302500017343,0.32986378896553104,0.7008041441235935,0.7529341189919895
C1,0.05,1.9065176096519623,5.232835005320437,0.31779741007103457,0.7025721264060354,0.7548300018192766
C1,0.1,1.9423603875404352,5.340217957040437,0.3057563988090336,0.7041370013408792,0.7564444357462079
C1,0.15,1.9778014836569553,5.447437786458439,0.2937559199030899,0.7055074243134861,0.7578012923925018
C1,0.2,2.0128222197562327,5.554481257346172,0.2818099245748486,0.7066917872080727,0.7589205200009721
C1,0.25,2.0474058455781963,5.661335266249937,0.2699312097475556,0.7076982006751156,0.7598156900393486
C1,0.3,2.0815373907375596,5.767986665211866,0.25813147867957276,0.7085344812130228,0.760503302316226
C1,0.35,2.115203523147981,5.874422106491112,0.24642140214122585,0.7092081425319425,0.7609960036612333
C1,0.4,2.1483924147032636,5.980627908633071,0.2348106793833143,0.7097263906908668,0.7613048573836367
C1,0.45,2.1810936147163043,6.086589943063842,0.22330809826989773,0.7100961225271114,0.7614396055608229
C1,0.5,2.213297931425471,6.192293540256234,0.21192159406117023,0.710323926928321,0.7614088698576557
C1,0.55,2.2449973217139645,6.297723414415966,0.2006583064339997,0.7104160885301243,0.7612203032639925
C1,0.6,2.276184789050043,6.402863605568724,0.18952463441833647,0.7103785934564015,0.7608807028271616
C1,0.65,2.3068542895410267,6.507697437884953,0.1785262890074234,0.7102171367530234,0.7603960914571622
C1,0.7,2.337000645901468,6.61220749305642,0.16766834326926644,0.7099371311991862,0.7597717751803702
C1,0.75,2.3666194690609883,6.716375597532666,0.15695527984668742,0.709543717212651,0.7590123807869894
C1,0.8,2.3957070870792103,6.8201828224329955,0.14639103578435003,0.709041773595888,0.7581218776265011
C1,0.85,2.42426048099337,6.923609494969117,0.13597904466411953,0.7084359288991033,0.7571035863194951
C1,0.9,2.452277227191724,7.026635220240527,0.12572227606585135,0.7077305732032146,0.7559583694772559
C1,0.95,2.4797554458878324,7.129238912299792,0.1156232723998646,0.7069298701509479,0.7546819801588956
C1,1.0,2.50669375525868,7.23139883342386,0.10568418318090056,0.706037769077337,0.7532803390821761
C1,1.05,2.5330912308075457,7.333092640571154,0.09590679683169716,0.7050580171120271,0.7517535904848043
C1,1.1,2.55894736951476,7.434297438049745,0.08629257011841251,0.7039941711449706,0.750101226967158
C1,1.15,2.5842620583485942,7.534989835469888,0.07684265533033857,0.7028496095644354,0.7483220896310772
C1,1.2,2.6090355467208015,7.635146010102311,0.06755792532332795,0.7016275436918231,0.7464143672587292
C1,1.25,2.6332684224866094,7.73474177281341,0.05843899655067178,0.7003310288517152,0.7443755950393862
C1,1.3,2.656961591107745,7.833752636797115,0.049486250207073645,0.6989629750279589,0.7422026532865477
C1,1.35,2.680116257617077,7.932153888372406,0.04069985161143775,0.6975261570675669,0.7398917665483802
C1,1.4,2.7027339110440223,8.029920659163711,0.03207976795264816,0.6960232244038749,0.7374385034960278
C1,1.45,2.7248163109829906,8.127027999029286,0.02362578451975987,0.6944567102788664,0.7348377779733613
C1,1.5,2.7463654760091707,8.223450949149218,0.015337519534213011,0.6928290404519739,0.7320838516065022
C1,1.55,2.767383673668374,8.319164614731017,0.0072144376971412655,0.6911425413890597,0.7291703384009234
C1,1.6,2.787873411791006,8.414144236835185,-0.000744137440326139,0.6893994479308104,
C1,1.65,2.807837430900722,8.50836526286745,-0.008539012181362562,0.6876019104445018,
C1,1.7,2.8272786975120807,8.601803415326742,-0.016171112365850122,0.685752001467099,
C1,1.75,2.846200398129719,8.694434758439495,-0.023641473940316092,0.6838517218510267,
C1,1.8,2.8646059337836642,8.786235762351236,-0.03095123433087659,0.6819030064267491,
C1,1.85,2.882498914953277,8.877183364585479,-0.03810162454073766,0.6799077291985833,
C1,1.9,2.899883156750331,8.967255028517332,-0.04509396189964561,0.6778677080920186,
C1,1.95,2.916762674249661,9.0564287986458,-0.051929643398540726,0.6757847092722427,
C1,2.0,2.933141677870507,9.144683352483444,-0.058610139548210385,0.6736604510546749,
C1,2.05,2.9490245687278245,9.23199804891566,-0.06513698870614193,0.6714966074290653,
C1,2.1,2.964415933885499,9.318352972913306,-0.07151179182089351,0.6692948112192288,
C1,2.15,2.979320541457132,9.403728976513179,-0.07773620754819008,0.6670566569007321,
C1,2.2,2.9937433355111414,9.488107716009068,-0.08381194769749101,0.6647837030989018,
C1,2.25,3.0076894307477238,9.571471685323276,-0.08974077297213436,0.6624774747893857,
C1,2.3,3.0211641069249655,9.653804245553902,-0.09552448897019339,0.6601394652232014,
C1,2.35,3.0341728030200605,9.735089650716402,-0.10116494241680697,0.6577711375977797,
C1,2.4,3.046721111118978,9.81531306972007,-0.10666401760236548,0.6553739264949604,
C1,2.45,3.0588147700357275,9.89446060463992,-0.11202363300396422,0.6529492391062575,
C1,2.5,3.070459658666631,9.972519305362741,-0.11724573807050336,0.6504984562649845,
C1,2.55,3.081661789092161,10.049477180702608,-0.12233231015444586,0.6480229333040426,
C1,2.6,3.092427299441927,10.125323206095914,-0.12728535157568885,0.6455240007573273,
C1,2.65,3.1027624465422714,10.2000473279988,-0.13210688680504157,0.6430029649218348,
C1,2.7,3.112673598369799,10.27364046512156,-0.13679895975688083,0.6404611082966292,
C1,2.75,3.122167226335082,10.34609450664373,-0.14136363118216988,0.6378996899139091,
C1,2.8,3.131249897424189,10.417402307562286,-0.14580297615458276,0.6353199455764664,
C1,2.85,3.139928266225774,10.48755768133116,-0.15011908164384355,0.6327230880148909,
C1,2.9,3.1482090668727274,10.556555389956202,-0.1543140441714771,0.6301103069769345,
C1,2.95,3.156099104927808,10.624391131712326,-0.15838996754523124,0.6274827692605278,
C1,3.0,3.1636052492428526,10.691061526653144,-0.16234896066928298,0.6248416187010255,
C1,3.05,3.1707344238200568,10.75656410008317,-0.16619313542799846,0.6221879761223785,
C1,3.1,3.177493599704183,10.82089726416388,-0.16992460464173592,0.6195229392610615,
C1,3.15,3.1838897869328275,10.884060297822547,-0.1735454800935056,0.6168475826707593,
C1,3.2,3.1899300265714396,10.946053325131945,-0.17705787062586048,0.6141629576150127,
C1,3.25,3.1956213828573587,11.006877292324727,-0.18046388030756244,0.6114700919542616,
C1,3.3,3.2009709354776508,11.066533943603744,-0.18376560666989145,0.6087699900329935,
C1,3.35,3.205985772001486,11.125025795903912,-0.18696513901250508,0.6060636325720195,
C1,3.4,3.210672980488095,11.182356112757239,-0.19006455677899597,0.6033519765702458,
C1,3.45,3.215039642288666,11.238528877406084,-0.19306592800222006,0.6006359552196998,
C1,3.5,3.2190928250589397,11.293548765304138,-0.19597130781950145,0.5979164778369999,
C1,3.55,3.2228395759977184,11.34742111613819,-0.1987827370578559,0.5951944298139238,
C1,3.6,3.226286915323512,11.400151905496624,-0.2015022408891534,0.5924706725892439,
C1,3.65,3.229441830002825,11.451747716304027,-0.2041318275552661,0.5897460436435398,
C1,3.7,3.2323112677371233,11.502215710134134,-0.20667348716290726,0.5870213565182878,
C1,3.75,3.2349021312183073,11.55156359850583,-0.2091291905479291,0.5842974008601467,
C1,3.8,3.2372212726585667,11.599799614260014,-0.21150088820861435,0.5815749424910184,
C1,3.85,3.239275488598836,11.646932483107829,-0.21379050930738716,0.5788547235041496,
C1,3.9,3.241071514999984,11.692971395433752,-0.21599996074026528,0.5761374623862753,
C1,3.95,3.242616022617387,11.737925978429281,-0.2181311262731009,0.5734238541655452,
C1,4.0,3.243915612660788,11.781806268627381,-0.2201858657437365,0.5707145705847765,
C1,4.05,3.2449768127377734,11.824622684899865,-0.22216601432885902,0.568010260299373,
C1,4.1,3.2458060730786595,11.866386001974103,-0.22407338187430687,0.5653115490991045,
C1,4.15,3.2464097630412843,11.907107324518869,-0.22590975228749358,0.5626190401527917,
C1,4.2,3.246794167890161,11.946798061843303,-0.2276768829903858,0.5599333142748328,
C1,4.25,3.2469654858459807,11.985469903247049,-0.22937650443150104,0.5572549302124195,
C1,4.3,3.246929825400174,12.023134794054457,-0.23101031965521002,0.5545844249522045,
C1,4.35,3.246693202887559,12.0598049123597,-0.23258000392657224,0.5519223140451381,
C1,4.4,3.2462615403106385,12.095492646506372,-0.23408720440988073,0.5492690919481427,
C1,4.45,3.2456406634077184,12.130210573318625,-0.2355335398989833,0.5466252323812735,
C1,4.5,3.2448362999577585,12.163971437097919,-0.23692060059744696,0.5439911886989968,
C1,4.55,3.24385407831289,12.196788129395333,-0.23824994794658425,0.5413673942742174,
C1,4.6,3.242699526150198,12.228673669564962,-0.239523114499277,0.5387542628936977,
C1,4.65,3.241378069434901,12.25964118610122,-0.24074160383765095,0.5361521891635246,
C1,4.7,3.2398950315838047,12.289703898759614,-0.24190689053231174,0.5335615489233101,
C1,4.75,3.2382556328228054,12.318875101457289,-0.2430204201414515,0.530982699667843,
C1,4.8,3.23646498972689,12.347168145947625,-0.2440836092474231,0.5284159809749451,
C1,4.85,3.2345281149345633,12.3745964262603,-0.24509784552895025,0.5258617149383336,
C1,4.9,3.2324499170272496,12.401173363896662,-0.24606448786688942,0.5233202066043325,
C1,4.95,3.230235200565062,12.42691239376783,-0.24698486648155105,0.5207917444113328,
C1,5.0,3.2278886662686785,12.451826950861621,-0.2478602830996275,0.5182766006309473,
C1,5.05,3.2254149113402084,12.475930457623372,-0.2486920111488159,0.5157750318098656,
C1,5.1,3.222818429912874,12.499236312033153,-0.24948129597823987,0.5132872792114702,
C1,5.15,3.2201036136216903,12.521757876362587,-0.2502293551028669,0.5108135692563261,
C1,5.2,3.217274752286694,12.54350846659203,-0.2509373784700641,0.5083541139607215,
C1,5.25,3.214336034700745,12.564501342469578,-0.2516065287467114,0.505909111372485,
C1,5.3,3.2112915495137457,12.584749698190837,-0.25223794162501656,0.5034787460033681,
C1,5.35,3.208145286206178,12.604266653680686,-0.2528327261455454,0.5010631892573303,
C1,5.4,3.204901136144084,12.623065246454775,-0.25339196503586564,0.4986625998541244,
C1,5.45,3.2015628937088287,12.641158424041507,-0.2539167150633349,0.4962771242476257,
C1,5.5,3.198134257494906,12.658559036942217,-0.25440800740051533,0.4939068970384064,
C1,5.55,3.194618831568887,12.675279832109432,-0.2548668480019695,0.49155204138009767,
C1,5.6,3.1910201267838527,12.691333446922147,-0.2552942179910248,0.4892126693791399,
C1,5.65,3.187341562142965,12.706732403637172,-0.2556910740552747,0.48688888248755313,
C1,5.7,3.1835864662067985,12.721489104296692,-0.2560583488497103,0.4845807718884182,
C1,5.75,3.1797580785391393,12.735615826071054,-0.25639695140619273,0.4822884188737858,
C1,5.8,3.1758595511855345,12.749124717017363,-0.2567077675483786,0.4800118952147818,
C1,5.85,3.171893950180956,12.762027792234523,-0.2569916603109682,0.47775126352370545,
C1,5.9,3.167864257081121,12.774336930395744,-0.25724947036237317,0.4755065776079572,
C1,5.95,3.1637733705133835,12.786063870639063,-0.2574820164298831,0.4732778828156615,
C1,6.0,3.1596241077435767,12.797220209798976,-0.25769009572653934,0.47106521637288423,
C2,0.0,1.7732500421215014,4.722582718015293,0.2087176079916504,0.63001225669193,0.683046616442295
C2,0.05,1.8084898247213013,4.836629614674884,0.19854040292986336,0.6289516732060092,0.6832608548604845
C2,0.1,1.8432668200518678,4.9507883341459715,0.18843103786526993,0.6276918856105194,0.6831505208973243
C2,0.15,1.8775516707104662,5.065035617122259,0.17840297305601288,0.6262450183129715,0.682771640011598
C2,0.2,1.9113179958678952,5.179349021435435,0.1684684209317141,0.6246227185700591,0.6821695078190732
C2,0.25,1.944542203635569,5.293706676547677,0.15863841023331943,0.6228361417666974,0.6813807812320605
C2,0.3,1.9772033061106402,5.4080870612509475,0.1489228518489367,0.6208959431727626,0.6804351005590492
C2,0.35,2.0092827390708425,5.522468804928227,0.1393306052972275,0.6188122753305431,0.6793563439351903
C2,0.4,2.040764187882201,5.63683051234757,0.12986954497384312,0.6165947902760155,0.6781635952417798
C2,0.45,2.0716334208164855,5.751150611639751,0.12054662542768557,0.6142526458533782,0.6768718897369189
C2,0.5,2.1018781306535157,5.865407224847717,0.1113679450714099,0.6117945154422388,0.6754927878061594
C2,0.55,2.1314877851620717,5.979578060225725,0.10233880785403997,0.6092286004783853,0.6740348161799512
C2,0.6,2.1604534868126573,6.0936403253013225,0.09346378253302232,0.6065626452104707,0.6725038072230111
C2,0.65,2.1887678418712446,6.207570659588869,0.08474675927880942,0.6038039531949211,0.6709031600628184
C2,0.7,2.2164248388538734,6.3213450857529185,0.07619100342792101,0.6009594050889432,0.6692340420207996
C2,0.75,2.243419736183947,6.434938977959067,0.06779920627111466,0.5980354773559597,0.6674955447265656
C2,0.8,2.269748958781913,6.548327046113723,0.05957353282296664,0.5950382615486749,0.665684806173792
C2,0.85,2.2954100032323175,6.66148333467801,0.051515666568642926,0.5919734838819792,0.6637971076062059
C2,0.9,2.32040135110761,6.77438123474311,0.04362685122412231,0.588846524850911,0.6618259523350656
C2,0.95,2.344722389981105,6.886993508068333,0.03590792957862545,0.5856624386879227,0.6597631322519235
C2,1.0,2.3683733416325827,6.9992923218095555,0.028359379513394675,0.5824259724887972,0.657598786806409
C2,1.05,2.391355196930622,7.111249292700426,0.02098134731033485,0.5791415848679107,0.6553214584842062
C2,1.1,2.4136696568713636,7.22283553948991,0.01377367837806937,0.5758134640313204,0.6529180808660843
C2,1.15,2.435319079255901,7.334021742486561,0.0067359455326124005,0.5724455451806223,0.6503529115852444
C2,1.2,2.4563064304983886,7.444778209110728,-0.00013252502430570294,0.5690415271818814,
C2,1.25,2.4766352420739155,7.555074944409014,-0.0068326298834592136,0.5656048884525081,
C2,1.3,2.496309571136022,7.6648817255414645,-0.013365466616949026,0.5621389020349121,
C2,1.35,2.515333964857456,7.774168179307873,-0.01973231383355871,0.5586466498394329,
C2,1.4,2.5337134280752203,7.882903861838193,-0.025934612960131588,0.5551310360506153,
C2,1.45,2.551453393848747,7.991058339629091,-0.03197395161327755,0.5515947997006074,
C2,1.5,2.5685596965690936,8.098601271167023,-0.03785204843151797,0.548040526421522,
C2,1.55,2.5850385472880464,8.205502488435403,-0.043570739244442644,0.5444706593952103,
C2,1.6,2.6008965109631097,8.311732077660343,-0.04913196446242339,0.5408875095242173,
C2,1.65,2.616140485345527,8.417260458705664,-0.05453775757763025,0.5372932648518971,
C2,1.7,2.6307776812655965,8.52205846258255,-0.05979023467453219,0.5336899992629056,
C2,1.75,2.644815604096209,8.626097406593408,-0.06489158485529976,0.5300796804976649,
C2,1.8,2.6582620362024323,8.729349166681791,-0.06984406149293929,0.5264641775160752,
C2,1.85,2.6711250202080916,8.831786246611475,-0.07464997423190807,0.5228452672467792,
C2,1.9,2.6834128429343456,8.933381843647151,-0.07931168166291111,0.5192246407588028,
C2,1.95,2.6951340198855407,9.034109910457044,-0.08383158460503966,0.515603908892463,
C2,2.0,2.706297280178031,9.133945213003596,-0.08821211993460154,0.5119846073861122,
C2,2.05,2.7169115518256763,9.232863384232331,-0.09245575490592298,0.5083682015346794,
C2,2.1,2.7269859473115408,9.330840973411107,-0.0965649819147903,0.5047560904150717,
C2,2.15,2.7365297493909795,9.427855491011513,-0.1005423136603335,0.5011496107124207,
C2,2.2,2.745552397084909,9.523885449061765,-0.10439027866591966,0.49755004017989934,
C2,2.25,2.754063471832417,9.618910396935853,-0.10811141712391381,0.4939586007634471,
C2,2.3,2.7620726837843113,9.7129109525764,-0.11170827703319525,0.4903764614212708,
C2,2.35,2.769589858226798,9.805868829179246,-0.1151834106019714,0.4868047406664253,
C2,2.4,2.7766249221331094,9.897766857395851,-0.1185393708916713,0.4832445088592018,
C2,2.45,2.7831878908472456,9.98858900313506,-0.12177870868075329,0.4796967902744216,
C2,2.5,2.7892888549098283,10.078320381069087,-0.12490396952987745,0.47616256496712583,
C2,2.55,2.794937967039355,10.16694726396926,-0.1279176910323053,0.4726427704585293,
C2,2.6,2.800145429288073,10.254457088015215,-0.13082240023551386,0.4691383032625309,
C2,2.65,2.8049214803914992,10.340838454237481,-0.1336206112218617,0.46565002027151436,
C2,2.7,2.8092763833349057,10.4260811262664,-0.13631482283782553,0.4621787400186673,
C2,2.75,2.8132204131592493,10.51017602457313,-0.13890751656261546,0.4587252438325884,
C2,2.8,2.8167638450315238,10.593115217395782,-0.14140115450849097,0.4552902768985525,
C2,2.85,2.8199169426028803,10.67489190855278,-0.14379817754583576,0.4518745492394668,
C2,2.9,2.822689946678765,10.755500422350107,-0.14610100354717862,0.4484787366282724,
C2,2.95,2.825093064222507,10.83493618579218,-0.1483120257450123,0.44510348144234935,
C2,3.0,2.8271364577155476,10.91319570830898,-0.15043361119889198,0.44174939346933795,
C2,3.05,2.8288302348920307,10.990276559210887,-0.1524680993678763,0.4384170506727336,
C2,3.1,2.830184438868563,11.06617734308287,-0.15441780078470024,0.4351069999246088,
C2,3.15,2.831209038683059,11.140897673325824,-0.1562849958285221,0.4318197577118976,
C2,3.2,2.831913920258131,11.21443814405,-0.15807193359319807,0.42855581082182226,
C2,3.25,2.832308877800842,11.28680030052002,-0.15978083084841704,0.42531561701124465,
C2,3.3,2.832403605648995,11.357986608345783,-0.16141387109096517,0.4220996056640224,
C2,3.35,2.832207690570694,11.428000421606285,-0.16297320368369633,0.4189081784397636,
C2,3.4,2.8317306045242354,11.496845950086778,-0.16446094307966858,0.4157417099168028,
C2,3.45,2.8309816978803477,11.564528225801318,-0.16587916812904013,0.4126005482316617,
C2,3.5,2.829970193108644,11.631053068965002,-0.167229921466314,0.4094850157167851,
C2,3.55,2.828705178927753,11.696427053570531,-0.1685152089754451,0.4063954095379053,
C2,3.6,2.827195604916182,11.76065747271607,-0.16973699933041608,0.40333200233200883,
C2,3.65,2.825450276579759,11.823752303821038,-0.17089722360870885,0.4002950428465376,
C2,3.7,2.823477850869488,11.885720173858259,-0.17199777497521904,0.39728475658017537,
C2,3.75,2.8212868321424267,11.946570324720623,-0.17304050843397356,0.3943013464253008,
C2,3.8,2.8188855685561434,12.006312578832276,-0.17402724064510322,0.39134499331198636,
C2,3.85,2.8162822488871075,12.064957305104581,-0.1749597498043931,0.38841585685323654,
C2,3.9,2.813484899761207,12.122515385328086,-0.17583977558271874,0.38551407599099885,
C2,3.95,2.810501383283837,12.178998181084108,-0.1766690191227488,0.3826397696423759,
C2,4.0,2.8073393950570202,12.234417501249503,-0.1774491430900837,0.37979303734535064,
C2,4.05,2.804006462568343,12.288785570161242,-0.17818177177620226,0.37697395990327687,
C2,4.1,2.8005099439387022,12.342114996499761,-0.17886849125046284,0.37418260002732695,
C2,4.15,2.796857027011815,12.394418742941028,-0.17951084955838098,0.3714190029760541,
C2,4.2,2.793054728771705,12.445710096622093,-0.1801103569635588,0.3686831971912071,
C2,4.25,2.7891098950713324,12.496002640456899,-0.18066848623053544,0.36597519492893194,
C2,4.3,2.785029200656828,12.545310225333296,-0.181186672945915,0.3632949928854998,
C2,4.35,2.78081914947124,12.593646943215923,-0.1816663158751538,0.36064257281671874,
C2,4.4,2.776486075221534,12.641027101174432,-0.18210877735246456,0.3580179021502099,
C2,4.45,2.772036142193466,12.687465196351244,-0.18251538370127168,0.3554209345897701,
C2,4.5,2.767475346297495,12.732975891877684,-0.18288742568282382,0.35285161071107063,
C2,4.55,2.762809516331708,12.777573993744056,-0.18322615897051583,0.3503098585479977,
C2,4.6,2.758044315444644,12.821274428624317,-0.183532804647622,0.34779559416897854,
C2,4.65,2.7531852427848222,12.8640922226519,-0.18380854972618665,0.34530872224269504,
C2,4.7,2.748237635320684,12.906042481141736,-0.18405454768493004,0.34284913659263305,
C2,4.75,2.7432066698185418,12.947140369248235,-0.18427191902399317,0.34041672073997364,
C2,4.8,2.738097364963044,12.987401093548112,-0.18446175183459987,0.3380113484343833,
C2,4.85,2.7329145836083057,13.026839884532944,-0.18462510238165128,0.3356328841723194,
C2,4.9,2.7276630351456452,13.065471979996186,-0.18476299569745164,0.3332811837025065,
C2,4.95,2.7223472779773648,13.103312609295722,-0.18487642618478833,0.3309560945183132,
C2,5.0,2.7169717220826053,13.140376978471929,-0.18496635822766783,0.32865745633678656,
C2,5.05,2.711540631666316,13.176680256201106,-0.18503372680820826,0.3263851015641641,
C2,5.1,2.7060581278786815,13.212237560560776,-0.18507943812811628,0.3241388557477273,
C2,5.15,2.700528191596353,13.247063946584664,-0.18510437023335774,0.32191853801390224,
C2,5.2,2.6949546662552204,13.281174394582685,-0.18510937364074118,0.31972396149255644,
C2,5.25,2.689341260725201,13.314583799201445,-0.1850952719650787,0.31755493372748056,
C2,5.3,2.683691552219666,13.347306959201335,-0.18506286254589055,0.3154112570730826,
C2,5.35,2.6780089892298387,13.37935856792281,-0.18501291707241443,0.31329272907735295,
C2,5.4,2.6722968944786896,13.41075320441942,-0.18494618220607337,0.3111991428511953,
C2,5.45,2.6665584678849426,13.441505325229357,-0.1848633801993187,0.3091302874242431,
C2,5.5,2.6607967895323927,13.471629256762043,-0.18476520951012873,0.3070859480873106,
C2,5.55,2.655014822637879,13.501139188274209,-0.18465234541124909,0.30506590672165523,
C2,5.6,2.649215416511701,13.530049165410265,-0.1845254405935233,0.30306994211524274,
C2,5.65,2.6434013095060074,13.558373084282628,-0.18438512576264515,0.3010978302662318,
C2,5.7,2.6375751319459195,13.586124686068036,-0.18423201022869773,0.29914934467391374,
C2,5.75,2.6317394090389707,13.61331755209621,-0.1840666824879782,0.2972242566173513,
C2,5.8,2.625896563759386,13.639965099407299,-0.18388971079659389,0.2953223354219814,
C2,5.85,2.6200489197018957,13.666080576756034,-0.18370164373541198,0.2934433487144562,
C2,5.9,2.6141987039043006,13.691677061040046,-0.18350301076596648,0.29158706266600143,
C2,5.95,2.608348049633208,13.716767454131581,-0.18329432277701044,0.28975324222458754,
C2,6.0,2.602498999131876,13.74136448009104,-0.1830760726213967,0.28794165133620997,
C3,0.0,1.2471839323932405,3.8063882152895916,0.11992476936792792,0.5754816153433249,0.582405039283977
C3,0.05,1.2711663095776364,3.9860129387254126,0.11534228497840524,0.5759587656263434,0.5928536866984884
C3,0.1,1.29567242833076,4.169222997044582,0.11058713977468015,0.5760075081114092,0.6007731607010374
C3,0.15,1.3206018252023197,4.355929734455248,0.10568254597071695,0.5756464357499729,0.6067446204472113
C3,0.2,1.3458571424303147,4.546054884969248,0.10065124581818417,0.5748954838172331,0.6111989258429693
C3,0.25,1.371344864685332,4.7395312638260805,0.09551531710527855,0.5737756187215701,0.6144589935717722
C3,0.3,1.3969759270275088,4.936303229233696,0.09029600758590857,0.5723085418616723,0.6167690755530371
C3,0.35,1.4226661964050136,5.1363269313782,0.08501359842840331,0.5705164129401317,0.6183153132110937
C3,0.4,1.4483368321417969,5.339570369245548,0.07968729597425717,0.5684215960260774,0.6192403810714164
C3,0.45,1.473914533314702,5.546013278149785,0.07433515044365624,0.5660464305992478,0.61965405947822
C3,0.5,1.4993316827354652,5.755646872085431,0.06897399971862167,0.5634130288386299,0.6196409576318698
C3,0.55,1.5245263984455801,5.968473465260702,0.06361943597137577,0.5605430995642673,0.6192662111494844
C3,0.6,1.5494425042889994,6.184505996592204,0.0582857926738863,0.5574577985146429,0.618579720044744
C3,0.65,1.5740294313007865,6.403767479719527,0.052986149409436065,0.5541776040490117,0.617619322244618
C3,0.7,1.5982420614402228,6.626290399400772,0.04773235189084207,0.5507222169017507,0.6164131829012433
C3,0.75,1.6220405246760907,6.852116073128413,0.042535044654145024,0.5471104822763725,0.6149816011549568
C3,0.8,1.6453899596842958,7.081293994598662,0.0374037140232518,0.5433603323385927,0.6133383813030688
C3,0.85,1.6682602475139343,7.313881173388462,0.032346739112925696,0.5394887470367501,0.6114918766604099
C3,0.9,1.6906257265820526,7.549941482939017,0.027371448839853728,0.5355117311288522,0.6094457866754652
C3,0.95,1.71246489632097,7.7895450267800115,0.022484183130746342,0.5314443053133999,0.6071997677475844
C3,1.0,1.7337601157675735,8.03276753091297,0.01769035674226844,0.5273005094314698,0.6047499034417192
C3,1.05,1.7544973023883148,8.279689768430506,0.012994524330815566,0.5230934158170237,0.6020890688984117
C3,1.1,1.7746656354930868,8.53039702081123,0.008400445624755785,0.5188351510093598,0.5992072161380735
C3,1.15,1.7942572677317001,8.784978578893096,0.003911149752513891,0.514536924195915,0.5960916009227115
C3,1.2,1.8132670473882773,9.043527285303618,-0.0004710020358052996,0.5102090609169494,
C3,1.25,1.831692253503491,9.306139119087529,-0.004744255850069599,0.5058610407292425,
C3,1.3,1.8495323452580357,9.572912822426893,-0.008907407295347409,0.5015015376885723,
C3,1.35,1.8667887265409902,9.843949568663131,-0.012959746583726733,0.49713846266656214,
C3,1.4,1.883464526199643,10.119352670295505,-0.016901006836917677,0.4927790066637001,
C3,1.45,1.899564394116494,10.399227325226615,-0.020731315702208167,0.4884296844151914,
C3,1.5,1.9150943129730231,10.68368039923218,-0.024451150328553967,0.48409637770879566,
C3,1.55,1.9300614253386712,10.97282024243302,-0.028061295688236936,0.47978437794354145,
C3,1.6,1.9444738755502478,11.266756537430807,-0.0315628061805857,0.4754984275553107,
C3,1.65,1.9583406657227838,11.565600176710237,-0.03495697041664381,0.47124276002015864,
C3,1.7,1.9716715251427603,11.86946316691263,-0.038245279055325654,0.4670211382196007,
C3,1.75,1.9844767922413418,12.178458557618011,-0.04142939554154322,0.4628368910147759,
C3,1.8,1.9967673083120607,12.492700392348443,-0.04451112958321157,0.45869294792933024,
C3,1.85,2.008554322131397,12.81230367959077,-0.047492413196376176,0.45459187188502437,
C3,1.9,2.0198494046455484,13.137384381752387,-0.050375279144215766,0.4505358899704226,
C3,1.95,2.030664372909107,13.468059420078227,-0.053161841596002304,0.44652692225251345,
C3,2.0,2.0410112224902583,13.804446693686861,-0.05585427883515186,0.44256660866461206,
C3,2.05,2.0509020675936007,14.146665111010602,-0.058454817850750365,0.4386563340222466,
C3,2.1,2.0603490881951463,14.494834632055559,-0.0609657206536364,0.4347972512326702,
C3,2.15,2.069364483524634,14.849076320023123,-0.06338927216607397,0.4309903027738504,
C3,2.2,2.0779604312808573,15.209512400960133,-0.06572776954269971,0.42723624052588194,
C3,2.25,2.0861490520069426,15.576266330221497,-0.06798351278925777,0.4235356440422571,
C3,2.3,2.0939423781019455,15.949462864644886,-0.07015879655507792,0.419888937350811,
C3,2.35,2.1013523269844816,16.32922813944178,-0.07225590298413596,0.4162964043748091,
C3,2.4,2.108390677971724,16.715689748913917,-0.07427709551859851,0.41275820306392386,
C3,2.45,2.1150690524720783,17.10897683019296,-0.07622461355745795,0.4092743783230627,
C3,2.5,2.121398897130017,17.50922014929533,-0.07810066788101849,0.4058448738243877,
C3,2.55,2.1273914695954943,17.91655218886259,-0.07990743675986138,0.402469542784637,
C3,2.6,2.133057826625243,18.331107237032043,-0.08164706267440547,0.39914815778619694,
C3,2.65,2.1384088142486792,18.753021476956004,-0.08332164957789316,0.39588041971640087,
C3,2.7,2.143455059762471,19.182433076549373,-0.0849332606421403,0.3926659658954119,
C3,2.75,2.148206965342321,19.619482278103117,-0.08648391643128184,0.3895043774588083,
C3,2.8,2.152674703081163,20.064311487458877,-0.0879755934541452,0.386395186056796,
C3,2.85,2.1568682112849467,20.517065362483876,-0.08941022305093542,0.38333787992778967,
C3,2.9,2.16079719187743,20.97789090063482,-0.09078969057439276,0.38033190940005646,
C3,2.95,2.164471108777926,21.44693752543589,-0.09211583482976951,0.3773766918711906,
C3,3.0,2.1678991871358138,21.924357171734865,-0.09339044774173025,0.37447161631142856,
C3,3.05,2.1710904133147464,22.410304369633167,-0.0946152742197085,0.37161604733323206,
C3,3.1,2.174053535533922,22.904936327017076,-0.09579201219622178,0.36880932886618933,
C3,3.15,2.176797065084494,23.40841301064023,-0.09692231281556588,0.36605078747308084,
C3,3.2,2.1793292780470566,23.92089722573592,-0.09800778075268907,0.36333973533997665,
C3,3.25,2.1816582174457055,24.442554694154104,-0.09904997464436088,0.3606754729704351,
C3,3.3,2.183791695780261,24.973554131039997,-0.10005040761661974,0.3580572916112742,
C3,3.35,2.185737297888873,25.5140673200848,-0.10101054789453981,0.35548447543497663,
C3,3.4,2.187502384091655,26.064269187395677,-0.10193181948163693,0.35295630350156215,
C3,3.45,2.189094093578312,26.624337874041338,-0.10281560289781425,0.35047205152070027,
C3,3.5,2.190519348004249,27.194454807342535,-0.10366323596632672,0.3480309934329513,
C3,3.55,2.19178485526127,27.7748047709846,-0.10447601464067385,0.34563240282727703,
C3,3.6,2.192897113397324,28.36557597403586,-0.10525519386395565,0.34327555421037736,
C3,3.65,2.1938624146599253,28.966960118962607,-0.10600198845408937,0.3409597241419514,
C3,3.7,2.194686849638651,29.579152468735728,-0.1067175740086003,0.3386841922486501,
C3,3.75,2.195376311490122,30.20235191312752,-0.107403087824025,0.33644824212827806,
C3,3.8,2.1959365002249616,30.836761034299982,-0.10805962982508863,0.33425116215469997,
C3,3.85,2.196372927043426,31.482586171787272,-0.10868826349981986,0.33209224619290034,
C3,3.9,2.196690918701842,32.14003748697707,-0.10929001683682239,0.32997079423274367,
C3,3.95,2.1968956219014877,32.80932902719391,-0.10986588326181347,0.3278861129491497,
C3,4.0,2.1969920076826956,33.490678789488754,-0.110416822570469,0.32583751619565626,
C3,4.05,2.1969848758202404,34.18430878423752,-0.11094376185542774,0.32382432543766726,
C3,4.1,2.1968788592074304,34.89044509864962,-0.11144759642537484,0.3218458701310696,
C3,4.15,2.196678428215794,35.609317960286006,-0.11192919071404618,0.31990148805135643,
C3,4.2,2.196387895034592,36.34116180068405,-0.11238937917826705,0.3179905255778943,
C3,4.25,2.196011417969472,37.08621531918392,-0.11282896718311794,0.31611233793752325,
C3,4.3,2.1955530057072004,37.84472154704869,-0.11324873187344817,0.3142662894112813,
C3,4.35,2.195016521528896,38.61692791196702,-0.11364942303054498,0.3124517535076696,
C3,4.4,2.194405687476612,39.40308630302496,-0.11403176391337097,0.31066811310556297,
C3,4.45,2.1937240884627687,40.20345313622895,-0.11439645208351706,0.30891476056956224,
C3,4.5,2.1929751763209495,41.01828942066173,-0.11474416021349274,0.30719109784032994,
C3,4.55,2.19216227379506,41.84786082534471,-0.11507553687770912,0.3054965365022092,
C3,4.6,2.1912885784613176,42.692437746882895,-0.11539120732605335,0.30383049783021077,
C3,4.65,2.190357166582352,43.55229537796092,-0.11569177423958502,0.3021924128182645,
C3,4.7,2.1893709968924275,44.42771377675673,-0.11597781846831824,0.3005817221904551,
C3,4.75,2.1883329143068,45.31897793733815,-0.11624989975093131,0.29899787639680975,
C3,4.8,2.187245653558885,46.22637786109996,-0.11650855741623592,0.29744033559506355,
C3,4.85,2.186111842760731,47.150208629303606,-0.11675431106669958,0.2959085696197017,
C3,4.9,2.1849340068872567,48.09077047676928,-0.11698766124379076,0.2944020579394653,
C3,4.95,2.183714571180934,49.04836886677475,-0.11720909007522873,0.29292028960440974,
C3,5.0,2.1824558644784133,50.0233145672138,-0.11741906190472848,0.2914627631835004,
C3,5.05,2.1811601224602977,51.01592372805022,-0.11761802390360993,0.29002898669366317,
C3,5.1,2.1798294908176423,52.02651796012598,-0.11780640666527781,0.28861847752111724,
C3,5.15,2.1784660283413495,53.05542441535498,-0.11798462478222865,0.28723076233576106,
C3,5.2,2.1770717099330916,54.102975868344174,-0.11815307740612385,0.28586537699930936,
C3,5.25,2.175648429532883,55.169510799485856,-0.11831214879100098,0.2845218664678377,
C3,5.3,2.174198002973868,56.25537347954855,-0.11846220882021288,0.2831997846893235,
C3,5.35,2.1727221707531683,57.36091405580825,-0.11860361351671359,0.28189869449673954,
C3,5.4,2.171222600729142,58.48648863974746,-0.11873670553801785,0.2806181674972049,
C3,5.45,2.169700890739077,59.632459396355344,-0.1188618146551344,0.2793577839576673,
C3,5.5,2.1681585711433757,60.79919463505996,-0.11897925821654315,0.2781171326875451,
C3,5.55,2.166597107292648,61.98706890231997,-0.11908934159706808,0.27689581091873816,
C3,5.6,2.1650179019230027,63.19646307590154,-0.11919235863221889,0.2756934241833714,
C3,5.65,2.163422297474102,64.4277644608704,-0.11928859203832087,0.2745095861896242,
C3,5.7,2.1618115783439746,65.68136688732194,-0.11937831381871072,0.27334391869595653,
C3,5.75,2.1601869730625536,66.95767080987584,-0.11946178565644966,0.27219605138403524,
C3,5.8,2.1585496564044266,68.25708340896105,-0.11953925929362463,0.27106562173062776,
C3,5.85,2.1569007514312912,69.58001869390489,-0.11961097689805565,0.2699522748787224,
C3,5.9,2.1552413314673595,70.92689760786868,-0.11967717141729653,0.2688556635081091,
C3,5.95,2.153572422010857,72.29814813463102,-0.11973806692054398,0.2677754477056348,
C3,6.0,2.1518950025790198,73.6942054072584,-0.11979387892865019,0.26671129483534206,
C4,0.0,0.8337047823282564,3.6945270088115416,0.09298365661525052,0.4919022970324435,0.4103755118041883
C4,0.05,0.8614604858189747,3.9210139568674593,0.0883561153959759,0.48810949932751735,0.4086032926712556
C4,0.1,0.8894475295405564,4.1531898589816665,0.0836110385141904,0.4836758331110257,0.4064554733936492
C4,0.15,0.917483108494271,4.390888316656056,0.07878316077400922,0.47866431613520055,0.40402125749265794
C4,0.2,0.9453981795909525,4.6339798129379215,0.07390526093125982,0.4731389047532516,0.4013596164809675
C4,0.25,0.9730389712954532,4.882373853701182,0.06900779780071026,0.46716328903462734,0.39850854875665176
C4,0.3,1.0002679157452605,5.136020000077803,0.06411865186814493,0.46079985031540993,0.39549054676900497
C4,0.35,1.0269640591017826,5.394907933742559,0.05926296523419849,0.4541087923146695,0.3923161207299608
C4,0.4,1.0530230193689338,5.659066715587142,0.054463069585406816,0.44714744722822475,0.3889862168006012
C4,0.45,1.0783565678416696,5.92856340443503,0.04973848995633423,0.4399697503516766,0.3854939355228746
C4,0.5,1.1028919117054028,6.203501198263366,0.0451060111786868,0.4326258709035019,0.3818257700383775
C4,0.55,1.126570752306697,6.484017248560326,0.04057979392072055,0.425161982746851,0.3779625003757011
C4,0.6,1.1493481874685787,6.770280281528599,0.0361715278940993,0.41762015644468986,0.37387983920051093
C4,0.65,1.1711915180925203,7.062488140135201,0.03189061094129183,0.41003835324965043,0.369548900878114
C4,0.7,1.1920790101547158,7.360865340381513,0.0277443441307555,0.4024505019194181,0.3649365495618616
C4,0.75,1.2119986538427105,7.665660715053573,0.023738134526555002,0.3948866403573623,0.3600056695879227
C4,0.8,1.2309469525957308,7.977145199611375,0.019875698844550354,0.38737310573128203,0.3547153914626118
C4,0.85,1.2489277665734595,8.295609798395985,0.016159262673284113,0.37993275868715504,0.34902129876126475
C4,0.9,1.2659512278402874,8.621363755281244,0.012589751267925666,0.37258522936323435,0.3428756351523041
C4,0.95,1.2820327383974173,8.95473294132997,0.009166969089102004,0.36534717498257885,0.33622752636186426
C4,1.0,1.297192057147619,9.296058462835873,0.005889766242941057,0.3582325407611111,0.32902322899941383
C4,1.05,1.3114524778596326,9.645695486117152,0.002756190786098512,0.351252817651026,0.32120641650659865
C4,1.1,1.3248400971300944,10.004012270318208,-0.00023637349848601766,0.3444172920119073,
C4,1.15,1.3373831690784823,10.371389395964014,-0.0030910837559969323,0.3377332836519087,
C4,1.2,1.3491115419420072,10.74821917481561,-0.0058115286805947705,0.3312063698119875,
C4,1.25,1.3600561707301433,11.134905225422777,-0.008401632382557481,0.32484059359090267,
C4,1.3,1.3702486995355576,11.531862198414043,-0.010865570613793842,0.31863865604712593,
C4,1.35,1.3797211068819302,11.939515635809258,-0.01320769836659259,0.3126020917886765,
C4,1.4,1.3885054075308478,12.358301949301161,-0.015432487817803764,0.30673142829663824,
C4,1.45,1.3966334043903408,12.788668503401873,-0.017544475589277082,0.30102632954552744,
C4,1.5,1.4041364845220266,13.231073790468443,-0.019548218323500878,0.29548572470481416,
C4,1.55,1.411045453664,13.685987685828884,-0.02144825562237668,0.2901079228496176,
C4,1.6,1.4173904041638723,14.153891772465133,-0.02324907945903947,0.28489071469131366,
C4,1.65,1.4232006116931484,14.635279725919837,-0.024955109242485618,0.27983146237449563,
C4,1.7,1.428504456601512,15.13065775125651,-0.026570671787749064,0.2749271783870778,
C4,1.75,1.4333293662258066,15.640545064991908,-0.028099985517697674,0.27017459460489013,
C4,1.8,1.4377017749083993,16.165474415924116,-0.029547148293656587,0.2655702224485935,
C4,1.85,1.4416470988805106,16.705992639698277,-0.03091612833986055,0.2611104050752261,
C4,1.9,1.4451897235337086,17.26266124277797,-0.032210757789722655,0.25679136246395273,
C4,1.95,1.4483530009364745,17.83605701222698,-0.03343472844022896,0.2526092301892303,
C4,2.0,1.4511592557477853,18.42677264836579,-0.0345915893535402,0.24856009260733702,
C4,2.05,1.4536297979460078,19.035417417938845,-0.035684745992596814,0.24464001111601652,
C4,2.1,1.4557849410206627,19.662617825938433,-0.03671746062017142,0.24084504808322527,
C4,2.15,1.4576440244759636,20.309018304668644,-0.03769285372852043,0.2371712869805821,
C4,2.2,1.4592254396811197,20.97528191901658,-0.03861390630038759,0.23361484920065412,
C4,2.25,1.4605466582423483,21.66209108722712,-0.03948346273110594,0.2301719079849931,
C4,2.3,1.4616242622121995,22.37014831676099,-0.040304234267420226,0.22683869984194027,
C4,2.35,1.4624739755673222,23.10017695505856,-0.041078802840691035,0.2236115337896366,
C4,2.4,1.4631106964734797,23.85292195524336,-0.041809625191628064,0.2204867987202367,
C4,2.45,1.4635485299499311,24.629150656969923,-0.04249903720011931,0.21746096914584478,
C4,2.5,1.4638008206093673,25.429653582776325,-0.04314925834825943,0.21453060955490477,
C4,2.55,1.463880185208425,26.25524525042712,-0.04376239625688358,0.21169237757942083,
C4,2.6,1.4637985448077324,27.106765001838436,-0.04434045124644893,0.20894302614817573,
C4,2.65,1.4635671563576125,27.98507784927162,-0.044885320882008306,0.2062794047787634,
C4,2.7,1.4631966435911141,28.89107533955272,-0.045398804469812995,0.2036984601415036,
C4,2.75,1.4626970271121815,29.825676437145468,-0.0458826074793615,0.20119723601088957,
C4,2.8,1.4620777536072083,30.78982842695614,-0.046338345870294416,0.19877287270489175,
C4,2.85,1.4613477241184545,31.784507837792656,-0.046767550308145354,0.19642260609898898,
C4,2.9,1.4605153213461697,32.81072138744691,-0.04717167025677916,0.19414376629000019,
C4,2.95,1.459588435948085,33.86950695039106,-0.04755207793861227,0.19193377597446915,
C4,3.0,1.4585744918324508,34.96193454911847,-0.047910072156408696,0.18979014859733512,
C4,3.05,1.4574804704279336,36.089107370176755,-0.04824688197278911,0.18771048631876108,
C4,3.1,1.4563129339538519,37.252162805967586,-0.048563670245176827,0.18569247784012066,
C4,3.15,1.4550780476808198,38.45227352340331,-0.0488615370158202,0.1837338961242002,
C4,3.2,1.4537816012172404,39.69064856053596,-0.049141522757273355,0.18183259603946322,
C4,3.25,1.4524290288291848,40.96853445228247,-0.049404611475335834,0.17998651195374848,
C4,3.3,1.4510254288237614,42.28721638639681,-0.049651733671600314,0.178193655298848,
C4,3.35,1.4495755820181897,43.648019390848404,-0.04988376916884758,0.1764521121240522,
C4,3.4,1.4480839693267151,45.05230955379044,-0.05010154980286856,0.17476004065380935,
C4,3.45,1.4465547884887981,46.50149527731175,-0.05030586198460095,0.1731156688621398,
C4,3.5,1.444991969973579,47.997028566192164,-0.05049744913686027,0.17151729207425082,
C4,3.55,1.4433991920909879,49.540406352893925,-0.050677014010087465,0.16996327060393557,
C4,3.6,1.4417798953302268,51.13317186004569,-0.050845220881375094,0.16845202743372323,
C4,3.65,1.4401372959732444,52.77691600169545,-0.05100269764179928,0.16698204594335742,
C4,3.7,1.4384743989986617,54.47327882463204,-0.05115003777632794,0.16555186769100427,
C4,3.75,1.4367940103151995,56.223950991098405,-0.05128780224092211,0.16416009025056533,
C4,3.8,1.435098748346061,58.0306753042463,-0.051416521241495566,0.16280536510761523,
C4,3.85,1.4333910550015712,59.895248277707765,-0.05153669591894802,0.16148639561574207,
C4,3.9,1.431673206061214,61.81952175068899,-0.051648799944854794,0.1602019350144448,
C4,3.95,1.429947320998068,63.805404550020796,-0.05175328103185127,0.15895078450921873,
C4,4.0,1.428215372265104,65.85486420063413,-0.05185056236300276,0.15773179141400728,
C4,4.05,1.4264791940766428,67.9699286859597,-0.05194104394378511,0.15654384735583815,
C4,4.1,1.4247404907025176,70.15268825978946,-0.0520251038811196,0.15538588654114394,
C4,4.15,1.4230008443078457,72.40529731117198,-0.05210309959247003,0.1542568840830112,
C4,4.2,1.421261722347859,74.72997628395535,-0.05217536894893009,0.15315585438840107,
C4,4.25,1.4195244845555952,77.1290136526307,-0.05224223135590122,0.15208184960420335,
C4,4.3,1.4177903895284147,79.60476795616829,-0.05230398877391356,0.15103395812085985,
C4,4.35,1.4160606009484058,82.15966989159347,-0.052360926683503374,0.15001130313218014,
C4,4.4,1.414336193444479,84.79622446908118,-0.05241331499672874,0.14901304124989245,
C4,4.45,1.4126181581152837,87.51701323040841,-0.052461408917970645,0.14803836117141556,
C4,4.5,1.4109074077441917,90.32469653264647,-0.05250544975734446,0.14708648239929145,
C4,4.55,1.4092047817037465,93.22201589903054,-0.05254566569859789,0.14615665401069156,
C4,4.6,1.407511050579502,96.21179643899775,-0.05258227252426226,0.14524815347540065,
C4,4.65,1.4058269205256173,99.29694933943654,-0.05261547430082611,0.1443602855206746,
C4,4.7,1.4041530373646356,102.48047442925518,-0.0526454640251002,0.14349238104137396,
C4,4.75,1.4024899904431243,105.76546281943143,-0.05267242423475747,0.14264379605379884,
C4,4.8,1.400838316269222,109.15509962076791,-0.05269652758509574,0.1418139106916536,
C4,4.85,1.3991985019217101,112.65266674164661,-0.0527179373928566,0.14100212824261638,
C4,4.9,1.3975709882670273,116.26154576813335,-0.05273680815019646,0.14020787422399839,
C4,4.95,1.3959561729823118,119.9852209288658,-0.05275328600969571,0.13943059549602788,
C4,5.0,1.3943544133935393,123.82728214720474,-0.05276750924215648,0.13866975941131587,
C4,5.05,1.3927660291521902,127.7914281832392,-0.05277960866917882,0.13792485299910762,
C4,5.1,1.3911913047373026,131.88146986825615,-0.052789708070751076,0.13719538218295957,
C4,5.15,1.389630491817536,136.1013334344393,-0.05279792457103729,0.13648087103052087,
C4,5.2,1.3880838114667096,140.4550639425505,-0.05280436900170672,0.13578086103414166,
C4,5.25,1.3865514562465624,144.94682881051372,-0.05280914624550194,0.1350949104210717,
C4,5.3,1.3850335921515493,149.5809214458502,-0.052812355560435426,0.13442259349205,
C4,5.35,1.3835303604516507,154.3617649850295,-0.05281409088575989,0.13376349998713477,
C4,5.4,1.382041879409705,159.29391614287573,-0.052814441131254844,0.13311723447765578,
C4,5.45,1.3805682458969168,164.38206917527918,-0.05281349044978123,0.1324834157832181,
C4,5.5,1.3791095369059252,169.63105995853817,-0.0528113184951943,0.13186167641271973,
C4,5.55,1.377665810974682,175.0458701887619,-0.05280800066564853,0.131251662028391,
C4,5.6,1.3762371095171664,180.63163170490597,-0.0528036083335268,0.13065303093189584,
C4,5.65,1.3748234580732706,186.3936309390072,-0.05279820906216583,0.13006545357157406,
C4,5.7,1.373424867481135,192.33731349746753,-0.05279186681127279,0.1294886120699421,
C4,5.75,1.372041334969817,198.46828887714733,-0.05278464213035931,0.1289221997706017,
C4,5.8,1.3706728451920052,204.79233532031378,-0.052776592341541015,0.12836592080373854,
C4,5.85,1.369319371183781,211.3154048125133,-0.05276777171255832,0.12781948966943424,
C4,5.9,1.3679808752676044,218.0436282275725,-0.05275823162013883,0.12728263083803415,
C4,5.95,1.3666573098940562,224.98332062408133,-0.052748020703760085,0.1267550783668554,
C4,6.0,1.365348618433091,232.14098669781967,-0.0527371850121191,0.1262365755325453,
C5,0.0,1.0516163689504996,1.2511669383313044,0.002146782557620311,0.24048464814504023,-9.835650770535343
C5,0.05,1.0471262718620662,1.3597692534604808,0.003754278535108695,0.24370255392645612,-6.5739897543743755
C5,0.1,1.0428972549446789,1.4761795382423117,0.0053100361495269505,0.2469657558479943,-4.477806458083234
C5,0.15,1.0389378700104657,1.60083154513255,0.006811332239101681,0.25026949878253224,-3.1086061934228892
C5,0.2,1.0352558251131168,1.734174899730589,0.008255619523526266,0.253608903104244,-2.1942193442425
C5,0.25,1.031857946914161,1.8766754354218906,0.009640539418318255,0.2569789908488377,-1.5679155514628795
C5,0.3,1.0287501501550862,2.0288155654743574,0.010963933298409893,0.2603747125028625,-1.1275200272232206
C5,0.35,1.0259374145086482,2.1910946976627312,0.012223852100865467,0.2637909741236232,-0.8098078340147434
C5,0.4,1.0234237689732173,2.364029696319049,0.013418564182008694,0.2672226644898672,-0.5750267217955136
C5,0.45,1.0212122838611086,2.548155396467791,0.014546561370863305,0.2706646819876922,-0.3976811452173459
C5,0.5,1.0193050703226851,2.744025174407901,0.015606563187906174,0.27411196094572954,-0.2610552701627271
C5,0.55,1.017703287240567,2.95221157876092,0.016597519225186156,0.27755949714835426,-0.1539367297328349
C5,0.6,1.016407155227949,3.1733070256248856,0.017518609710203543,0.281002372274882,-0.06863289067215073
C5,0.65,1.015415977372864,3.4079245610683433,0.01836924430097148,0.2844357770358932,0.0002494961487384817
C5,0.7,1.014728166287849,3.6566986937791777,0.019149059182924297,0.2878550328042643,0.05656888218151945
C5,0.75,1.0143412769531266,3.9202863002606563,0.019857912559340926,0.29125561156747626,0.10313748748640783
C5,0.8,1.0142520447836123,4.199367604552023,0.020495878645345196,0.29463315405851287,0.14203989206302636
C5,0.85,1.014456428303536,4.494647234054426,0.02106324029105995,0.29798348595438773,0.1748450289740765
C5,0.9,1.0149496557810926,4.806855352671781,0.021560480371955848,0.3013026320633231,0.20275003578136108
C5,0.95,1.015726275156226,5.136748872141153,0.02198827209378037,0.3045868284530736,0.22667969606645622
C5,1.0,1.0167802065875986,5.485112742131766,0.022347468365685557,0.3078325325032706,0.24735638131793902
C5,1.05,1.0181047969520711,5.852761319440727,0.022639090398287775,0.31103643089331434,0.26535003597250817
C5,1.1,1.0196928756441432,6.240539816414716,0.022864315683779057,0.31419544556384305,0.2811144272369921
C5,1.15,1.0215368110516512,6.649325828573534,0.02302446551275354,0.3173067377137193,0.2950137898107176
C5,1.2,1.0236285671167873,7.0800309413132805,0.023120992177736326,0.3203677099155686,0.30734265465155663
C5,1.25,1.0259597594336043,7.533602415514645,0.023155466006485624,0.3233760064509188,0.31834077572356734
C5,1.3,1.0285217103810975,8.011024951883439,0.023129562359616218,0.32632951198092397,0.32820448755931697
C5,1.35,1.0313055028405536,8.513322533886148,0.023045048716988766,0.3292263486803898,0.3370954343446887
C5,1.4,1.0343020321017464,9.041560349233578,0.02290377196622037,0.33206487197154066,0.345147342631561
C5,1.45,1.0375020556143404,9.596846789980868,0.022707645994813466,0.3348436649997035,0.35247132326709096
C5,1.5,1.0408962403001198,10.18033553146675,0.022458639675012264,0.33756153199610506,0.3591600569928608
C5,1.55,1.0444752071922596,10.793227690492575,0.022158765318054538,0.34021749067346985,0.3652911249424662
C5,1.6,1.0482295732229199,11.436774063343442,0.021810067662004898,0.3428107637983553,0.37092967831189827
C5,1.65,1.0521499900273363,12.11227744447294,0.02141461344529566,0.34534077008043307,0.3761305929502651
C5,1.7,1.056227179682132,12.821095026906361,0.020974481606468524,0.3478071145135302,0.3809402191399629
C5,1.75,1.0604519673358057,13.564640885650743,0.020491754139597806,0.3502095782964664,0.3853978106939978
C5,1.8,1.064815310729068,14.344388545655518,0.01996850762480386,0.3525481084538401,0.3895366980819318
C5,1.85,1.069308326636639,15.161873636101367,0.019406805443732814,0.35482280726822224,0.3933852557711425
C5,1.9,1.073922314293637,16.018696633050357,0.018808690681640143,0.35703392162594205,0.3969677030179726
C5,1.95,1.0786487758920233,16.916525692719922,0.018176179710118708,0.3591818323690332,0.40030476903030754
C5,2.0,1.08347943425932,17.85709957788162,0.017511256437910933,0.36126704373616303,0.40341424705752726
C5,2.05,1.08840624784466,18.842230680110355,0.01681586721193569,0.36329017296567057,0.4063114570572677
C5,2.1,1.0934214231531443,19.87380814082068,0.01609191634548423,0.3652519401243264,0.4090096327782612
C5,2.15,1.0985174247811451,20.953801074231404,0.015341262247247753,0.36715315821626116,0.4115202461060481
C5,2.2,1.103686983207826,22.08426189560381,0.014565714121363395,0.36899472361774954,0.41385327916729464
C5,2.25,1.1089231005112208,23.267329758255357,0.01376702920663713,0.3707776068753176,0.4160174528042697
C5,2.3,1.1142190541643155,24.505234103054555,0.01294691052150431,0.37250284389694366,0.41802041853556937
C5,2.35,1.1195683990860594,25.80029832423388,0.012107005080018211,0.37417152755907623,0.41986891989506836
C5,2.4,1.124964968098758,27.154943555516475,0.011248902544152483,0.3757847997457381,0.4215689280603514
C5,2.45,1.1304028709548661,28.57169258070028,0.010374134277367948,0.3773438438301888,0.4231257558681386
C5,2.5,1.1358764920859734,30.053173872952314,0.00948417276489745,0.37884987760442423,0.42454415364945775
C5,2.55,1.1413804872152122,31.602125767193463,0.008580431367022363,0.38030414665724366,0.42582838976829895
C5,2.6,1.146909778978391,33.22140077008294,0.007664264372677355,0.3817079181976204,0.4269823182836221
C5,2.65,1.152459551677998,34.91397001217959,0.00673696732185507,0.3830624753167099,0.42800943577866357
C5,2.7,1.1580252452980688,36.68292784697532,0.005799777566821818,0.3843691116789232,0.42891292907470113
C5,2.75,1.1636025488929786,38.531496601604246,0.00485387504380436,0.3856291266301023,0.4296957152798875
C5,2.8,1.1691873934542412,40.46303148407112,0.00390038322821,0.3868438207088626,0.4303604753985443
C5,2.85,1.174775944357194,42.481025651965275,0.0029403702484768063,0.38801449154563306,0.43090968253023887
C5,2.9,1.180364593468425,44.58911544766653,0.0019748501352649557,0.3891424301327281,0.43134562553315936
C5,2.95,1.1859499510093412,46.79108580518314,0.001004784184126896,0.3902289174479394,0.4316704288821964
C5,3.0,1.1915288372324668,49.09087583373382,3.108241230387332e-05,0.3912752214135724,0.4318860693441511
C5,3.05,1.197098273990544,51.49258458337866,-0.0009453949088516524,0.39228259417253264,
C5,3.1,1.2026554762458228,54.00047699792768,-0.0019238356623221334,0.3932522696629841,
C5,3.15,1.2081978435830694,56.61899006059046,-0.0029034742495393437,0.39418546147319666,
C5,3.2,1.21372295176249,59.352739137720974,-0.003883589923766327,0.39508336095844976,
C5,3.25,1.219228544356045,62.20652452620332,-0.004863505104834822,0.3959471356022539,
C5,3.3,1.2247125245076629,65.18533821003976,-0.005842583685762851,0.39677792760464203,
C5,3.35,1.2301729468354745,68.29437083177524,-0.006820229341042702,0.3975768526808646,
C5,3.4,1.2356080095104214,71.53901888443856,-0.007795883844659183,0.3983449990544755,
C5,3.45,1.2410160465318525,74.92489212980117,-0.008769025405201757,0.39908342662948093,
C5,3.5,1.2463955202112202,78.45782124877549,-0.009739167024468174,0.3997931663269756,
C5,3.55,1.2517450138833524,82.14386572983824,-0.01070585488469035,0.40047521957242516,
C5,3.6,1.2570632248581273,85.98932200154454,-0.01166866676908752,0.40113055792053776,
C5,3.65,1.2623489576128455,90.00073181508475,-0.012627210519643006,0.4017601228054173,
C5,3.7,1.267601117236415,94.18489088314669,-0.013581122534909984,0.4023648254044685,
C5,3.75,1.272818703132773,98.54885778117135,-0.01453006631070454,0.4029455466052584,
C5,3.8,1.2780008029706293,103.09996311755552,-0.015473731025265376,0.40350313706527496,
C5,3.85,1.2831465869096057,107.84581897889237,-0.016411830171036,0.4040384173552275,
C5,3.9,1.2882553020567447,112.79432865714611,-0.01734410023315637,0.4045521781772158,
C5,3.95,1.2933262672001868,117.95369666495984,-0.01827029941617317,0.4050451806497427,
C5,4.0,1.2983588677745244,123.33243904630729,-0.01919020641870058,0.4055181566521717,
C5,4.05,1.3033525510808324,128.93939398884265,-0.020103619256573082,0.40597180922181586,
C5,4.1,1.308306821751151,134.7837327454053,-0.02101035413397878,0.4064068129974049,
C5,4.15,1.3132212374369026,140.87497087151084,-0.02191024436181037,0.4068238147032014,
C5,4.2,1.3180954047331253,147.22297978606855,-0.022803139323502385,0.407223433668529,
C5,4.25,1.322928975329656,153.8379986630162,-0.023688903486689464,0.40760626237793796,
C5,4.3,1.3277216423640277,160.73064666120604,-0.024567415460197795,0.40797286704766167,
C5,4.35,1.3324731370034146,167.91193550039884,-0.0254385670953104,0.40832378822441473,
C5,4.4,1.3371832252020222,175.39328239142918,-0.026302262629943556,0.40865954140296123,
C5,4.45,1.3418517046868037,183.18652332854003,-0.027158417875262533,0.40898061765921045,
C5,4.5,1.3464784020951852,191.3039267524572,-0.028006959442183003,0.40928748429592743,
C5,4.55,1.3510631703190703,199.7582075925606,-0.028847824008178903,0.40958058549842125,
C5,4.6,1.3556058860156825,208.56254169747075,-0.02968095762133848,0.4098603429978491,
C5,4.65,1.3601064472730147,217.73058066265168,-0.030506315042155736,0.4101271567400109,
C5,4.7,1.3645647714512752,227.27646706501895,-0.031323859119962306,0.41038140555773295,
C5,4.75,1.3689807931648748,237.21485011387787,-0.032133560203788554,0.41062344784513805,
C5,4.8,1.3733544624193201,247.5609017284812,-0.03293539558648645,0.4108536222322797,
C5,4.85,1.3776857428759794,258.33033305245874,-0.033729348979646384,0.41107224825878863,
C5,4.9,1.381974610268041,269.53941141640576,-0.03451541001944406,0.4112796270453183,
C5,4.95,1.3862210509201707,281.20497775903834,-0.03529357380088868,0.4114760419617167,
C5,5.0,1.390425060413098,293.34446451912027,-0.03606384044043112,0.4116617592909676,
C5,5.05,1.3945866423394984,305.97591401036357,-0.03682621466455889,0.4118370288880461,
C5,5.1,1.3987058071943794,319.1179972910323,-0.037580705424524435,0.41200208483293566,
C5,5.15,1.4027825713536135,332.7900335423409,-0.03832732553431591,0.4121571460771323,
C5,5.2,1.406816956146279,347.0120099684947,-0.03906609133276552,0.41230241708303006,
C5,5.25,1.4108089870472584,361.8046022327544,-0.03979702236697727,0.4124380884556589,
C5,5.3,1.4147586929253844,377.18919544419555,-0.04052014109735589,0.41256433756628785,
C5,5.35,1.4186661054049465,393.1879057111398,-0.0412354726223937,0.4126813291674676,
C5,5.4,1.4225312582820349,409.82360227559,-0.041943044422464,0.41278921599912055,
C5,5.45,1.4263541870480836,427.1199302483601,-0.04264288612199802,0.41288813938532654,
C5,5.5,1.4301349284383695,445.10133395840717,-0.043335029268448795,0.4129782298214837,
C5,5.55,1.4338735201089912,463.7930809383658,-0.04401950712841007,0.4130596075515498,
C5,5.6,1.4375700003024718,483.2212865630196,-0.044696354498555704,0.4131323831350907,
C5,5.65,1.4412244076485812,503.4129393607626,-0.045365607531481604,0.4131966580038875,
C5,5.7,1.4448367809665759,524.3959270199687,-0.04602730357530577,0.41325252500786025,
C5,5.75,1.4484071591393306,546.1990631102581,-0.046681481027701366,0.41330006895008886,
C5,5.8,1.4519355810321142,568.8521145423804,-0.04732817920030692,0.41333936711072095,
C5,5.85,1.4554220854624687,592.3858297897686,-0.047967438196459135,0.4133704897595606,
C5,5.9,1.4588667112324316,616.8319678964738,-0.04859929880147171,0.4133935006571501,
C5,5.95,1.4622694971127315,642.2233282968766,-0.04922380237825204,0.41340845754415556,
C5,6.0,1.4656304819906631,668.5937814733142,-0.04984099077970425,0.41341541261887726,
C6,0.0,0.9513652317572643,0.10901154998789388,0.18772169405781447,0.42420531594862654,0.23092437546527123
C6,0.05,0.9513652317572643,0.10901154998789388,0.18772169405781447,0.42420531594862654,0.23092437546527123
C6,0.1,0.9513652317572643,0.10901154998789388,0.18772169405781447,0.42420531594862654,0.23092437546527123
C6,0.15,0.9513652317572643,0.10901154998789388,0.18772169405781447,0.42420531594862654,0.23092437546527123
C6,0.2,0.9513652317572643,0.10901154998789388,0.18772169405781447,0.42420531594862654,0.23092437546527123
C6,0.25,0.9513652317572643,0.10901154998789388,0.18772169405781447,0.42420531594862654,0.23092437546527123
C6,0.3,0.9513652317572643,0.10901154998789388,0.18772169405781447,0.42420531594862654,0.23092437546527123
C6,0.35,0.9513652317572643,0.10901154998789388,0.18772169405781447,0.42420531594862654,0.23092437546527123
C6,0.4,0.9513652317572643,0.10901154998789388,0.18772169405781447,0.42420531594862654,0.23092437546527123
C6,0.45,0.9513652317572643,0.10901154998789388,0.18772169405781447,0.42420531594862654,0.23092437546527123
C6,0.5,0.9513652317572643,0.10901154998789388,0.18772169405781447,0.42420531594862654,0.23092437546527123
C6,0.55,0.9513652317572643,0.10901154998789388,0.18772169405781447,0.42420531594862654,0.23092437546527123
C6,0.6,0.9513652317572643,0.10901154998789388,0.18772169405781447,0.42420531594862654,0.23092437546527123
C6,0.65,0.9513652317572643,0.10901154998789388,0.18772169405781447,0.42420531594862654,0.23092437546527123
C6,0.7,0.9513652317572643,0.10901154998789388,0.18772169405781447,0.42420531594862654,0.23092437546527123
C6,0.75,0.9513652317572643,0.10901154998789388,0.18772169405781447,0.42420531594862654,0.23092437546527123
C6,0.8,0.9513652317572643,0.10901154998789388,0.18772169405781447,0.42420531594862654,0.23092437546527123
C6,0.85,0.9513652317572643,0.10901154998789388,0.18772169405781447,0.42420531594862654,0.23092437546527123
C6,0.9,0.9513652317572643,0.10901154998789388,0.18772169405781447,0.42420531594862654,0.23092437546527123
C6,0.95,0.9513652317572643,0.10901154998789388,0.18772169405781447,0.42420531594862654,0.23092437546527123
C6,1.0,0.9513652317572643,0.10901154998789388,0.18772169405781447,0.42420531594862654,0.23092437546527123
C6,1.05,0.9513652317572643,0.10901154998789388,0.18772169405781447,0.42420531594862654,0.23092437546527123
C6,1.1,0.9513652317572643,0.10901154998789388,0.18772169405781447,0.42420531594862654,0.23092437546527123
C6,1.15,0.9513652317572643,0.10901154998789388,0.18772169405781447,0.42420531594862654,0.23092437546527123
C6,1.2,0.9513652317572643,0.10901154998789388,0.18772169405781447,0.42420531594862654,0.23092437546527123
C6,1.25,0.9513652317572643,0.10901154998789388,0.18772169405781447,0.42420531594862654,0.23092437546527123
C6,1.3,0.9513652317572643,0.10901154998789388,0.18772169405781447,0.42420531594862654,0.23092437546527123
C6,1.35,0.9513652317572643,0.10901154998789388,0.18772169405781447,0.42420531594862654,0.23092437546527123
C6,1.4,0.9513652317572643,0.10901154998789388,0.18772169405781447,0.42420531594862654,0.23092437546527123
C6,1.45,0.9513652317572643,0.10901154998789388,0.18772169405781447,0.42420531594862654,0.23092437546527123
C6,1.5,0.9513652317572643,0.10901154998789388,0.18772169405781447,0.42420531594862654,0.23092437546527123
C6,1.55,0.9513652317572643,0.10901154998789388,0.18772169405781447,0.42420531594862654,0.23092437546527123
C6,1.6,0.9513652317572643,0.10901154998789388,0.18772169405781447,0.42420531594862654,0.23092437546527123
C6,1.65,0.9513652317572643,0.10901154998789388,0.18772169405781447,0.42420531594862654,0.23092437546527123
C6,1.7,0.9513652317572643,0.10901154998789388,0.18772169405781447,0.42420531594862654,0.23092437546527123
C6,1.75,0.9513652317572643,0.10901154998789388,0.18772169405781447,0.42420531594862654,0.23092437546527123
C6,1.8,0.9513652317572643,0.10901154998789388,0.18772169405781447,0.42420531594862654,0.23092437546527123
C6,1.85,0.9513652317572643,0.10901154998789388,0.18772169405781447,0.42420531594862654,0.23092437546527123
C6,1.9,0.9513652317572643,0.10901154998789388,0.18772169405781447,0.42420531594862654,0.23092437546527123
C6,1.95,0.9513652317572643,0.10901154998789388,0.18772169405781447,0.42420531594862654,0.23092437546527123
C6,2.0,0.9513652317572643,0.10901154998789388,0.18772169405781447,0.42420531594862654,0.23092437546527123
C6,2.05,0.9513652317572643,0.10901154998789388,0.18772169405781447,0.42420531594862654,0.23092437546527123
C6,2.1,0.9513652317572643,0.10901154998789388,0.18772169405781447,0.42420531594862654,0.23092437546527123
C6,2.15,0.9513652317572643,0.10901154998789388,0.18772169405781447,0.42420531594862654,0.23092437546527123
C6,2.2,0.9513652317572643,0.10901154998789388,0.18772169405781447,0.42420531594862654,0.23092437546527123
C6,2.25,0.9513652317572643,0.10901154998789388,0.18772169405781447,0.42420531594862654,0.23092437546527123
C6,2.3,0.9513652317572643,0.10901154998789388,0.18772169405781447,0.42420531594862654,0.23092437546527123
C6,2.35,0.9513652317572643,0.10901154998789388,0.18772169405781447,0.42420531594862654,0.23092437546527123
C6,2.4,0.9513652317572643,0.10901154998789388,0.18772169405781447,0.42420531594862654,0.23092437546527123
C6,2.45,0.9513652317572643,0.10901154998789388,0.18772169405781447,0.42420531594862654,0.23092437546527123
C6,2.5,0.9513652317572643,0.10901154998789388,0.18772169405781447,0.42420531594862654,0.23092437546527123
C6,2.55,0.9513652317572643,0.10901154998789388,0.18772169405781447,0.42420531594862654,0.23092437546527123
C6,2.6,0.9513652317572643,0.10901154998789388,0.18772169405781447,0.42420531594862654,0.23092437546527123
C6,2.65,0.9513652317572643,0.10901154998789388,0.18772169405781447,0.42420531594862654,0.23092437546527123
C6,2.7,0.9513652317572643,0.10901154998789388,0.18772169405781447,0.42420531594862654,0.23092437546527123
C6,2.75,0.9513652317572643,0.10901154998789388,0.18772169405781447,0.42420531594862654,0.23092437546527123
C6,2.8,0.9513652317572643,0.10901154998789388,0.18772169405781447,0.42420531594862654,0.23092437546527123
C6,2.85,0.9513652317572643,0.10901154998789388,0.18772169405781447,0.42420531594862654,0.23092437546527123
C6,2.9,0.9513652317572643,0.10901154998789388,0.18772169405781447,0.42420531594862654,0.23092437546527123
C6,2.95,0.9513652317572643,0.10901154998789388,0.18772169405781447,0.42420531594862654,0.23092437546527123
C6,3.0,0.9513652317572643,0.10901154998789388,0.18772169405781447,0.42420531594862654,0.23092437546527123
C6,3.05,0.9513652317572643,0.10901154998789388,0.18772169405781447,0.42420531594862654,0.23092437546527123
C6,3.1,0.9513652317572643,0.10901154998789388,0.18772169405781447,0.42420531594862654,0.23092437546527123
C6,3.15,0.9513652317572643,0.10901154998789388,0.18772169405781447,0.42420531594862654,0.23092437546527123
C6,3.2,0.9513652317572643,0.10901154998789388,0.18772169405781447,0.42420531594862654,0.23092437546527123
C6,3.25,0.9513652317572643,0.10901154998789388,0.18772169405781447,0.42420531594862654,0.23092437546527123
C6,3.3,0.9513652317572643,0.10901154998789388,0.18772169405781447,0.42420531594862654,0.23092437546527123
C6,3.35,0.9513652317572643,0.10901154998789388,0.18772169405781447,0.42420531594862654,0.23092437546527123
C6,3.4,0.9513652317572643,0.10901154998789388,0.18772169405781447,0.42420531594862654,0.23092437546527123
C6,3.45,0.9513652317572643,0.10901154998789388,0.18772169405781447,0.42420531594862654,0.23092437546527123
C6,3.5,0.9513652317572643,0.10901154998789388,0.18772169405781447,0.42420531594862654,0.23092437546527123
C6,3.55,0.9513652317572643,0.10901154998789388,0.18772169405781447,0.42420531594862654,0.23092437546527123
C6,3.6,0.9513652317572643,0.10901154998789388,0.18772169405781447,0.42420531594862654,0.23092437546527123
C6,3.65,0.9513652317572643,0.10901154998789388,0.18772169405781447,0.42420531594862654,0.23092437546527123
C6,3.7,0.9513652317572643,0.10901154998789388,0.18772169405781447,0.42420531594862654,0.23092437546527123
C6,3.75,0.9513652317572643,0.10901154998789388,0.18772169405781447,0.42420531594862654,0.23092437546527123
C6,3.8,0.9513652317572643,0.10901154998789388,0.18772169405781447,0.42420531594862654,0.23092437546527123
C6,3.85,0.9513652317572643,0.10901154998789388,0.18772169405781447,0.42420531594862654,0.23092437546527123
C6,3.9,0.9513652317572643,0.10901154998789388,0.18772169405781447,0.42420531594862654,0.23092437546527123
C6,3.95,0.9513652317572643,0.10901154998789388,0.18772169405781447,0.42420531594862654,0.23092437546527123
C6,4.0,0.9513652317572643,0.10901154998789388,0.18772169405781447,0.42420531594862654,0.23092437546527123
C6,4.05,0.9513652317572643,0.10901154998789388,0.18772169405781447,0.42420531594862654,0.23092437546527123
C6,4.1,0.9513652317572643,0.10901154998789388,0.18772169405781447,0.42420531594862654,0.23092437546527123
C6,4.15,0.9513652317572643,0.10901154998789388,0.18772169405781447,0.42420531594862654,0.23092437546527123
C6,4.2,0.9513652317572643,0.10901154998789388,0.18772169405781447,0.42420531594862654,0.23092437546527123
C6,4.25,0.9513652317572643,0.10901154998789388,0.18772169405781447,0.42420531594862654,0.23092437546527123
C6,4.3,0.9513652317572643,0.10901154998789388,0.18772169405781447,0.42420531594862654,0.23092437546527123
C6,4.35,0.9513652317572643,0.10901154998789388,0.18772169405781447,0.42420531594862654,0.23092437546527123
C6,4.4,0.9513652317572643,0.10901154998789388,0.18772169405781447,0.42420531594862654,0.23092437546527123
C6,4.45,0.9513652317572643,0.10901154998789388,0.18772169405781447,0.42420531594862654,0.23092437546527123
C6,4.5,0.9513652317572643,0.10901154998789388,0.18772169405781447,0.42420531594862654,0.23092437546527123
C6,4.55,0.9513652317572643,0.10901154998789388,0.18772169405781447,0.42420531594862654,0.23092437546527123
C6,4.6,0.9513652317572643,0.10901154998789388,0.18772169405781447,0.42420531594862654,0.23092437546527123
C6,4.65,0.9513652317572643,0.10901154998789388,0.18772169405781447,0.42420531594862654,0.23092437546527123
C6,4.7,0.9513652317572643,0.10901154998789388,0.18772169405781447,0.42420531594862654,0.23092437546527123
C6,4.75,0.9513652317572643,0.10901154998789388,0.18772169405781447,0.42420531594862654,0.23092437546527123
C6,4.8,0.9513652317572643,0.10901154998789388,0.18772169405781447,0.42420531594862654,0.23092437546527123
C6,4.85,0.9513652317572643,0.10901154998789388,0.18772169405781447,0.42420531594862654,0.23092437546527123
C6,4.9,0.9513652317572643,0.10901154998789388,0.18772169405781447,0.42420531594862654,0.23092437546527123
C6,4.95,0.9513652317572643,0.10901154998789388,0.18772169405781447,0.42420531594862654,0.23092437546527123
C6,5.0,0.9513652317572643,0.10901154998789388,0.18772169405781447,0.42420531594862654,0.23092437546527123
C6,5.05,0.9513652317572643,0.10901154998789388,0.18772169405781447,0.42420531594862654,0.23092437546527123
C6,5.1,0.9513652317572643,0.10901154998789388,0.18772169405781447,0.42420531594862654,0.23092437546527123
C6,5.15,0.9513652317572643,0.10901154998789388,0.18772169405781447,0.42420531594862654,0.23092437546527123
C6,5.2,0.9513652317572643,0.10901154998789388,0.18772169405781447,0.42420531594862654,0.23092437546527123
C6,5.25,0.9513652317572643,0.10901154998789388,0.18772169405781447,0.42420531594862654,0.23092437546527123
C6,5.3,0.9513652317572643,0.10901154998789388,0.18772169405781447,0.42420531594862654,0.23092437546527123
C6,5.35,0.9513652317572643,0.10901154998789388,0.18772169405781447,0.42420531594862654,0.23092437546527123
C6,5.4,0.9513652317572643,0.10901154998789388,0.18772169405781447,0.42420531594862654,0.23092437546527123
C6,5.45,0.9513652317572643,0.10901154998789388,0.18772169405781447,0.42420531594862654,0.23092437546527123
C6,5.5,0.9513652317572643,0.10901154998789388,0.18772169405781447,0.42420531594862654,0.23092437546527123
C6,5.55,0.9513652317572643,0.10901154998789388,0.18772169405781447,0.42420531594862654,0.23092437546527123
C6,5.6,0.9513652317572643,0.10901154998789388,0.18772169405781447,0.42420531594862654,0.23092437546527123
C6,5.65,0.9513652317572643,0.10901154998789388,0.18772169405781447,0.42420531594862654,0.23092437546527123
C6,5.7,0.9513652317572643,0.10901154998789388,0.18772169405781447,0.42420531594862654,0.23092437546527123
C6,5.75,0.9513652317572643,0.10901154998789388,0.18772169405781447,0.42420531594862654,0.23092437546527123
C6,5.8,0.9513652317572643,0.10901154998789388,0.18772169405781447,0.42420531594862654,0.23092437546527123
C6,5.85,0.9513652317572643,0.10901154998789388,0.18772169405781447,0.42420531594862654,0.23092437546527123
C6,5.9,0.9513652317572643,0.10901154998789388,0.18772169405781447,0.42420531594862654,0.23092437546527123
C6,5.95,0.9513652317572643,0.10901154998789388,0.18772169405781447,0.42420531594862654,0.23092437546527123
C6,6.0,0.9513652317572643,0.10901154998789388,0.18772169405781447,0.42420531594862654,0.23092437546527123
