Name,E,N,DEM_Ground_Elev,DGPS_Ground_Elev,Upstand_m,Pipe_Top_Elev,Upstand_Estimated,dist_coast_m,aliases
nw1,241725.0,364139.0,12.633,12.363,0.27,12.903,False,1316.9,bh1
nw2,241703.008,364112.082,12.064,11.474,0.59,12.654,False,1282.2,ob1
nw3,242091.94,363939.361,10.706,10.656,0.05,10.756,False,1396.9,1e
nw4,242431.164,363744.512,9.23,9.16,0.07,9.3,False,1478.0,1f
nw4b,242414.677,363751.66,9.336,9.256,0.08,9.416,False,1471.7,
nw5,241711.757,363023.697,5.725,5.725,0.0,5.725,False,459.7,2f
nw6,241444.307,363316.599,6.441,6.361,0.08,6.521,False,502.5,2e
nw7,241423.695,363584.862,8.504,8.474,0.03,8.534,False,694.8,mb
nw8,241276.11,363480.129,7.334,7.244,0.09,7.424,False,520.9,2d
nw9,240937.259,363567.162,5.18,5.149,0.031,5.211,False,419.4,2b
nw10,241435.0,364325.025,11.8,11.66,0.14,11.94,False,1322.6,1b
nw12,241262.0,364524.0,13.8,13.72,0.08,13.88,False,1422.5,1a
nw11,241689.0,364237.0,12.1,11.95,0.15,12.25,False,1375.8,1c
ceh2,241421.0,363979.0,12.03,11.32,0.71,12.74,False,1014.0,in forest nr ceh1
ceh1,241595.864,363948.335,10.692,10.652,0.04,10.732,False,1086.9,
ceh5,242521.077,364465.817,9.638,9.588,0.05,9.688,False,2075.5,nr ceh 6
ceh6,242621.679,364724.912,8.611,8.461,0.15,8.761,False,2338.0,ccw car park
ceh3,240743.0,363388.0,4.372,4.362,0.01,4.382,False,176.0,forest nr fes
ceh4,241131.693,363211.05,4.549,4.479,0.07,4.619,False,220.7,fes
ceh7,243385.803,363612.9,5.449,5.379,0.07,5.519,False,1863.4,braint
ceh8,243149.932,363382.305,5.694,5.494,0.2,5.894,False,1577.3,2 slacks in from nw4
ceh10,242538.185,363173.915,5.818,5.778,0.04,5.858,False,1122.7,beyond nw5
ceh9,241711.211,363459.012,7.983,7.983,0.0,7.983,False,784.8,nr nw6
ceh25,242512.557,364638.544,9.076,9.051,0.025,9.101,False,2202.0,nr ceh 6
ceh26,242172.261,364362.239,10.45,10.425,0.025,10.475,False,1771.7,nr ceh 5
ceh11,242618.62,362688.287,3.584,3.534,0.05,3.634,False,782.7,aber menai
ceh12,240339.0,364588.0,34.899,34.879,0.02,34.919,False,1138.5,nr fc 7
ceh13,240964.108,364066.298,11.325,11.235,0.09,11.415,False,879.0,nr 2a
ceh14,241292.0,364488.0,14.42,14.42,0.0,14.42,False,1404.7,nr 1a
ceh15,240679.892,363754.368,5.914,5.865,0.049,5.963,False,481.5,Forest carpark
ceh16,240988.214,363614.897,6.167,6.097,0.07,6.237,False,484.9,clearing
ceh17,240804.597413,363576.069469,6.091,6.001,0.09,6.181,False,371.9,forest
ceh18,241267.167,363202.889,5.204,5.144,0.06,5.264,False,302.0,warren
ceh19,240845.741,363532.891,4.8,4.65,0.15,4.95,False,350.8,EDGE
ceh20,241153.0,363829.0,8.728,8.618,0.11,8.838,True,752.0,nr 2c
ceh21,241470.51,362937.659,4.222,4.172,0.05,4.272,False,232.0,r1
ceh22,241375.022,362906.94,3.281,3.231,0.05,3.331,False,146.7,sea/SD13
ceh23,242325.311,364428.124,10.018,9.958,0.06,10.078,False,1920.6,
ceh24,242938.911,363392.114,5.958,5.808,0.15,6.108,False,1547.4,nr d44
ceh34,241334.0,363887.0,9.8,9.75,0.05,9.85,False,890.6,
ceh37,242886.0,363346.0,6.02,5.84,0.0,6.02,False,1478.0,W CEH24
ceh27,242005.373,364330.297,10.94,10.9,0.04,10.98,False,1640.1,nr 1c
ceh28,242331.051,364122.039,10.396,10.536,-0.14,10.256,False,1690.3,near NW3 by path
ceh30,241072.0,363760.0,8.67,8.61,0.06,8.73,False,652.3,nr ceh20
ceh31,241075.0,363538.0,6.49,6.32,0.17,6.66,False,460.2,nr wmc2
Ceh32,241167.0,364003.0,11.07,11.03,0.04,11.11,False,911.9,near 1b
ceh33,240936.0,363808.0,8.83,8.77,0.06,8.89,False,638.2,near cp
ceh40,242060.283,363398.508,7.77,7.804,0.05,7.82,True,971.5,scraped slack
ceh41,242284.022,363324.592,7.15,6.869,0.06,7.21,False,1071.4,scraped slack
D7,242610.75,364204.554,9.875,9.775,0.1,9.975,False,1935.9,
L1,242804.097,364389.095,9.366,10.062,0.07,9.436,False,2202.3,
wmc3,241217.327,363562.323,8.69,8.61,0.08,8.77,False,552.8,2dish
WMC2,241885.149,362855.856,4.552,4.502,0.05,4.602,False,457.5,nr 2g
WMC1,242765.629,363643.556,7.335,7.285,0.05,7.385,False,1630.5,
ceh42,242120.528,362743.198,3.62,3.615,0.13,3.75,False,525.5,scraped slack with water hole
T41c,242721.13,363323.682,5.89,5.8,0.09,5.98,False,1353.5,
D41,242771.66,363342.853,5.92,5.84,0.08,6.0,False,1400.4,
T41a,242709.928,363275.666,5.89,5.49,0.4,6.29,False,1309.2,
D31,243282.429,363259.347,4.657,4.607,0.05,4.707,False,1495.3,
D34,242961.925,362945.353,3.341,3.341,0.0,3.341,False,1112.3,
D33,243166.881,363196.273,4.676,4.566,0.11,4.786,False,1401.2,
D6,242114.898,364021.851,10.875,10.825,0.05,10.925,False,1473.9,
D5,242083.407,363901.712,10.6,10.5,0.1,10.7,False,1362.9,
D9,242710.726,363910.68,9.156,9.136,0.02,9.176,False,1791.9,
D10,242613.907,364118.797,9.643,9.603,0.04,9.683,False,1874.4,
D15,241980.565,363895.719,10.521,10.371,0.15,10.671,False,1290.6,
D8,242676.867,364024.231,9.326,9.276,0.05,9.376,False,1849.9,
D17,242446.951,363534.961,7.979,7.929,0.05,8.029,False,1336.1,
T29,243586.282,363466.962,4.03,3.98,0.05,4.08,False,1786.6,
D29,243600.797,363438.979,3.849,3.799,0.05,3.899,False,1765.6,
D25,242215.187,363143.807,5.401,5.351,0.05,5.451,False,893.7,
D43,242664.714,363428.693,6.907,6.907,0.0,6.907,False,1400.6,
T41d,242731.987,363353.284,6.3,6.19,0.11,6.41,False,1383.4,
D44,242819.407,363279.547,5.81,5.73,0.08,5.89,False,1384.3,
T41b,242715.085,363309.565,5.71,5.71,0.0,5.71,False,1338.7,
D45,242898.911,362614.9,2.788,2.748,0.04,2.828,False,776.0,
D38,242711.571,363069.196,4.771,4.661,0.11,4.881,False,1153.4,
D39,243000.256,362899.535,3.522,3.392,0.13,3.652,False,1073.8,
ceh38,241130.0,363261.0,4.465,,0.0,4.465,False,258.4,Nr fence CEH4
ceh39,241719.0,363435.0,7.85,,0.04,7.89,False,770.8,SW CEH9
ceh35,241081.0,363212.0,4.35,,0.04,4.39,False,189.6,nr path CEH4
ceh36,241161.0,363306.0,5.31,,0.03,5.34,False,312.9,N CEH4
nw13,241761.0,364180.0,12.09,,0.05,12.14,True,1371.3,1d
Nw8b,241272.0,363487.0,7.33,,0.0,7.33,True,523.8,
L7,242812.0,364395.0,10.86,10.86,0.06,10.92,False,2211.9,
wmc4,241761.0,364180.0,12.09,,0.04,12.13,True,1371.3,
L4,242897.825,364328.678,,9.246,0.12,9.366,False,2222.3,
FE2,241135.0,363595.0,8.54,,0.06,8.6,False,538.9,
FE1,241338.0,363744.0,8.7,,0.1,8.8,False,770.9,
FE3,241104.1,363546.1,7.54,,0.06,7.6,False,671.5,
LIS1,241406.0,363720.0,8.55,,0.03,8.58,True,790.4,
FE4,241223.2,363692.4,9.13,,0.06,9.19,False,501.1,
p2,242303.0,364558.0,9.0,,0.03,9.03,True,2005.6,
pw,242056.0,363286.0,6.88,,0.03,6.91,True,888.0,
pe,242739.0,362823.0,5.15,,0.03,5.18,True,956.8,
pdfs,240651.0,363372.0,3.547,,0.03,3.577,True,6871.5,
p1,241243.0,363283.0,6.825,,0.03,6.855,True,347.6,
llyn rhos,242560.208,364820.878,7.34,7.34,0.0,7.34,False,,Llyn Rhos Ddu
d29b,243601.797,363438.979,3.849,3.799,0.05,3.899,False,1765.6,co-located with D29 (nominal +1 m E)
