well,window_end_year,n_years_in_window,MSL5_m_pipe,MSL5_m_bg,MAX5_m_pipe,MAX5_m_bg,n_interp_in_window,cluster_id,cluster_label,network
ceh1,2011,5,-0.476,-0.43600000000000005,0.017999999999999995,0.05799999999999998,0,5,C5 (Coastal Forest),Reference
ceh1,2012,5,-0.7273333333333334,-0.6873333333333334,-0.308,-0.26799999999999996,0,5,C5 (Coastal Forest),Reference
ceh1,2013,5,-0.7366666666666667,-0.6966666666666667,-0.32999999999999996,-0.29,0,5,C5 (Coastal Forest),Reference
ceh1,2014,5,-0.6713333333333333,-0.6313333333333333,-0.31999999999999995,-0.27999999999999997,0,5,C5 (Coastal Forest),Reference
ceh1,2015,5,-0.7126666666666666,-0.6726666666666665,-0.374,-0.33399999999999996,0,5,C5 (Coastal Forest),Reference
ceh1,2016,5,-0.53,-0.48999999999999994,-0.188,-0.148,0,5,C5 (Coastal Forest),Reference
ceh1,2017,5,-0.39399999999999996,-0.354,-0.019999999999999997,0.019999999999999997,0,5,C5 (Coastal Forest),Reference
ceh1,2018,5,-0.44866666666666666,-0.4086666666666666,-0.146,-0.10600000000000001,0,5,C5 (Coastal Forest),Reference
ceh1,2019,5,-0.6193333333333333,-0.5793333333333333,-0.368,-0.328,0,5,C5 (Coastal Forest),Reference
ceh1,2020,5,-0.6359999999999999,-0.5959999999999999,-0.356,-0.316,0,5,C5 (Coastal Forest),Reference
ceh1,2021,5,-0.5753333333333334,-0.5353333333333333,-0.324,-0.28400000000000003,0,5,C5 (Coastal Forest),Reference
ceh1,2022,5,-0.5106666666666666,-0.4706666666666667,-0.22000000000000003,-0.18,0,5,C5 (Coastal Forest),Reference
ceh1,2023,5,-0.5186666666666667,-0.4786666666666667,-0.20399999999999996,-0.164,0,5,C5 (Coastal Forest),Reference
ceh1,2024,5,-0.29533333333333334,-0.25533333333333336,0.02400000000000001,0.064,0,5,C5 (Coastal Forest),Reference
ceh1,2025,5,-0.2766666666666667,-0.23666666666666666,0.092,0.13199999999999998,0,5,C5 (Coastal Forest),Reference
ceh10,2011,5,-1.3253333333333335,-1.2853333333333334,-0.726,-0.6859999999999999,0,2,C2 (Dune),Reference
ceh10,2012,5,-1.4613333333333334,-1.4213333333333333,-0.992,-0.952,0,2,C2 (Dune),Reference
ceh10,2013,5,-1.4166666666666665,-1.3766666666666665,-0.842,-0.8019999999999999,0,2,C2 (Dune),Reference
ceh10,2014,5,-1.3253333333333335,-1.2853333333333334,-0.826,-0.7859999999999999,0,2,C2 (Dune),Reference
ceh10,2015,5,-1.3453333333333333,-1.3053333333333332,-0.8480000000000001,-0.8079999999999998,0,2,C2 (Dune),Reference
ceh10,2016,5,-1.18,-1.14,-0.612,-0.572,0,2,C2 (Dune),Reference
ceh10,2017,5,-1.1146666666666667,-1.0746666666666667,-0.556,-0.516,0,2,C2 (Dune),Reference
ceh10,2018,5,-1.17,-1.13,-0.762,-0.722,0,2,C2 (Dune),Reference
ceh10,2019,5,-1.3066666666666666,-1.2666666666666666,-0.9960000000000001,-0.9560000000000001,0,2,C2 (Dune),Reference
ceh10,2020,5,-1.2726666666666666,-1.2326666666666666,-0.85,-0.8099999999999999,0,2,C2 (Dune),Reference
ceh10,2021,5,-1.2393333333333332,-1.1993333333333331,-0.8559999999999999,-0.8159999999999998,0,2,C2 (Dune),Reference
ceh10,2022,5,-1.2033333333333336,-1.1633333333333336,-0.754,-0.714,0,2,C2 (Dune),Reference
ceh10,2023,5,-1.2214426229508197,-1.1814426229508197,-0.766,-0.726,1,2,C2 (Dune),Reference
ceh10,2024,5,-1.0381092896174864,-0.9981092896174865,-0.526,-0.48600000000000004,1,2,C2 (Dune),Reference
ceh10,2025,5,-1.0701092896174864,-1.0301092896174864,-0.622,-0.582,1,2,C2 (Dune),Reference
ceh11,2011,5,-0.4953333333333333,-0.4453333333333333,-0.126,-0.076,0,1,C1 (Lake Edge),Reference
ceh11,2012,5,-0.5633333333333334,-0.5133333333333334,-0.18000000000000002,-0.13,0,1,C1 (Lake Edge),Reference
ceh11,2013,5,-0.5273333333333334,-0.47733333333333333,-0.10600000000000001,-0.05600000000000001,0,1,C1 (Lake Edge),Reference
ceh11,2014,5,-0.4726666666666667,-0.42266666666666663,-0.07799999999999999,-0.028000000000000004,0,1,C1 (Lake Edge),Reference
ceh11,2015,5,-0.5106666666666666,-0.46066666666666667,-0.11400000000000002,-0.064,0,1,C1 (Lake Edge),Reference
ceh11,2016,5,-0.38999999999999996,-0.34,-0.006,0.044000000000000004,0,1,C1 (Lake Edge),Reference
ceh11,2017,5,-0.3513333333333334,-0.3013333333333333,-0.0040000000000000036,0.046,0,1,C1 (Lake Edge),Reference
ceh11,2018,5,-0.4046666666666667,-0.35466666666666663,-0.08,-0.030000000000000006,0,1,C1 (Lake Edge),Reference
ceh11,2019,5,-0.484,-0.434,-0.162,-0.11200000000000002,0,1,C1 (Lake Edge),Reference
ceh11,2020,5,-0.4726666666666667,-0.42266666666666663,-0.12200000000000003,-0.07200000000000001,0,1,C1 (Lake Edge),Reference
ceh11,2021,5,-0.4446666666666667,-0.3946666666666666,-0.11000000000000001,-0.06000000000000002,0,1,C1 (Lake Edge),Reference
ceh11,2022,5,-0.446,-0.3959999999999999,-0.064,-0.014000000000000002,0,1,C1 (Lake Edge),Reference
ceh11,2023,5,-0.4453333333333333,-0.39533333333333337,-0.06599999999999999,-0.016000000000000007,0,1,C1 (Lake Edge),Reference
ceh11,2024,5,-0.3766666666666667,-0.32666666666666666,-0.007999999999999995,0.042,0,1,C1 (Lake Edge),Reference
ceh11,2025,5,-0.4,-0.35,-0.019999999999999997,0.030000000000000006,0,1,C1 (Lake Edge),Reference
ceh13,2011,5,-0.9873333333333333,-0.8973333333333333,-0.736,-0.6459999999999999,0,3,C3 (Western Residual),Reference
ceh13,2017,5,-0.8713333333333333,-0.7813333333333332,-0.6100000000000001,-0.52,0,3,C3 (Western Residual),Reference
ceh13,2018,5,-0.958,-0.868,-0.708,-0.6180000000000001,0,3,C3 (Western Residual),Reference
ceh13,2019,5,-1.158,-1.068,-0.89,-0.8,0,3,C3 (Western Residual),Reference
ceh13,2020,5,-1.1926666666666668,-1.1026666666666667,-0.9460000000000001,-0.8560000000000001,0,3,C3 (Western Residual),Reference
ceh13,2021,5,-1.1039999999999999,-1.0139999999999998,-0.8480000000000001,-0.7580000000000001,0,3,C3 (Western Residual),Reference
ceh13,2022,5,-0.9786666666666666,-0.8886666666666667,-0.7840000000000001,-0.6940000000000001,0,3,C3 (Western Residual),Reference
ceh13,2023,5,-1.02,-0.9299999999999999,-0.7700000000000001,-0.68,0,3,C3 (Western Residual),Reference
ceh13,2024,5,-0.772,-0.6819999999999999,-0.534,-0.44400000000000006,0,3,C3 (Western Residual),Reference
ceh13,2025,5,-0.6913333333333332,-0.6013333333333334,-0.462,-0.372,0,3,C3 (Western Residual),Reference
ceh14,2011,5,-0.9246666666666666,-0.9246666666666666,-0.688,-0.688,0,3,C3 (Western Residual),Reference
ceh14,2017,5,-0.7093333333333334,-0.7093333333333334,-0.316,-0.316,0,3,C3 (Western Residual),Reference
ceh14,2018,5,-0.82,-0.82,-0.476,-0.476,0,3,C3 (Western Residual),Reference
ceh14,2019,5,-1.0493333333333335,-1.0493333333333335,-0.6460000000000001,-0.6460000000000001,0,3,C3 (Western Residual),Reference
ceh14,2020,5,-1.0260000000000002,-1.0260000000000002,-0.724,-0.724,0,3,C3 (Western Residual),Reference
ceh14,2021,5,-0.952,-0.952,-0.628,-0.628,0,3,C3 (Western Residual),Reference
ceh14,2022,5,-0.7833333333333334,-0.7833333333333334,-0.568,-0.568,0,3,C3 (Western Residual),Reference
ceh14,2023,5,-0.882,-0.882,-0.6180000000000001,-0.6180000000000001,0,3,C3 (Western Residual),Reference
ceh14,2024,5,-0.5593333333333332,-0.5593333333333332,-0.348,-0.348,0,3,C3 (Western Residual),Reference
ceh14,2025,5,-0.5346666666666666,-0.5346666666666666,-0.244,-0.244,0,3,C3 (Western Residual),Reference
ceh15,2012,5,-1.059,-1.01,-0.7354,-0.6864,0,4,C4 (Main Forest),Extended
ceh15,2013,5,-1.0879333333333334,-1.0389333333333333,-0.7929999999999999,-0.744,0,4,C4 (Main Forest),Extended
ceh15,2014,5,-1.0584,-1.0093999999999999,-0.8126,-0.7636,0,4,C4 (Main Forest),Extended
ceh15,2015,5,-1.0948666666666667,-1.0458666666666665,-0.8224,-0.7734,0,4,C4 (Main Forest),Extended
ceh15,2016,5,-0.9299999999999999,-0.881,-0.6302000000000001,-0.5812000000000002,0,4,C4 (Main Forest),Extended
ceh15,2017,5,-0.8093333333333333,-0.7603333333333333,-0.48600000000000004,-0.437,0,4,C4 (Main Forest),Extended
ceh16,2012,5,-0.8306666666666667,-0.7606666666666667,-0.5599999999999999,-0.49000000000000005,0,4,C4 (Main Forest),Reference
ceh16,2013,5,-0.8786666666666667,-0.8086666666666666,-0.6180000000000001,-0.5479999999999999,0,4,C4 (Main Forest),Reference
ceh16,2014,5,-0.8706666666666667,-0.8006666666666667,-0.6400000000000001,-0.57,0,4,C4 (Main Forest),Reference
ceh16,2015,5,-0.924,-0.8540000000000001,-0.684,-0.6139999999999999,0,4,C4 (Main Forest),Reference
ceh16,2016,5,-0.8266666666666668,-0.7566666666666666,-0.564,-0.49400000000000005,0,4,C4 (Main Forest),Reference
ceh16,2017,5,-0.7326666666666666,-0.6626666666666666,-0.45599999999999996,-0.38599999999999995,0,4,C4 (Main Forest),Reference
ceh16,2018,5,-0.7740000000000001,-0.7040000000000001,-0.532,-0.4619999999999999,0,4,C4 (Main Forest),Reference
ceh16,2019,5,-0.9013333333333333,-0.8313333333333333,-0.688,-0.618,0,4,C4 (Main Forest),Reference
ceh16,2020,5,-0.9153333333333332,-0.8453333333333333,-0.706,-0.6359999999999999,0,4,C4 (Main Forest),Reference
ceh16,2021,5,-0.8959999999999999,-0.826,-0.726,-0.656,0,4,C4 (Main Forest),Reference
ceh16,2022,5,-0.8546666666666667,-0.7846666666666666,-0.6839999999999999,-0.614,0,4,C4 (Main Forest),Reference
ceh16,2023,5,-0.8773333333333333,-0.8073333333333335,-0.688,-0.618,0,4,C4 (Main Forest),Reference
ceh16,2024,5,-0.736,-0.666,-0.546,-0.476,0,4,C4 (Main Forest),Reference
ceh16,2025,5,-0.7146666666666668,-0.6446666666666667,-0.508,-0.438,0,4,C4 (Main Forest),Reference
ceh17,2012,5,-1.974666666666667,-1.8846666666666667,-1.6920000000000002,-1.6019999999999999,0,4,C4 (Main Forest),Reference
ceh17,2013,5,-2.05,-1.9600000000000002,-1.786,-1.6959999999999997,0,4,C4 (Main Forest),Reference
ceh17,2014,5,-2.0639999999999996,-1.9739999999999998,-1.834,-1.7440000000000002,0,4,C4 (Main Forest),Reference
ceh17,2015,5,-2.1126666666666667,-2.022666666666667,-1.8820000000000001,-1.7919999999999998,0,4,C4 (Main Forest),Reference
ceh17,2016,5,-2.030666666666667,-1.9406666666666665,-1.8060000000000003,-1.716,0,4,C4 (Main Forest),Reference
ceh17,2017,5,-1.9626666666666668,-1.8726666666666667,-1.7419999999999998,-1.652,0,4,C4 (Main Forest),Reference
ceh17,2018,5,-2.003333333333333,-1.9133333333333333,-1.8119999999999998,-1.722,0,4,C4 (Main Forest),Reference
ceh17,2019,5,-2.1233333333333335,-2.0333333333333337,-1.954,-1.864,0,4,C4 (Main Forest),Reference
ceh17,2020,5,-2.1353333333333335,-2.0453333333333337,-1.9700000000000002,-1.8799999999999997,0,4,C4 (Main Forest),Reference
ceh17,2021,5,-2.1273333333333335,-2.0373333333333337,-1.9780000000000002,-1.888,0,4,C4 (Main Forest),Reference
ceh17,2022,5,-2.1006666666666667,-2.0106666666666664,-1.956,-1.866,0,4,C4 (Main Forest),Reference
ceh17,2023,5,-2.1126666666666667,-2.022666666666667,-1.95,-1.86,0,4,C4 (Main Forest),Reference
ceh17,2024,5,-1.982,-1.892,-1.83,-1.7399999999999998,0,4,C4 (Main Forest),Reference
ceh17,2025,5,-1.9613333333333334,-1.8713333333333335,-1.7880000000000003,-1.698,0,4,C4 (Main Forest),Reference
ceh18,2012,5,-0.7646666666666666,-0.7046666666666667,-0.4720000000000001,-0.4119999999999999,0,5,C5 (Coastal Forest),Reference
ceh18,2013,5,-0.7926666666666667,-0.7326666666666667,-0.48600000000000004,-0.426,0,5,C5 (Coastal Forest),Reference
ceh18,2014,5,-0.7786666666666667,-0.7186666666666668,-0.516,-0.45599999999999985,0,5,C5 (Coastal Forest),Reference
ceh18,2015,5,-0.8386666666666667,-0.7786666666666667,-0.5680000000000001,-0.508,0,5,C5 (Coastal Forest),Reference
ceh18,2016,5,-0.7093333333333333,-0.6493333333333333,-0.43599999999999994,-0.376,0,5,C5 (Coastal Forest),Reference
ceh18,2017,5,-0.64,-0.58,-0.35200000000000004,-0.29200000000000004,0,5,C5 (Coastal Forest),Reference
ceh18,2018,5,-0.682,-0.622,-0.394,-0.334,0,5,C5 (Coastal Forest),Reference
ceh18,2019,5,-0.798,-0.7380000000000001,-0.528,-0.4680000000000001,0,5,C5 (Coastal Forest),Reference
ceh18,2020,5,-0.784,-0.7240000000000001,-0.438,-0.378,0,5,C5 (Coastal Forest),Reference
ceh18,2021,5,-0.778,-0.7180000000000002,-0.442,-0.382,0,5,C5 (Coastal Forest),Reference
ceh18,2022,5,-0.766,-0.7060000000000001,-0.406,-0.346,0,5,C5 (Coastal Forest),Reference
ceh18,2023,5,-0.7979999999999999,-0.7380000000000001,-0.462,-0.402,0,5,C5 (Coastal Forest),Reference
ceh18,2024,5,-0.6713333333333333,-0.6113333333333333,-0.34,-0.27999999999999997,0,5,C5 (Coastal Forest),Reference
ceh18,2025,5,-0.6953333333333332,-0.6353333333333333,-0.42000000000000004,-0.36,0,5,C5 (Coastal Forest),Reference
ceh19,2012,5,-0.8779999999999999,-0.728,-0.626,-0.476,0,4,C4 (Main Forest),Reference
ceh19,2013,5,-0.9033333333333333,-0.7533333333333333,-0.6279999999999999,-0.47800000000000004,0,4,C4 (Main Forest),Reference
ceh19,2014,5,-0.8953333333333333,-0.7453333333333333,-0.648,-0.49800000000000005,0,4,C4 (Main Forest),Reference
ceh19,2015,5,-0.9373333333333334,-0.7873333333333333,-0.692,-0.542,0,4,C4 (Main Forest),Reference
ceh19,2016,5,-0.8786666666666667,-0.7286666666666666,-0.6380000000000001,-0.4880000000000001,0,4,C4 (Main Forest),Reference
ceh19,2017,5,-0.818,-0.6679999999999999,-0.5940000000000001,-0.44399999999999995,0,4,C4 (Main Forest),Reference
ceh19,2018,5,-0.8573333333333334,-0.7073333333333334,-0.658,-0.508,0,4,C4 (Main Forest),Reference
ceh19,2019,5,-0.9713333333333333,-0.8213333333333332,-0.79,-0.64,0,4,C4 (Main Forest),Reference
ceh19,2020,5,-0.9813333333333333,-0.8313333333333333,-0.796,-0.6459999999999999,0,4,C4 (Main Forest),Reference
ceh19,2021,5,-0.9753333333333334,-0.8253333333333333,-0.806,-0.6559999999999999,0,4,C4 (Main Forest),Reference
ceh19,2022,5,-0.9586666666666666,-0.8086666666666666,-0.7939999999999999,-0.6439999999999999,0,4,C4 (Main Forest),Reference
ceh19,2023,5,-0.9706666666666667,-0.8206666666666667,-0.798,-0.648,0,4,C4 (Main Forest),Reference
ceh19,2024,5,-0.852,-0.702,-0.6980000000000001,-0.5479999999999998,0,4,C4 (Main Forest),Reference
ceh19,2025,5,-0.8306666666666667,-0.6806666666666666,-0.674,-0.524,0,4,C4 (Main Forest),Reference
ceh2,2011,5,-1.0766666666666667,-0.3666666666666667,-0.752,-0.04200000000000008,0,3,C3 (Western Residual),Reference
ceh2,2017,5,-1.0253333333333332,-0.31533333333333335,-0.7819999999999999,-0.07200000000000004,0,3,C3 (Western Residual),Reference
ceh2,2018,5,-1.0766666666666667,-0.36666666666666664,-0.8640000000000001,-0.15400000000000008,0,3,C3 (Western Residual),Reference
ceh2,2019,5,-1.2466666666666666,-0.5366666666666666,-1.052,-0.3420000000000001,0,3,C3 (Western Residual),Reference
ceh2,2020,5,-1.2639999999999998,-0.5539999999999999,-1.084,-0.37400000000000005,0,3,C3 (Western Residual),Reference
ceh2,2021,5,-1.19,-0.47999999999999987,-0.9380000000000001,-0.22800000000000004,0,3,C3 (Western Residual),Reference
ceh2,2022,5,-1.098,-0.388,-0.866,-0.15600000000000006,0,3,C3 (Western Residual),Reference
ceh2,2023,5,-1.1266666666666665,-0.4166666666666667,-0.892,-0.18200000000000002,0,3,C3 (Western Residual),Reference
ceh2,2024,5,-0.8833333333333335,-0.1733333333333334,-0.642,0.06799999999999998,0,3,C3 (Western Residual),Reference
ceh2,2025,5,-0.8459999999999999,-0.13600000000000004,-0.5660000000000001,0.14399999999999996,0,3,C3 (Western Residual),Reference
ceh20,2013,5,-1.308,-1.198,-1.016,-0.9059999999999999,0,3,C3 (Western Residual),Reference
ceh20,2014,5,-1.2906666666666669,-1.1806666666666668,-1.064,-0.954,0,3,C3 (Western Residual),Reference
ceh20,2015,5,-1.3253333333333335,-1.2153333333333332,-1.074,-0.9640000000000001,0,3,C3 (Western Residual),Reference
ceh20,2016,5,-1.1693333333333333,-1.0593333333333332,-0.9520000000000002,-0.842,0,3,C3 (Western Residual),Reference
ceh20,2017,5,-1.032,-0.9219999999999999,-0.804,-0.694,0,3,C3 (Western Residual),Reference
ceh20,2018,5,-1.082,-0.9719999999999999,-0.876,-0.7659999999999999,0,3,C3 (Western Residual),Reference
ceh20,2019,5,-1.2386666666666666,-1.1286666666666665,-1.034,-0.9239999999999998,0,3,C3 (Western Residual),Reference
ceh20,2020,5,-1.256,-1.1459999999999997,-1.0799999999999998,-0.97,0,3,C3 (Western Residual),Reference
ceh20,2021,5,-1.2040000000000002,-1.0939999999999999,-1.028,-0.9179999999999998,0,3,C3 (Western Residual),Reference
ceh20,2022,5,-1.1246666666666667,-1.0146666666666664,-0.9759999999999998,-0.8659999999999999,0,3,C3 (Western Residual),Reference
ceh20,2023,5,-1.1526666666666667,-1.0426666666666666,-0.982,-0.8720000000000001,0,3,C3 (Western Residual),Reference
ceh20,2024,5,-0.9639999999999999,-0.8539999999999999,-0.8039999999999999,-0.694,0,3,C3 (Western Residual),Reference
ceh20,2025,5,-0.9273333333333333,-0.8173333333333332,-0.732,-0.622,0,3,C3 (Western Residual),Reference
ceh21,2015,5,-1.0086666666666668,-0.9586666666666666,-0.7700000000000001,-0.72,0,5,C5 (Coastal Forest),Reference
ceh21,2016,5,-0.9106666666666667,-0.8606666666666667,-0.662,-0.6119999999999999,0,5,C5 (Coastal Forest),Reference
ceh21,2017,5,-0.8453333333333333,-0.7953333333333333,-0.608,-0.558,0,5,C5 (Coastal Forest),Reference
ceh21,2018,5,-0.8846666666666667,-0.8346666666666666,-0.694,-0.644,0,5,C5 (Coastal Forest),Reference
ceh21,2019,5,-1.0059999999999998,-0.9559999999999998,-0.826,-0.776,0,5,C5 (Coastal Forest),Reference
ceh21,2020,5,-1.002,-0.952,-0.8160000000000001,-0.766,0,5,C5 (Coastal Forest),Reference
ceh21,2021,5,-1.0013333333333332,-0.9513333333333331,-0.8320000000000001,-0.782,0,5,C5 (Coastal Forest),Reference
ceh21,2022,5,-1.012,-0.962,-0.826,-0.776,0,5,C5 (Coastal Forest),Reference
ceh21,2023,5,-1.0393333333333332,-0.9893333333333334,-0.8520000000000001,-0.8019999999999999,0,5,C5 (Coastal Forest),Reference
ceh21,2024,5,-0.9119999999999999,-0.8619999999999999,-0.728,-0.6779999999999999,0,5,C5 (Coastal Forest),Reference
ceh21,2025,5,-0.9226666666666666,-0.8726666666666667,-0.7340000000000001,-0.6839999999999999,0,5,C5 (Coastal Forest),Reference
ceh22,2014,5,-0.44799999999999995,-0.398,-0.186,-0.13600000000000004,0,2,C2 (Dune),Extended
ceh22,2015,5,-0.5186666666666667,-0.46866666666666673,-0.254,-0.20400000000000001,0,2,C2 (Dune),Extended
ceh22,2016,5,-0.4446666666666667,-0.3946666666666666,-0.14399999999999996,-0.09399999999999999,0,2,C2 (Dune),Extended
ceh22,2017,5,-0.3833333333333334,-0.33333333333333337,-0.124,-0.07399999999999998,0,2,C2 (Dune),Extended
ceh22,2018,5,-0.4133333333333333,-0.36333333333333334,-0.20999999999999996,-0.16,0,2,C2 (Dune),Extended
ceh22,2019,5,-0.522,-0.472,-0.32399999999999995,-0.274,0,2,C2 (Dune),Extended
ceh22,2020,5,-0.5293333333333333,-0.4793333333333333,-0.286,-0.236,0,2,C2 (Dune),Extended
ceh22,2021,5,-0.5466666666666666,-0.4966666666666666,-0.326,-0.27599999999999997,0,2,C2 (Dune),Extended
ceh22,2022,5,-0.5833333333333333,-0.5333333333333332,-0.31800000000000006,-0.268,0,2,C2 (Dune),Extended
ceh22,2023,5,-0.6119999999999999,-0.5619999999999999,-0.344,-0.294,0,2,C2 (Dune),Extended
ceh22,2024,5,-0.538,-0.488,-0.288,-0.238,0,2,C2 (Dune),Extended
ceh22,2025,5,-0.5566120218579235,-0.5066120218579234,-0.33599999999999997,-0.28600000000000003,1,2,C2 (Dune),Extended
ceh23,2014,5,-0.382,-0.32200000000000006,-0.027999999999999997,0.032,0,1,C1 (Lake Edge),Reference
ceh23,2015,5,-0.382,-0.32200000000000006,-0.033999999999999996,0.026000000000000002,0,1,C1 (Lake Edge),Reference
ceh23,2016,5,-0.30733333333333335,-0.2473333333333334,-0.009999999999999995,0.05,0,1,C1 (Lake Edge),Reference
ceh23,2022,5,-0.30599999999999994,-0.246,-0.019999999999999997,0.04,0,1,C1 (Lake Edge),Reference
ceh23,2023,5,-0.31101639344262294,-0.25101639344262294,-0.010000000000000002,0.05,1,1,C1 (Lake Edge),Reference
ceh23,2024,5,-0.2756830601092896,-0.21568306010928961,0.026000000000000002,0.086,1,1,C1 (Lake Edge),Reference
ceh23,2025,5,-0.2783497267759563,-0.2183497267759563,0.026000000000000002,0.086,1,1,C1 (Lake Edge),Reference
ceh24,2014,5,-0.29533333333333334,-0.14533333333333331,0.023999999999999987,0.174,0,2,C2 (Dune),Reference
ceh24,2015,5,-0.32200000000000006,-0.172,0.010000000000000005,0.15999999999999998,0,2,C2 (Dune),Reference
ceh24,2016,5,-0.16266666666666668,-0.012666666666666682,0.126,0.27599999999999997,0,2,C2 (Dune),Reference
ceh24,2017,5,-0.09133333333333335,0.058666666666666645,0.21200000000000002,0.362,0,2,C2 (Dune),Reference
ceh24,2018,5,-0.14200000000000004,0.007999999999999962,0.12600000000000003,0.276,0,2,C2 (Dune),Reference
ceh24,2019,5,-0.25,-0.10000000000000002,0.0020000000000000018,0.15199999999999997,0,2,C2 (Dune),Reference
ceh24,2020,5,-0.22733333333333333,-0.07733333333333334,0.048,0.19799999999999998,0,2,C2 (Dune),Reference
ceh24,2021,5,-0.2166666666666667,-0.06666666666666668,0.052000000000000005,0.202,0,2,C2 (Dune),Reference
ceh24,2022,5,-0.19466666666666668,-0.04466666666666668,0.10200000000000001,0.252,0,2,C2 (Dune),Reference
ceh24,2023,5,-0.2173333333333333,-0.06733333333333334,0.08600000000000001,0.23600000000000004,0,2,C2 (Dune),Reference
ceh24,2024,5,-0.08600000000000001,0.06399999999999999,0.22000000000000003,0.37,0,2,C2 (Dune),Reference
ceh24,2025,5,-0.11733333333333336,0.032666666666666656,0.20400000000000001,0.354,0,2,C2 (Dune),Reference
ceh25,2014,5,-0.4913333333333333,-0.4663333333333333,0.072,0.097,0,1,C1 (Lake Edge),Reference
ceh25,2015,5,-0.5023333333333333,-0.4773333333333333,0.03700000000000001,0.06200000000000001,0,1,C1 (Lake Edge),Reference
ceh25,2016,5,-0.414,-0.389,0.152,0.17700000000000002,0,1,C1 (Lake Edge),Reference
ceh25,2017,5,-0.3753333333333333,-0.35033333333333333,0.176,0.201,0,1,C1 (Lake Edge),Reference
ceh25,2018,5,-0.374,-0.34900000000000003,0.156,0.18100000000000002,0,1,C1 (Lake Edge),Reference
ceh25,2019,5,-0.396,-0.37100000000000005,0.036000000000000004,0.06100000000000002,0,1,C1 (Lake Edge),Reference
ceh25,2020,5,-0.418,-0.39299999999999996,0.142,0.167,0,1,C1 (Lake Edge),Reference
ceh25,2021,5,-0.4013333333333334,-0.3763333333333333,0.148,0.17300000000000001,0,1,C1 (Lake Edge),Reference
ceh25,2022,5,-0.406,-0.38099999999999995,0.238,0.263,0,1,C1 (Lake Edge),Reference
ceh25,2023,5,-0.38733333333333336,-0.3623333333333333,0.21399999999999997,0.23900000000000002,0,1,C1 (Lake Edge),Reference
ceh25,2024,5,-0.31933333333333336,-0.29433333333333334,0.328,0.35300000000000004,0,1,C1 (Lake Edge),Reference
ceh25,2025,5,-0.32933333333333337,-0.3043333333333333,0.306,0.331,0,1,C1 (Lake Edge),Reference
ceh26,2015,5,-0.38833333333333336,-0.36333333333333334,-0.071,-0.046000000000000006,0,1,C1 (Lake Edge),Reference
ceh26,2016,5,-0.31200000000000006,-0.28700000000000003,-0.036,-0.011000000000000005,0,1,C1 (Lake Edge),Reference
ceh26,2017,5,-0.24333333333333335,-0.21833333333333335,0.011999999999999997,0.037,0,1,C1 (Lake Edge),Reference
ceh26,2018,5,-0.24,-0.215,0.0020000000000000005,0.027000000000000003,0,1,C1 (Lake Edge),Reference
ceh26,2019,5,-0.2813333333333333,-0.25633333333333336,-0.041999999999999996,-0.016999999999999998,0,1,C1 (Lake Edge),Reference
ceh26,2020,5,-0.32,-0.29500000000000004,-0.034,-0.009,0,1,C1 (Lake Edge),Reference
ceh26,2021,5,-0.31466666666666665,-0.28966666666666663,-0.038000000000000006,-0.013000000000000001,0,1,C1 (Lake Edge),Reference
ceh26,2022,5,-0.324,-0.299,-0.030000000000000006,-0.005000000000000002,0,1,C1 (Lake Edge),Reference
ceh26,2023,5,-0.3293333333333333,-0.3043333333333333,-0.024000000000000007,0.000999999999999998,0,1,C1 (Lake Edge),Reference
ceh26,2024,5,-0.2793333333333333,-0.25433333333333336,0.022,0.047,0,1,C1 (Lake Edge),Reference
ceh26,2025,5,-0.2713333333333333,-0.2463333333333333,0.019999999999999997,0.045,0,1,C1 (Lake Edge),Reference
ceh27,2014,5,-0.396,-0.356,-0.06,-0.02000000000000001,0,1,C1 (Lake Edge),Reference
ceh27,2015,5,-0.3893333333333333,-0.34933333333333333,-0.03200000000000002,0.008000000000000002,0,1,C1 (Lake Edge),Reference
ceh27,2016,5,-0.29933333333333334,-0.2593333333333333,0.041999999999999996,0.08199999999999999,0,1,C1 (Lake Edge),Reference
ceh27,2017,5,-0.22200000000000003,-0.18200000000000002,0.126,0.166,0,1,C1 (Lake Edge),Reference
ceh27,2018,5,-0.21933333333333338,-0.17933333333333337,0.086,0.12600000000000003,0,1,C1 (Lake Edge),Reference
ceh27,2019,5,-0.27,-0.23000000000000004,0.0040000000000000036,0.044,0,1,C1 (Lake Edge),Reference
ceh27,2020,5,-0.2946666666666667,-0.2546666666666667,0.044,0.08399999999999999,0,1,C1 (Lake Edge),Reference
ceh27,2021,5,-0.27866666666666673,-0.23866666666666672,0.06400000000000002,0.10400000000000001,0,1,C1 (Lake Edge),Reference
ceh27,2022,5,-0.2726666666666666,-0.23266666666666666,0.11000000000000001,0.15,0,1,C1 (Lake Edge),Reference
ceh27,2023,5,-0.27999999999999997,-0.24,0.11600000000000002,0.156,0,1,C1 (Lake Edge),Reference
ceh27,2024,5,-0.2006666666666667,-0.16066666666666665,0.23600000000000004,0.27599999999999997,0,1,C1 (Lake Edge),Reference
ceh27,2025,5,-0.21200000000000002,-0.17200000000000001,0.23000000000000004,0.26999999999999996,0,1,C1 (Lake Edge),Reference
ceh28,2014,5,-0.45400000000000007,-0.5940000000000001,-0.128,-0.26800000000000007,0,2,C2 (Dune),Reference
ceh28,2015,5,-0.45533333333333326,-0.5953333333333333,-0.158,-0.29800000000000004,0,2,C2 (Dune),Reference
ceh28,2016,5,-0.36333333333333334,-0.5033333333333333,-0.07,-0.21000000000000002,0,2,C2 (Dune),Reference
ceh28,2017,5,-0.274,-0.41400000000000003,0.039999999999999994,-0.10000000000000002,0,2,C2 (Dune),Reference
ceh28,2018,5,-0.2606666666666667,-0.40066666666666667,0.030000000000000006,-0.11000000000000003,0,2,C2 (Dune),Reference
ceh28,2025,5,-0.2556830601092896,-0.39568306010928966,0.10400000000000001,-0.03600000000000001,1,2,C2 (Dune),Reference
ceh3,2011,5,-0.7806666666666666,-0.7706666666666666,-0.51,-0.5,0,5,C5 (Coastal Forest),Extended
ceh3,2012,5,-0.9606666666666666,-0.9506666666666665,-0.6839999999999999,-0.674,0,5,C5 (Coastal Forest),Extended
ceh3,2013,5,-1.0159999999999998,-1.006,-0.74,-0.7299999999999999,0,5,C5 (Coastal Forest),Extended
ceh3,2014,5,-1.0326666666666666,-1.0226666666666666,-0.7619999999999999,-0.752,0,5,C5 (Coastal Forest),Extended
ceh3,2015,5,-1.1046666666666667,-1.0946666666666667,-0.828,-0.818,0,5,C5 (Coastal Forest),Extended
ceh3,2016,5,-1.0926666666666667,-1.0826666666666664,-0.762,-0.752,0,5,C5 (Coastal Forest),Extended
ceh3,2017,5,-1.046,-1.036,-0.78,-0.77,0,5,C5 (Coastal Forest),Extended
ceh3,2018,5,-1.0893333333333333,-1.0793333333333333,-0.852,-0.842,0,5,C5 (Coastal Forest),Extended
ceh3,2019,5,-1.1973333333333334,-1.1873333333333334,-0.9700000000000001,-0.9600000000000002,0,5,C5 (Coastal Forest),Extended
ceh3,2020,5,-1.216,-1.206,-0.952,-0.942,0,5,C5 (Coastal Forest),Extended
ceh3,2021,5,-1.2086666666666666,-1.1986666666666665,-1.008,-0.998,0,5,C5 (Coastal Forest),Extended
ceh3,2022,5,-1.2346666666666668,-1.2246666666666666,-1.004,-0.9939999999999998,0,5,C5 (Coastal Forest),Extended
ceh3,2023,5,-1.2293333333333334,-1.2193333333333336,-1.002,-0.992,0,5,C5 (Coastal Forest),Extended
ceh3,2024,5,-1.130666666666667,-1.1206666666666665,-0.8960000000000001,-0.8859999999999999,0,5,C5 (Coastal Forest),Extended
ceh3,2025,5,-1.0806666666666669,-1.0706666666666664,-0.8779999999999999,-0.868,0,5,C5 (Coastal Forest),Extended
ceh30,2015,5,-1.761333333333333,-1.7013333333333331,-1.504,-1.444,0,3,C3 (Western Residual),Reference
ceh30,2016,5,-1.6179999999999999,-1.5579999999999998,-1.3880000000000001,-1.3279999999999998,0,3,C3 (Western Residual),Reference
ceh30,2017,5,-1.4953333333333334,-1.4353333333333331,-1.258,-1.198,0,3,C3 (Western Residual),Reference
ceh30,2018,5,-1.5413333333333334,-1.4813333333333332,-1.332,-1.2719999999999998,0,3,C3 (Western Residual),Reference
ceh30,2019,5,-1.6886666666666668,-1.6286666666666665,-1.484,-1.424,0,3,C3 (Western Residual),Reference
ceh30,2020,5,-1.7006666666666668,-1.6406666666666667,-1.5260000000000002,-1.466,0,3,C3 (Western Residual),Reference
ceh30,2021,5,-1.6593333333333333,-1.5993333333333335,-1.486,-1.4260000000000002,0,3,C3 (Western Residual),Reference
ceh30,2022,5,-1.5953333333333335,-1.5353333333333332,-1.44,-1.38,0,3,C3 (Western Residual),Reference
ceh30,2023,5,-1.6173333333333335,-1.5573333333333332,-1.4420000000000002,-1.3820000000000001,0,3,C3 (Western Residual),Reference
ceh30,2024,5,-1.4453333333333334,-1.385333333333333,-1.28,-1.22,0,3,C3 (Western Residual),Reference
ceh30,2025,5,-1.424,-1.364,-1.2120000000000002,-1.152,0,3,C3 (Western Residual),Reference
ceh31,2015,5,-1.5753333333333335,-1.4053333333333335,-1.324,-1.1540000000000001,0,4,C4 (Main Forest),Reference
ceh31,2016,5,-1.4786666666666668,-1.3086666666666669,-1.242,-1.072,0,4,C4 (Main Forest),Reference
ceh31,2017,5,-1.3973333333333333,-1.2273333333333334,-1.162,-0.992,0,4,C4 (Main Forest),Reference
ceh31,2018,5,-1.4326666666666665,-1.2626666666666666,-1.23,-1.06,0,4,C4 (Main Forest),Reference
ceh31,2019,5,-1.5506666666666666,-1.3806666666666667,-1.372,-1.2020000000000002,0,4,C4 (Main Forest),Reference
ceh31,2020,5,-1.5539999999999998,-1.384,-1.3739999999999999,-1.204,0,4,C4 (Main Forest),Reference
ceh31,2021,5,-1.5313333333333332,-1.3613333333333333,-1.3459999999999999,-1.176,0,4,C4 (Main Forest),Reference
ceh31,2022,5,-1.4926666666666668,-1.3226666666666669,-1.2899999999999998,-1.1199999999999999,0,4,C4 (Main Forest),Reference
ceh31,2023,5,-1.5093333333333336,-1.3393333333333335,-1.3079999999999998,-1.138,0,4,C4 (Main Forest),Reference
ceh31,2024,5,-1.3953333333333338,-1.2253333333333334,-1.196,-1.026,0,4,C4 (Main Forest),Reference
ceh31,2025,5,-1.3813333333333333,-1.2113333333333334,-1.1800000000000002,-1.01,0,4,C4 (Main Forest),Reference
ceh32,2015,5,-1.811333333333333,-1.7713333333333332,-1.552,-1.512,0,3,C3 (Western Residual),Reference
ceh32,2016,5,-1.6280000000000001,-1.5879999999999999,-1.4040000000000001,-1.364,0,3,C3 (Western Residual),Reference
ceh32,2017,5,-1.4513333333333334,-1.411333333333333,-1.222,-1.1819999999999997,0,3,C3 (Western Residual),Reference
ceh32,2018,5,-1.5193333333333334,-1.4793333333333334,-1.306,-1.266,0,3,C3 (Western Residual),Reference
ceh32,2019,5,-1.7013333333333336,-1.6613333333333333,-1.492,-1.452,0,3,C3 (Western Residual),Reference
ceh32,2020,5,-1.7333333333333336,-1.6933333333333334,-1.568,-1.528,0,3,C3 (Western Residual),Reference
ceh32,2021,5,-1.6640000000000001,-1.624,-1.484,-1.444,0,3,C3 (Western Residual),Reference
ceh32,2022,5,-1.56,-1.52,-1.4240000000000002,-1.384,0,3,C3 (Western Residual),Reference
ceh32,2023,5,-1.5966666666666667,-1.5566666666666666,-1.432,-1.392,0,3,C3 (Western Residual),Reference
ceh32,2024,5,-1.3940000000000001,-1.354,-1.2120000000000002,-1.1720000000000002,0,3,C3 (Western Residual),Reference
ceh32,2025,5,-1.336,-1.296,-1.108,-1.068,0,3,C3 (Western Residual),Reference
ceh33,2015,5,-1.7953333333333332,-1.7353333333333332,-1.538,-1.478,0,3,C3 (Western Residual),Reference
ceh33,2016,5,-1.6406666666666667,-1.5806666666666664,-1.41,-1.35,0,3,C3 (Western Residual),Reference
ceh33,2017,5,-1.4966666666666666,-1.4366666666666663,-1.264,-1.204,0,3,C3 (Western Residual),Reference
ceh33,2018,5,-1.5513333333333335,-1.4913333333333334,-1.342,-1.282,0,3,C3 (Western Residual),Reference
ceh33,2019,5,-1.7093333333333334,-1.6493333333333335,-1.51,-1.45,0,3,C3 (Western Residual),Reference
ceh33,2020,5,-1.73,-1.67,-1.566,-1.5060000000000002,0,3,C3 (Western Residual),Reference
ceh33,2021,5,-1.686,-1.6260000000000001,-1.524,-1.464,0,3,C3 (Western Residual),Reference
ceh33,2022,5,-1.6073333333333335,-1.5473333333333332,-1.476,-1.416,0,3,C3 (Western Residual),Reference
ceh33,2023,5,-1.6320000000000001,-1.5719999999999998,-1.482,-1.422,0,3,C3 (Western Residual),Reference
ceh33,2024,5,-1.45,-1.39,-1.306,-1.246,0,3,C3 (Western Residual),Reference
ceh33,2025,5,-1.409333333333333,-1.3493333333333333,-1.238,-1.1779999999999997,0,3,C3 (Western Residual),Reference
ceh34,2015,5,-0.9226666666666666,-0.8726666666666667,-0.6799999999999999,-0.6299999999999999,0,3,C3 (Western Residual),Reference
ceh34,2016,5,-0.7533333333333333,-0.7033333333333334,-0.53,-0.48,0,3,C3 (Western Residual),Reference
ceh34,2017,5,-0.6,-0.55,-0.36,-0.30999999999999994,0,3,C3 (Western Residual),Reference
ceh34,2018,5,-0.6533333333333334,-0.6033333333333333,-0.43200000000000005,-0.382,0,3,C3 (Western Residual),Reference
ceh34,2019,5,-0.8293333333333333,-0.7793333333333333,-0.6260000000000001,-0.576,0,3,C3 (Western Residual),Reference
ceh34,2020,5,-0.8546666666666667,-0.8046666666666666,-0.6739999999999999,-0.6239999999999999,0,3,C3 (Western Residual),Reference
ceh34,2021,5,-0.7953333333333333,-0.7453333333333333,-0.6260000000000001,-0.576,0,3,C3 (Western Residual),Reference
ceh34,2022,5,-0.7073333333333334,-0.6573333333333332,-0.576,-0.526,0,3,C3 (Western Residual),Reference
ceh34,2023,5,-0.744,-0.694,-0.606,-0.5559999999999999,0,3,C3 (Western Residual),Reference
ceh34,2024,5,-0.5273333333333333,-0.4773333333333333,-0.38799999999999996,-0.33799999999999997,0,3,C3 (Western Residual),Reference
ceh34,2025,5,-0.484,-0.434,-0.31199999999999994,-0.262,0,3,C3 (Western Residual),Reference
ceh35,2015,5,-0.6523606557377049,-0.612360655737705,-0.33199999999999996,-0.2919999999999999,0,2,C2 (Dune),Extended
ceh36,2015,5,-0.7473333333333333,-0.7173333333333334,-0.454,-0.42399999999999993,0,5,C5 (Coastal Forest),Reference
ceh36,2016,5,-0.6293333333333333,-0.5993333333333333,-0.34,-0.31,0,5,C5 (Coastal Forest),Reference
ceh36,2017,5,-0.53,-0.5,-0.25,-0.21999999999999997,0,5,C5 (Coastal Forest),Reference
ceh36,2018,5,-0.5439999999999999,-0.514,-0.288,-0.258,0,5,C5 (Coastal Forest),Reference
ceh36,2019,5,-0.6246666666666666,-0.5946666666666666,-0.414,-0.384,0,5,C5 (Coastal Forest),Reference
ceh36,2020,5,-0.6006666666666667,-0.5706666666666667,-0.378,-0.348,0,5,C5 (Coastal Forest),Reference
ceh36,2021,5,-0.584,-0.554,-0.366,-0.33599999999999997,0,5,C5 (Coastal Forest),Reference
ceh36,2022,5,-0.584,-0.5539999999999999,-0.33599999999999997,-0.306,0,5,C5 (Coastal Forest),Reference
ceh36,2023,5,-0.604,-0.5740000000000001,-0.362,-0.33199999999999996,0,5,C5 (Coastal Forest),Reference
ceh36,2024,5,-0.48533333333333334,-0.45533333333333337,-0.256,-0.22600000000000003,0,5,C5 (Coastal Forest),Reference
ceh36,2025,5,-0.48533333333333334,-0.45533333333333337,-0.22600000000000003,-0.196,0,5,C5 (Coastal Forest),Reference
ceh37,2015,5,-0.40933333333333327,-0.40933333333333327,-0.033999999999999975,-0.033999999999999975,0,2,C2 (Dune),Extended
ceh37,2016,5,-0.2221552511415525,-0.2221552511415525,0.09200000000000001,0.09200000000000001,1,2,C2 (Dune),Extended
ceh37,2022,5,-0.279,-0.279,0.038000000000000006,0.038000000000000006,0,2,C2 (Dune),Extended
ceh37,2023,5,-0.2766775956284153,-0.2766775956284153,0.05000000000000001,0.05000000000000001,1,2,C2 (Dune),Extended
ceh37,2024,5,-0.119344262295082,-0.119344262295082,0.21000000000000002,0.21000000000000002,1,2,C2 (Dune),Extended
ceh38,2015,5,-0.5993333333333334,-0.5993333333333334,-0.31,-0.31,0,3,C3 (Western Residual),Extended
ceh39,2018,5,-0.3388306010928962,-0.29883060109289616,-0.10600000000000001,-0.066,1,5,C5 (Coastal Forest),Reference
ceh39,2019,5,-0.44866666666666666,-0.4086666666666666,-0.23200000000000004,-0.192,0,5,C5 (Coastal Forest),Reference
ceh39,2020,5,-0.43133333333333335,-0.39133333333333337,-0.22800000000000004,-0.188,0,5,C5 (Coastal Forest),Reference
ceh39,2021,5,-0.41204371584699456,-0.3720437158469945,-0.22400000000000003,-0.184,1,5,C5 (Coastal Forest),Reference
ceh39,2022,5,-0.3653770491803279,-0.32537704918032795,-0.186,-0.146,1,5,C5 (Coastal Forest),Reference
ceh39,2023,5,-0.3867103825136612,-0.3467103825136612,-0.2,-0.16,1,5,C5 (Coastal Forest),Reference
ceh39,2024,5,-0.24671038251366117,-0.20671038251366122,-0.07600000000000001,-0.036000000000000004,1,5,C5 (Coastal Forest),Reference
ceh39,2025,5,-0.2527103825136612,-0.21271038251366123,-0.05600000000000001,-0.016000000000000004,1,5,C5 (Coastal Forest),Reference
ceh4,2011,5,-0.43933333333333335,-0.36933333333333335,-0.178,-0.10799999999999998,0,5,C5 (Coastal Forest),Reference
ceh4,2012,5,-0.6253333333333334,-0.5553333333333333,-0.348,-0.27799999999999997,0,5,C5 (Coastal Forest),Reference
ceh4,2013,5,-0.6726666666666666,-0.6026666666666667,-0.348,-0.27799999999999997,0,5,C5 (Coastal Forest),Reference
ceh4,2014,5,-0.6666666666666667,-0.5966666666666668,-0.35800000000000004,-0.288,0,5,C5 (Coastal Forest),Reference
ceh4,2015,5,-0.7246666666666667,-0.6546666666666667,-0.41200000000000003,-0.34199999999999997,0,5,C5 (Coastal Forest),Reference
ceh4,2016,5,-0.6220000000000001,-0.552,-0.29200000000000004,-0.22199999999999998,0,5,C5 (Coastal Forest),Reference
ceh4,2017,5,-0.5673333333333332,-0.4973333333333333,-0.244,-0.174,0,5,C5 (Coastal Forest),Reference
ceh4,2018,5,-0.6,-0.53,-0.344,-0.27399999999999997,0,5,C5 (Coastal Forest),Reference
ceh4,2019,5,-0.7013333333333334,-0.6313333333333334,-0.46399999999999997,-0.394,0,5,C5 (Coastal Forest),Reference
ceh4,2020,5,-0.6940000000000001,-0.624,-0.434,-0.364,0,5,C5 (Coastal Forest),Reference
ceh4,2021,5,-0.6880000000000001,-0.618,-0.43600000000000005,-0.366,0,5,C5 (Coastal Forest),Reference
ceh4,2022,5,-0.684,-0.614,-0.4,-0.33,0,5,C5 (Coastal Forest),Reference
ceh4,2023,5,-0.7073333333333334,-0.6373333333333333,-0.41400000000000003,-0.34400000000000003,0,5,C5 (Coastal Forest),Reference
ceh4,2024,5,-0.5826666666666667,-0.5126666666666668,-0.30200000000000005,-0.23200000000000004,0,5,C5 (Coastal Forest),Reference
ceh4,2025,5,-0.6053333333333334,-0.5353333333333333,-0.31799999999999995,-0.248,0,5,C5 (Coastal Forest),Reference
ceh40,2019,5,-0.506,-0.45599999999999996,-0.30999999999999994,-0.25999999999999995,0,5,C5 (Coastal Forest),Reference
ceh40,2020,5,-0.48599999999999993,-0.43599999999999994,-0.298,-0.24799999999999994,0,5,C5 (Coastal Forest),Reference
ceh40,2021,5,-0.4793333333333333,-0.4293333333333333,-0.268,-0.21799999999999997,0,5,C5 (Coastal Forest),Reference
ceh40,2022,5,-0.44066666666666665,-0.39066666666666666,-0.246,-0.19599999999999998,0,5,C5 (Coastal Forest),Reference
ceh40,2023,5,-0.4613333333333333,-0.41133333333333333,-0.266,-0.21600000000000003,0,5,C5 (Coastal Forest),Reference
ceh40,2024,5,-0.3673333333333334,-0.31733333333333336,-0.176,-0.126,0,5,C5 (Coastal Forest),Reference
ceh40,2025,5,-0.382,-0.332,-0.174,-0.124,0,5,C5 (Coastal Forest),Reference
ceh41,2019,5,-0.38466666666666666,-0.32466666666666666,-0.178,-0.11800000000000002,0,5,C5 (Coastal Forest),Reference
ceh41,2020,5,-0.35266666666666663,-0.2926666666666667,-0.146,-0.086,0,5,C5 (Coastal Forest),Reference
ceh41,2021,5,-0.3406666666666666,-0.2806666666666667,-0.142,-0.082,0,5,C5 (Coastal Forest),Reference
ceh41,2022,5,-0.2926666666666667,-0.23266666666666666,-0.09,-0.030000000000000006,0,5,C5 (Coastal Forest),Reference
ceh41,2023,5,-0.32133333333333336,-0.2613333333333333,-0.12,-0.06000000000000001,0,5,C5 (Coastal Forest),Reference
ceh41,2024,5,-0.2033333333333333,-0.14333333333333334,-0.019999999999999997,0.039999999999999994,0,5,C5 (Coastal Forest),Reference
ceh41,2025,5,-0.23133333333333334,-0.17133333333333334,-0.026000000000000002,0.033999999999999996,0,5,C5 (Coastal Forest),Reference
ceh42,2019,5,-0.4586666666666666,-0.3286666666666666,-0.198,-0.068,0,5,C5 (Coastal Forest),Reference
ceh42,2020,5,-0.4253333333333334,-0.29533333333333334,-0.14200000000000004,-0.01200000000000001,0,5,C5 (Coastal Forest),Reference
ceh42,2021,5,-0.3666666666666667,-0.23666666666666666,-0.11400000000000002,0.015999999999999993,0,5,C5 (Coastal Forest),Reference
ceh42,2022,5,-0.34400000000000003,-0.21399999999999997,-0.04000000000000002,0.09,0,5,C5 (Coastal Forest),Reference
ceh42,2023,5,-0.3393333333333334,-0.20933333333333337,-0.02400000000000001,0.10599999999999998,0,5,C5 (Coastal Forest),Reference
ceh42,2024,5,-0.188,-0.05800000000000001,0.13599999999999995,0.266,0,5,C5 (Coastal Forest),Reference
ceh42,2025,5,-0.2013333333333333,-0.0713333333333333,0.10799999999999998,0.238,0,5,C5 (Coastal Forest),Reference
ceh5,2011,5,-0.3913333333333333,-0.3413333333333333,0.05800000000000001,0.10800000000000001,0,1,C1 (Lake Edge),Reference
ceh5,2012,5,-0.466,-0.41600000000000004,-0.05,-1.1102230246251566e-17,0,1,C1 (Lake Edge),Reference
ceh5,2013,5,-0.45522033898305087,-0.40522033898305077,0.012,0.061999999999999986,1,1,C1 (Lake Edge),Reference
ceh5,2014,5,-0.4085536723163842,-0.3585536723163842,0.015999999999999986,0.06599999999999999,1,1,C1 (Lake Edge),Reference
ceh5,2015,5,-0.4212203389830509,-0.37122033898305085,-0.03400000000000001,0.01599999999999999,1,1,C1 (Lake Edge),Reference
ceh5,2016,5,-0.32388700564971756,-0.2738870056497175,0.046,0.096,1,1,C1 (Lake Edge),Reference
ceh5,2017,5,-0.26122033898305086,-0.21122033898305084,0.10600000000000001,0.156,1,1,C1 (Lake Edge),Reference
ceh5,2018,5,-0.254,-0.20400000000000001,0.068,0.11800000000000002,0,1,C1 (Lake Edge),Reference
ceh5,2019,5,-0.29133333333333333,-0.24133333333333332,-0.017999999999999995,0.032000000000000015,0,1,C1 (Lake Edge),Reference
ceh5,2020,5,-0.3006666666666667,-0.2506666666666667,0.05800000000000001,0.10800000000000001,0,1,C1 (Lake Edge),Reference
ceh5,2021,5,-0.2906666666666667,-0.24066666666666667,0.05800000000000001,0.10800000000000001,0,1,C1 (Lake Edge),Reference
ceh5,2022,5,-0.2886666666666667,-0.23866666666666667,0.11000000000000001,0.16,0,1,C1 (Lake Edge),Reference
ceh5,2023,5,-0.30133333333333334,-0.25133333333333335,0.1,0.15000000000000002,0,1,C1 (Lake Edge),Reference
ceh5,2024,5,-0.23733333333333334,-0.18733333333333335,0.188,0.238,0,1,C1 (Lake Edge),Reference
ceh5,2025,5,-0.2633333333333333,-0.21333333333333332,0.17400000000000002,0.22400000000000003,0,1,C1 (Lake Edge),Reference
ceh6,2011,5,-0.358,-0.20800000000000005,0.136,0.28600000000000003,0,1,C1 (Lake Edge),Reference
ceh6,2012,5,-0.37,-0.22000000000000003,0.07200000000000001,0.22199999999999998,0,1,C1 (Lake Edge),Reference
ceh6,2013,5,-0.382,-0.23200000000000004,0.12999999999999998,0.27999999999999997,0,1,C1 (Lake Edge),Reference
ceh6,2014,5,-0.33999999999999997,-0.19000000000000003,0.13799999999999998,0.288,0,1,C1 (Lake Edge),Reference
ceh6,2015,5,-0.336,-0.18600000000000003,0.11000000000000001,0.25999999999999995,0,1,C1 (Lake Edge),Reference
ceh6,2016,5,-0.26666666666666666,-0.1166666666666667,0.19,0.33999999999999997,0,1,C1 (Lake Edge),Reference
ceh6,2017,5,-0.23600000000000004,-0.08600000000000001,0.21400000000000002,0.364,0,1,C1 (Lake Edge),Reference
ceh6,2018,5,-0.23466666666666666,-0.08466666666666667,0.184,0.33399999999999996,0,1,C1 (Lake Edge),Reference
ceh6,2019,5,-0.26266666666666666,-0.11266666666666666,0.10200000000000002,0.252,0,1,C1 (Lake Edge),Reference
ceh6,2020,5,-0.29133333333333333,-0.14133333333333334,0.156,0.306,0,1,C1 (Lake Edge),Reference
ceh6,2021,5,-0.2846666666666667,-0.13466666666666666,0.172,0.32199999999999995,0,1,C1 (Lake Edge),Reference
ceh6,2022,5,-0.2966666666666667,-0.14666666666666667,0.22000000000000003,0.37,0,1,C1 (Lake Edge),Reference
ceh6,2023,5,-0.29066666666666663,-0.14066666666666666,0.19799999999999998,0.348,0,1,C1 (Lake Edge),Reference
ceh6,2024,5,-0.23199999999999998,-0.082,0.304,0.454,0,1,C1 (Lake Edge),Reference
ceh6,2025,5,-0.23800000000000004,-0.08800000000000002,0.298,0.44800000000000006,0,1,C1 (Lake Edge),Reference
ceh7,2011,5,-0.39333333333333337,-0.32333333333333336,-0.055999999999999994,0.014000000000000012,0,2,C2 (Dune),Extended
ceh7,2017,5,-0.266,-0.196,-0.0040000000000000036,0.066,0,2,C2 (Dune),Extended
ceh8,2011,5,-0.4926666666666667,-0.29266666666666663,-0.294,-0.094,0,2,C2 (Dune),Extended
ceh8,2012,5,-0.606,-0.40599999999999997,-0.406,-0.20600000000000004,0,2,C2 (Dune),Extended
ceh8,2013,5,-0.586,-0.38599999999999995,-0.396,-0.196,0,2,C2 (Dune),Extended
ceh8,2014,5,-0.5653333333333334,-0.3653333333333333,-0.406,-0.20600000000000004,0,2,C2 (Dune),Extended
ceh8,2015,5,-0.5846666666666667,-0.3846666666666666,-0.42000000000000004,-0.22000000000000003,0,2,C2 (Dune),Extended
ceh8,2016,5,-0.49400000000000005,-0.29399999999999993,-0.376,-0.17600000000000002,0,2,C2 (Dune),Extended
ceh8,2017,5,-0.426,-0.22599999999999992,-0.288,-0.088,0,2,C2 (Dune),Extended
ceh8,2018,5,-0.44000000000000006,-0.24,-0.298,-0.09799999999999999,0,2,C2 (Dune),Extended
ceh8,2019,5,-0.4926666666666667,-0.2926666666666667,-0.344,-0.144,0,2,C2 (Dune),Extended
ceh9,2011,5,-0.49733333333333335,-0.49733333333333335,-0.262,-0.262,0,5,C5 (Coastal Forest),Reference
ceh9,2012,5,-0.7273333333333334,-0.7273333333333334,-0.4779999999999999,-0.4779999999999999,0,5,C5 (Coastal Forest),Reference
ceh9,2013,5,-0.72,-0.72,-0.462,-0.462,0,5,C5 (Coastal Forest),Reference
ceh9,2019,5,-0.6660000000000001,-0.6660000000000001,-0.4640000000000001,-0.4640000000000001,0,5,C5 (Coastal Forest),Reference
ceh9,2020,5,-0.66,-0.66,-0.45600000000000007,-0.45600000000000007,0,5,C5 (Coastal Forest),Reference
ceh9,2021,5,-0.6426666666666667,-0.6426666666666667,-0.45199999999999996,-0.45199999999999996,0,5,C5 (Coastal Forest),Reference
ceh9,2022,5,-0.5853333333333334,-0.5853333333333334,-0.41000000000000003,-0.41000000000000003,0,5,C5 (Coastal Forest),Reference
ceh9,2023,5,-0.6026666666666667,-0.6026666666666667,-0.418,-0.418,0,5,C5 (Coastal Forest),Reference
ceh9,2024,5,-0.4493333333333333,-0.4493333333333333,-0.278,-0.278,0,5,C5 (Coastal Forest),Reference
ceh9,2025,5,-0.45066666666666666,-0.45066666666666666,-0.262,-0.262,0,5,C5 (Coastal Forest),Reference
d10,2014,5,-0.35266666666666663,-0.3126666666666666,-0.08,-0.039999999999999994,0,2,C2 (Dune),Reference
d10,2015,5,-0.374,-0.33399999999999996,-0.11199999999999999,-0.072,0,2,C2 (Dune),Reference
d10,2016,5,-0.2713333333333333,-0.2313333333333333,-0.029999999999999992,0.010000000000000004,0,2,C2 (Dune),Reference
d10,2017,5,-0.19066666666666668,-0.15066666666666667,0.06000000000000001,0.1,0,2,C2 (Dune),Reference
d10,2018,5,-0.2006666666666667,-0.16066666666666668,0.012000000000000004,0.052000000000000005,0,2,C2 (Dune),Reference
d10,2019,5,-0.2766666666666667,-0.23666666666666672,-0.08199999999999999,-0.041999999999999996,0,2,C2 (Dune),Reference
d10,2020,5,-0.26400000000000007,-0.22400000000000003,-0.026000000000000002,0.014000000000000007,0,2,C2 (Dune),Reference
d10,2021,5,-0.24666666666666667,-0.2066666666666667,-0.016000000000000004,0.023999999999999994,0,2,C2 (Dune),Reference
d10,2022,5,-0.21200000000000002,-0.17200000000000004,0.052000000000000005,0.092,0,2,C2 (Dune),Reference
d10,2023,5,-0.23133333333333334,-0.19133333333333336,0.04,0.07999999999999999,0,2,C2 (Dune),Reference
d10,2024,5,-0.142,-0.10200000000000002,0.146,0.186,0,2,C2 (Dune),Reference
d10,2025,5,-0.17400000000000002,-0.134,0.128,0.16799999999999998,0,2,C2 (Dune),Reference
d15,2014,5,-0.3366666666666666,-0.18666666666666665,-0.03199999999999999,0.118,0,2,C2 (Dune),Reference
d15,2015,5,-0.35666666666666663,-0.2066666666666667,-0.04199999999999997,0.10800000000000001,0,2,C2 (Dune),Reference
d15,2016,5,-0.22599999999999998,-0.07599999999999998,0.05800000000000001,0.20800000000000002,0,2,C2 (Dune),Reference
d15,2017,5,-0.11266666666666669,0.03733333333333331,0.16799999999999998,0.31799999999999995,0,2,C2 (Dune),Reference
d15,2018,5,-0.13333333333333336,0.016666666666666642,0.10799999999999998,0.25799999999999995,0,2,C2 (Dune),Reference
d15,2019,5,-0.23266666666666672,-0.0826666666666667,-0.01200000000000001,0.13799999999999996,0,2,C2 (Dune),Reference
d15,2020,5,-0.23866666666666667,-0.0886666666666667,0.021999999999999992,0.172,0,2,C2 (Dune),Reference
d15,2021,5,-0.22200000000000003,-0.07200000000000002,0.027999999999999987,0.178,0,2,C2 (Dune),Reference
d15,2022,5,-0.17866666666666664,-0.028666666666666674,0.11399999999999999,0.26399999999999996,0,2,C2 (Dune),Reference
d15,2023,5,-0.18866666666666665,-0.03866666666666667,0.11599999999999999,0.26599999999999996,0,2,C2 (Dune),Reference
d15,2024,5,-0.06000000000000001,0.09,0.26,0.41,0,2,C2 (Dune),Reference
d15,2025,5,-0.07066666666666668,0.07933333333333333,0.258,0.40800000000000003,0,2,C2 (Dune),Reference
d17,2014,5,-0.3286666666666667,-0.2786666666666667,-0.07199999999999998,-0.02200000000000001,0,2,C2 (Dune),Reference
d17,2015,5,-0.3373333333333333,-0.28733333333333333,-0.041999999999999996,0.008000000000000007,0,2,C2 (Dune),Reference
d17,2016,5,-0.22066666666666665,-0.17066666666666666,0.05000000000000001,0.1,0,2,C2 (Dune),Reference
d17,2017,5,-0.12999999999999998,-0.07999999999999999,0.15200000000000002,0.202,0,2,C2 (Dune),Reference
d17,2018,5,-0.15399999999999997,-0.10399999999999998,0.09600000000000002,0.146,0,2,C2 (Dune),Reference
d17,2019,5,-0.238,-0.188,-0.013999999999999995,0.036,0,2,C2 (Dune),Reference
d17,2020,5,-0.23400000000000004,-0.184,0.03,0.07999999999999999,0,2,C2 (Dune),Reference
d17,2021,5,-0.22266666666666665,-0.17266666666666666,0.03199999999999999,0.08199999999999999,0,2,C2 (Dune),Reference
d17,2022,5,-0.19266666666666668,-0.14266666666666666,0.10800000000000001,0.15799999999999997,0,2,C2 (Dune),Reference
d17,2023,5,-0.2046666666666667,-0.15466666666666667,0.11000000000000001,0.16,0,2,C2 (Dune),Reference
d17,2024,5,-0.14666666666666667,-0.09666666666666668,0.23400000000000004,0.284,0,2,C2 (Dune),Reference
d17,2025,5,-0.16266666666666665,-0.11266666666666666,0.22400000000000003,0.27399999999999997,0,2,C2 (Dune),Reference
d25,2014,5,-0.518,-0.46799999999999997,-0.2,-0.14999999999999997,0,5,C5 (Coastal Forest),Reference
d25,2015,5,-0.5493333333333335,-0.4993333333333333,-0.21400000000000002,-0.16399999999999998,0,5,C5 (Coastal Forest),Reference
d25,2016,5,-0.3993333333333333,-0.3493333333333333,-0.06400000000000002,-0.014000000000000002,0,5,C5 (Coastal Forest),Reference
d25,2017,5,-0.33,-0.27999999999999997,0.02200000000000001,0.07199999999999998,0,5,C5 (Coastal Forest),Reference
d25,2018,5,-0.37733333333333335,-0.3273333333333333,-0.094,-0.044000000000000004,0,5,C5 (Coastal Forest),Reference
d25,2019,5,-0.5066666666666666,-0.45666666666666667,-0.26,-0.21000000000000002,0,5,C5 (Coastal Forest),Reference
d25,2020,5,-0.4800000000000001,-0.43,-0.21200000000000002,-0.162,0,5,C5 (Coastal Forest),Reference
d25,2021,5,-0.46266666666666667,-0.4126666666666667,-0.202,-0.15200000000000002,0,5,C5 (Coastal Forest),Reference
d25,2022,5,-0.41933333333333334,-0.36933333333333335,-0.12400000000000003,-0.07400000000000002,0,5,C5 (Coastal Forest),Reference
d25,2023,5,-0.41577049180327874,-0.3657704918032787,-0.126,-0.076,1,5,C5 (Coastal Forest),Reference
d25,2024,5,-0.26043715846994536,-0.21043715846994537,0.04,0.09,1,5,C5 (Coastal Forest),Reference
d38,2014,5,-0.6180000000000001,-0.5080000000000001,-0.14999999999999997,-0.040000000000000015,0,2,C2 (Dune),Reference
d38,2015,5,-0.6553333333333333,-0.5453333333333334,-0.21199999999999997,-0.10200000000000001,0,2,C2 (Dune),Reference
d38,2016,5,-0.506,-0.396,-0.041999999999999996,0.06799999999999999,0,2,C2 (Dune),Reference
d38,2017,5,-0.4526666666666667,-0.34266666666666673,-0.0019999999999999797,0.10800000000000001,0,2,C2 (Dune),Reference
d38,2018,5,-0.502,-0.392,-0.146,-0.03600000000000001,0,2,C2 (Dune),Reference
d38,2019,5,-0.612,-0.502,-0.312,-0.202,0,2,C2 (Dune),Reference
d38,2020,5,-0.6046666666666666,-0.4946666666666667,-0.22399999999999998,-0.11399999999999999,0,2,C2 (Dune),Reference
d38,2021,5,-0.5953333333333333,-0.48533333333333334,-0.18800000000000003,-0.078,0,2,C2 (Dune),Reference
d38,2022,5,-0.5713333333333334,-0.4613333333333333,-0.10399999999999998,0.006000000000000014,0,2,C2 (Dune),Reference
d38,2023,5,-0.5660000000000001,-0.45600000000000007,-0.088,0.02200000000000002,0,2,C2 (Dune),Reference
d38,2024,5,-0.41666666666666663,-0.30666666666666664,0.08600000000000001,0.196,0,2,C2 (Dune),Reference
d38,2025,5,-0.4333333333333334,-0.32333333333333336,0.054000000000000006,0.16399999999999998,0,2,C2 (Dune),Reference
d41,2014,5,-0.36,-0.27999999999999997,-0.098,-0.017999999999999995,0,2,C2 (Dune),Reference
d41,2015,5,-0.3913333333333333,-0.3113333333333333,-0.10800000000000001,-0.028000000000000014,0,2,C2 (Dune),Reference
d41,2016,5,-0.2806666666666666,-0.20066666666666663,-0.032000000000000015,0.048,0,2,C2 (Dune),Reference
d41,2017,5,-0.21066666666666664,-0.13066666666666665,0.046,0.12599999999999997,0,2,C2 (Dune),Reference
d41,2018,5,-0.23266666666666666,-0.15266666666666667,0.012,0.092,0,2,C2 (Dune),Reference
d41,2019,5,-0.31333333333333335,-0.2333333333333333,-0.06599999999999999,0.014000000000000002,0,2,C2 (Dune),Reference
d41,2020,5,-0.3026666666666667,-0.22266666666666665,-0.041999999999999996,0.038,0,2,C2 (Dune),Reference
d41,2021,5,-0.2906666666666667,-0.2106666666666667,-0.046,0.03400000000000001,0,2,C2 (Dune),Reference
d41,2022,5,-0.26999999999999996,-0.19,-0.011999999999999988,0.068,0,2,C2 (Dune),Reference
d41,2023,5,-0.2766666666666667,-0.19666666666666666,-0.009999999999999995,0.07,0,2,C2 (Dune),Reference
d41,2024,5,-0.186,-0.10600000000000001,0.072,0.152,0,2,C2 (Dune),Reference
d41,2025,5,-0.2066666666666667,-0.12666666666666665,0.05800000000000001,0.138,0,2,C2 (Dune),Reference
d43,2014,5,-0.5706666666666667,-0.5706666666666667,-0.184,-0.184,0,2,C2 (Dune),Reference
d43,2015,5,-0.6,-0.6,-0.22200000000000003,-0.22200000000000003,0,2,C2 (Dune),Reference
d43,2016,5,-0.4733333333333333,-0.4733333333333333,-0.09799999999999999,-0.09799999999999999,0,2,C2 (Dune),Reference
d43,2017,5,-0.3933333333333333,-0.3933333333333333,-0.009999999999999998,-0.009999999999999998,0,2,C2 (Dune),Reference
d43,2018,5,-0.41600000000000004,-0.41600000000000004,-0.11000000000000001,-0.11000000000000001,0,2,C2 (Dune),Reference
d43,2019,5,-0.5073333333333333,-0.5073333333333333,-0.256,-0.256,0,2,C2 (Dune),Reference
d43,2020,5,-0.49799999999999994,-0.49799999999999994,-0.20400000000000001,-0.20400000000000001,0,2,C2 (Dune),Reference
d43,2021,5,-0.4873333333333333,-0.4873333333333333,-0.194,-0.194,0,2,C2 (Dune),Reference
d43,2022,5,-0.45666666666666667,-0.45666666666666667,-0.10800000000000001,-0.10800000000000001,0,2,C2 (Dune),Reference
d43,2023,5,-0.46399999999999997,-0.46399999999999997,-0.09600000000000002,-0.09600000000000002,0,2,C2 (Dune),Reference
d43,2024,5,-0.3413333333333333,-0.3413333333333333,0.052000000000000005,0.052000000000000005,0,2,C2 (Dune),Reference
d43,2025,5,-0.3626666666666667,-0.3626666666666667,0.042,0.042,0,2,C2 (Dune),Reference
d44,2014,5,-0.5952,-0.5152,-0.28400000000000003,-0.20400000000000001,0,2,C2 (Dune),Reference
d44,2015,5,-0.632,-0.5519999999999999,-0.34400000000000003,-0.264,0,2,C2 (Dune),Reference
d44,2016,5,-0.518,-0.438,-0.24800000000000005,-0.168,0,2,C2 (Dune),Reference
d44,2017,5,-0.45200000000000007,-0.372,-0.17,-0.09,0,2,C2 (Dune),Reference
d44,2018,5,-0.4800000000000001,-0.4,-0.186,-0.10600000000000001,0,2,C2 (Dune),Reference
d44,2019,5,-0.5740000000000001,-0.49400000000000005,-0.284,-0.20400000000000001,0,2,C2 (Dune),Reference
d44,2020,5,-0.5640000000000001,-0.4840000000000001,-0.24400000000000005,-0.164,0,2,C2 (Dune),Reference
d44,2021,5,-0.554,-0.4740000000000001,-0.25000000000000006,-0.17,0,2,C2 (Dune),Reference
d44,2022,5,-0.5306666666666666,-0.45066666666666677,-0.18400000000000002,-0.10400000000000001,0,2,C2 (Dune),Reference
d44,2023,5,-0.5273333333333333,-0.44733333333333336,-0.19800000000000004,-0.118,0,2,C2 (Dune),Reference
d44,2024,5,-0.41400000000000003,-0.3340000000000001,-0.062,0.018,0,2,C2 (Dune),Reference
d44,2025,5,-0.44000000000000006,-0.36000000000000004,-0.07,0.010000000000000005,0,2,C2 (Dune),Reference
d5,2014,5,-0.492,-0.392,-0.20999999999999996,-0.10999999999999996,0,2,C2 (Dune),Reference
d5,2015,5,-0.514,-0.41400000000000003,-0.242,-0.142,0,2,C2 (Dune),Reference
d5,2016,5,-0.4006666666666666,-0.3006666666666666,-0.16399999999999998,-0.06399999999999999,0,2,C2 (Dune),Reference
d5,2017,5,-0.29399999999999993,-0.19399999999999998,-0.046,0.054000000000000006,0,2,C2 (Dune),Reference
d5,2018,5,-0.30133333333333334,-0.2013333333333333,-0.08800000000000001,0.012000000000000005,0,2,C2 (Dune),Reference
d5,2019,5,-0.38533333333333336,-0.2853333333333333,-0.194,-0.094,0,2,C2 (Dune),Reference
d5,2020,5,-0.3966666666666666,-0.2966666666666666,-0.166,-0.06599999999999999,0,2,C2 (Dune),Reference
d5,2021,5,-0.3846666666666666,-0.2846666666666666,-0.166,-0.06599999999999999,0,2,C2 (Dune),Reference
d5,2022,5,-0.356,-0.25599999999999995,-0.10999999999999999,-0.009999999999999985,0,2,C2 (Dune),Reference
d5,2023,5,-0.36466666666666664,-0.2646666666666666,-0.078,0.022000000000000013,0,2,C2 (Dune),Reference
d5,2024,5,-0.26866666666666666,-0.16866666666666663,0.02,0.12000000000000002,0,2,C2 (Dune),Reference
d5,2025,5,-0.27866666666666673,-0.17866666666666667,0.022,0.122,0,2,C2 (Dune),Reference
d6,2014,5,-0.512,-0.4620000000000001,-0.22999999999999998,-0.18000000000000002,0,2,C2 (Dune),Reference
d6,2015,5,-0.52,-0.47000000000000003,-0.19,-0.14000000000000004,0,2,C2 (Dune),Reference
d6,2016,5,-0.4,-0.35,-0.09400000000000001,-0.04400000000000002,0,2,C2 (Dune),Reference
d6,2017,5,-0.2966666666666667,-0.24666666666666667,0.019999999999999997,0.07,0,2,C2 (Dune),Reference
d6,2018,5,-0.29533333333333334,-0.24533333333333332,-0.012000000000000004,0.038,0,2,C2 (Dune),Reference
d6,2019,5,-0.376,-0.326,-0.118,-0.06799999999999999,0,2,C2 (Dune),Reference
d6,2020,5,-0.368,-0.31799999999999995,-0.088,-0.03799999999999999,0,2,C2 (Dune),Reference
d6,2021,5,-0.35666666666666663,-0.30666666666666675,-0.10399999999999998,-0.05400000000000001,0,2,C2 (Dune),Reference
d6,2022,5,-0.32999999999999996,-0.28,-0.046,0.003999999999999998,0,2,C2 (Dune),Reference
d6,2023,5,-0.35333333333333333,-0.30333333333333334,-0.06,-0.010000000000000004,0,2,C2 (Dune),Reference
d6,2024,5,-0.2506666666666667,-0.2006666666666667,0.05000000000000001,0.1,0,2,C2 (Dune),Reference
d6,2025,5,-0.2653333333333333,-0.21533333333333332,0.064,0.11400000000000002,0,2,C2 (Dune),Reference
d7,2014,5,-0.4906666666666667,-0.3906666666666666,-0.11400000000000002,-0.014000000000000012,0,2,C2 (Dune),Reference
d7,2015,5,-0.5133333333333334,-0.4133333333333333,-0.152,-0.052000000000000005,0,2,C2 (Dune),Reference
d7,2016,5,-0.40533333333333327,-0.3053333333333333,-0.039999999999999994,0.06000000000000001,0,2,C2 (Dune),Reference
d7,2017,5,-0.33066666666666666,-0.23066666666666666,0.042,0.142,0,2,C2 (Dune),Reference
d7,2018,5,-0.3413333333333333,-0.24133333333333332,-0.054000000000000006,0.046000000000000006,0,2,C2 (Dune),Reference
d7,2019,5,-0.42000000000000004,-0.31999999999999995,-0.194,-0.094,0,2,C2 (Dune),Reference
d7,2020,5,-0.4106666666666666,-0.31066666666666665,-0.11000000000000001,-0.009999999999999986,0,2,C2 (Dune),Reference
d7,2021,5,-0.3926666666666666,-0.29266666666666663,-0.074,0.026000000000000002,0,2,C2 (Dune),Reference
d7,2022,5,-0.354,-0.254,0.03400000000000001,0.13400000000000004,0,2,C2 (Dune),Reference
d7,2023,5,-0.3553333333333334,-0.2553333333333333,0.046,0.14600000000000002,0,2,C2 (Dune),Reference
d7,2024,5,-0.24066666666666667,-0.14066666666666666,0.2,0.3,0,2,C2 (Dune),Reference
d7,2025,5,-0.2613333333333333,-0.16133333333333333,0.17600000000000002,0.276,0,2,C2 (Dune),Reference
d8,2015,5,-0.3706666666666667,-0.3206666666666667,-0.11599999999999999,-0.066,0,2,C2 (Dune),Reference
d8,2016,5,-0.26733333333333337,-0.21733333333333338,-0.039999999999999994,0.010000000000000009,0,2,C2 (Dune),Reference
d8,2017,5,-0.18133333333333335,-0.13133333333333336,0.08000000000000002,0.13,0,2,C2 (Dune),Reference
d8,2018,5,-0.1906666666666667,-0.1406666666666667,0.048,0.098,0,2,C2 (Dune),Reference
d8,2019,5,-0.26733333333333337,-0.21733333333333338,-0.06000000000000001,-0.009999999999999998,0,2,C2 (Dune),Reference
d8,2020,5,-0.24866666666666667,-0.1986666666666667,-0.022000000000000002,0.028000000000000004,0,2,C2 (Dune),Reference
d8,2021,5,-0.23133333333333334,-0.1813333333333334,-0.024,0.026000000000000002,0,2,C2 (Dune),Reference
d8,2022,5,-0.19933333333333336,-0.14933333333333335,-0.001999999999999996,0.048,0,2,C2 (Dune),Reference
d8,2023,5,-0.21466666666666664,-0.16466666666666668,-0.003999999999999999,0.046,0,2,C2 (Dune),Reference
d8,2024,5,-0.12733333333333335,-0.07733333333333332,0.09000000000000001,0.13999999999999999,0,2,C2 (Dune),Reference
d8,2025,5,-0.15933333333333333,-0.10933333333333331,0.07999999999999999,0.13,0,2,C2 (Dune),Reference
d9,2017,5,-0.27,-0.25,0.03800000000000001,0.05800000000000003,0,2,C2 (Dune),Reference
d9,2018,5,-0.3046666666666667,-0.2846666666666667,-0.06,-0.03999999999999999,0,2,C2 (Dune),Reference
d9,2019,5,-0.4173333333333333,-0.39733333333333326,-0.21800000000000003,-0.198,0,2,C2 (Dune),Reference
d9,2020,5,-0.39333333333333337,-0.37333333333333335,-0.09400000000000001,-0.074,0,2,C2 (Dune),Reference
d9,2021,5,-0.382,-0.362,-0.098,-0.078,0,2,C2 (Dune),Reference
d9,2022,5,-0.33999999999999997,-0.31999999999999995,-0.029999999999999992,-0.01,0,2,C2 (Dune),Reference
d9,2023,5,-0.3626666666666667,-0.3426666666666667,-0.05000000000000001,-0.029999999999999992,0,2,C2 (Dune),Reference
d9,2024,5,-0.22933333333333333,-0.20933333333333332,0.11200000000000002,0.13199999999999998,0,2,C2 (Dune),Reference
d9,2025,5,-0.25666666666666665,-0.23666666666666666,0.052000000000000005,0.07200000000000001,0,2,C2 (Dune),Reference
fe1,2020,5,-0.8546666666666667,-0.7546666666666667,-0.666,-0.5660000000000001,0,4,C4 (Main Forest),Extended
fe1,2021,5,-0.8013333333333333,-0.7013333333333335,-0.6220000000000001,-0.522,0,4,C4 (Main Forest),Extended
fe1,2022,5,-0.7246666666666668,-0.6246666666666668,-0.5740000000000001,-0.47400000000000003,0,4,C4 (Main Forest),Extended
fe1,2023,5,-0.752,-0.6519999999999999,-0.5860000000000001,-0.48600000000000004,0,4,C4 (Main Forest),Extended
fe1,2024,5,-0.5546666666666666,-0.45466666666666666,-0.392,-0.29200000000000004,0,4,C4 (Main Forest),Extended
fe1,2025,5,-0.5326666666666666,-0.43266666666666664,-0.34400000000000003,-0.24400000000000005,0,4,C4 (Main Forest),Extended
fe2,2020,5,-1.6480000000000001,-1.588,-1.458,-1.3980000000000001,0,5,C5 (Coastal Forest),Extended
fe2,2021,5,-1.6013333333333333,-1.5413333333333334,-1.418,-1.3579999999999999,0,5,C5 (Coastal Forest),Extended
fe2,2022,5,-1.5446666666666666,-1.4846666666666666,-1.3599999999999999,-1.3,0,5,C5 (Coastal Forest),Extended
fe2,2023,5,-1.566,-1.5059999999999998,-1.366,-1.306,0,5,C5 (Coastal Forest),Extended
fe2,2024,5,-1.4166666666666665,-1.3566666666666667,-1.2280000000000002,-1.168,0,5,C5 (Coastal Forest),Extended
fe2,2025,5,-1.4006666666666665,-1.3406666666666667,-1.2,-1.1400000000000001,0,5,C5 (Coastal Forest),Extended
fe3,2021,5,-1.9381967213114755,-1.8781967213114754,-1.7700000000000002,-1.7100000000000002,1,5,C5 (Coastal Forest),Extended
fe3,2022,5,-1.9113333333333333,-1.8513333333333333,-1.736,-1.6759999999999997,0,5,C5 (Coastal Forest),Extended
fe3,2023,5,-1.9326666666666665,-1.8726666666666667,-1.7399999999999998,-1.6800000000000002,0,5,C5 (Coastal Forest),Extended
fe3,2024,5,-1.7973333333333332,-1.7373333333333332,-1.612,-1.552,0,5,C5 (Coastal Forest),Extended
fe3,2025,5,-1.786,-1.7259999999999998,-1.582,-1.522,0,5,C5 (Coastal Forest),Extended
fe4,2022,5,-1.4819999999999998,-1.422,-1.302,-1.2419999999999998,0,5,C5 (Coastal Forest),Extended
fe4,2023,5,-1.5086666666666666,-1.4486666666666665,-1.3060000000000003,-1.246,0,5,C5 (Coastal Forest),Extended
fe4,2024,5,-1.3366666666666667,-1.2766666666666666,-1.142,-1.0819999999999999,0,5,C5 (Coastal Forest),Extended
fe4,2025,5,-1.3126666666666666,-1.2526666666666668,-1.082,-1.022,0,5,C5 (Coastal Forest),Extended
l7,2014,5,-1.5306666666666664,-1.4706666666666668,-1.1179999999999999,-1.058,0,2,C2 (Dune),Reference
l7,2015,5,-1.5433333333333334,-1.4833333333333332,-1.1360000000000001,-1.076,0,2,C2 (Dune),Reference
l7,2016,5,-1.4253333333333333,-1.3653333333333333,-1.014,-0.9540000000000001,0,2,C2 (Dune),Reference
l7,2017,5,-1.3639999999999999,-1.304,-0.958,-0.8979999999999999,0,2,C2 (Dune),Reference
l7,2018,5,-1.378,-1.318,-1.074,-1.0139999999999998,0,2,C2 (Dune),Reference
l7,2019,5,-1.4506666666666665,-1.3906666666666667,-1.212,-1.152,0,2,C2 (Dune),Reference
l7,2020,5,-1.4306666666666668,-1.3706666666666667,-1.136,-1.0759999999999998,0,2,C2 (Dune),Reference
l7,2021,5,-1.404,-1.3439999999999999,-1.092,-1.032,0,2,C2 (Dune),Reference
l7,2022,5,-1.3679999999999999,-1.3079999999999998,-1.03,-0.97,0,2,C2 (Dune),Reference
l7,2023,5,-1.3813333333333333,-1.321333333333333,-1.044,-0.984,0,2,C2 (Dune),Reference
l7,2024,5,-1.2686666666666666,-1.2086666666666666,-0.9,-0.8400000000000001,0,2,C2 (Dune),Reference
l7,2025,5,-1.3,-1.24,-0.9400000000000001,-0.8799999999999999,0,2,C2 (Dune),Reference
lis1,2022,5,-0.652,-0.622,-0.46399999999999997,-0.434,0,4,C4 (Main Forest),Extended
lis1,2023,5,-0.674,-0.644,-0.47000000000000003,-0.43999999999999995,0,4,C4 (Main Forest),Extended
lis1,2024,5,-0.462,-0.43200000000000005,-0.25599999999999995,-0.22600000000000003,0,4,C4 (Main Forest),Extended
lis1,2025,5,-0.44333333333333336,-0.4133333333333334,-0.2,-0.16999999999999998,0,4,C4 (Main Forest),Extended
nw1,2009,5,-1.2654999999999998,-0.9955,-0.952,-0.682,0,5,C5 (Coastal Forest),Reference
nw1,2010,5,-1.2911666666666668,-1.0211666666666666,-0.908,-0.6380000000000001,0,5,C5 (Coastal Forest),Reference
nw1,2011,5,-1.4586666666666666,-1.1886666666666668,-1.0319999999999998,-0.7619999999999999,0,5,C5 (Coastal Forest),Reference
nw1,2012,5,-1.6480000000000001,-1.378,-1.276,-1.0059999999999998,0,5,C5 (Coastal Forest),Reference
nw1,2013,5,-1.6546666666666667,-1.3846666666666667,-1.238,-0.968,0,5,C5 (Coastal Forest),Reference
nw1,2014,5,-1.6113333333333333,-1.3413333333333335,-1.2520000000000002,-0.9819999999999999,0,5,C5 (Coastal Forest),Reference
nw1,2015,5,-1.6293333333333333,-1.3593333333333333,-1.274,-1.0039999999999998,0,5,C5 (Coastal Forest),Reference
nw1,2016,5,-1.4913333333333336,-1.2213333333333334,-1.1380000000000001,-0.868,0,5,C5 (Coastal Forest),Reference
nw1,2017,5,-1.3586666666666667,-1.0886666666666667,-1.004,-0.7339999999999999,0,5,C5 (Coastal Forest),Reference
nw1,2018,5,-1.392,-1.1219999999999999,-1.104,-0.834,0,5,C5 (Coastal Forest),Reference
nw1,2019,5,-1.5086666666666668,-1.2386666666666666,-1.254,-0.984,0,5,C5 (Coastal Forest),Reference
nw1,2020,5,-1.5313333333333334,-1.2613333333333334,-1.2280000000000002,-0.958,0,5,C5 (Coastal Forest),Reference
nw1,2021,5,-1.506,-1.236,-1.222,-0.9520000000000002,0,5,C5 (Coastal Forest),Reference
nw1,2022,5,-1.458,-1.1880000000000002,-1.108,-0.8380000000000001,0,5,C5 (Coastal Forest),Reference
nw1,2023,5,-1.466,-1.196,-1.098,-0.8280000000000001,0,5,C5 (Coastal Forest),Reference
nw1,2024,5,-1.3206666666666667,-1.0506666666666666,-0.942,-0.672,0,5,C5 (Coastal Forest),Reference
nw1,2025,5,-1.3066666666666666,-1.0366666666666666,-0.916,-0.6460000000000001,0,5,C5 (Coastal Forest),Reference
nw10,2017,5,-0.8166666666666668,-0.6766666666666666,-0.542,-0.40199999999999997,0,3,C3 (Western Residual),Reference
nw10,2018,5,-0.8893333333333334,-0.7493333333333334,-0.6439999999999999,-0.5039999999999999,0,3,C3 (Western Residual),Reference
nw10,2019,5,-1.0613333333333332,-0.9213333333333334,-0.836,-0.6960000000000001,0,3,C3 (Western Residual),Reference
nw10,2020,5,-1.0846666666666667,-0.9446666666666665,-0.8619999999999999,-0.722,0,3,C3 (Western Residual),Reference
nw10,2021,5,-1.0206666666666666,-0.8806666666666665,-0.79,-0.65,0,3,C3 (Western Residual),Reference
nw10,2022,5,-0.9146666666666666,-0.7746666666666666,-0.7,-0.56,0,3,C3 (Western Residual),Reference
nw10,2023,5,-0.96,-0.82,-0.7299999999999999,-0.5900000000000001,0,3,C3 (Western Residual),Reference
nw10,2024,5,-0.7226666666666667,-0.5826666666666667,-0.47800000000000004,-0.33799999999999997,0,3,C3 (Western Residual),Reference
nw10,2025,5,-0.6813333333333332,-0.5413333333333333,-0.392,-0.25199999999999995,0,3,C3 (Western Residual),Reference
nw11,2012,5,-0.8913333333333334,-0.7413333333333334,-0.55,-0.4,0,5,C5 (Coastal Forest),Reference
nw11,2013,5,-0.89,-0.74,-0.522,-0.372,0,5,C5 (Coastal Forest),Reference
nw11,2014,5,-0.8460000000000001,-0.6960000000000001,-0.516,-0.366,0,5,C5 (Coastal Forest),Reference
nw11,2015,5,-0.8686666666666667,-0.7186666666666668,-0.534,-0.384,0,5,C5 (Coastal Forest),Reference
nw11,2016,5,-0.7260000000000001,-0.5760000000000002,-0.386,-0.23600000000000004,0,5,C5 (Coastal Forest),Reference
nw11,2017,5,-0.59,-0.44000000000000006,-0.24000000000000005,-0.09,0,5,C5 (Coastal Forest),Reference
nw11,2018,5,-0.626,-0.476,-0.328,-0.178,0,5,C5 (Coastal Forest),Reference
nw11,2019,5,-0.7446666666666666,-0.5946666666666667,-0.488,-0.33799999999999997,0,5,C5 (Coastal Forest),Reference
nw11,2020,5,-0.7666666666666666,-0.6166666666666666,-0.46799999999999997,-0.31799999999999995,0,5,C5 (Coastal Forest),Reference
nw11,2021,5,-0.736,-0.5860000000000001,-0.458,-0.308,0,5,C5 (Coastal Forest),Reference
nw11,2022,5,-0.6813333333333333,-0.5313333333333332,-0.344,-0.194,0,5,C5 (Coastal Forest),Reference
nw11,2023,5,-0.6973333333333334,-0.5473333333333333,-0.34199999999999997,-0.192,0,5,C5 (Coastal Forest),Reference
nw11,2024,5,-0.5433333333333333,-0.39333333333333337,-0.172,-0.02200000000000001,0,5,C5 (Coastal Forest),Reference
nw11,2025,5,-0.5213333333333334,-0.37133333333333335,-0.142,0.00799999999999999,0,5,C5 (Coastal Forest),Reference
nw13,2016,5,-0.696,-0.646,-0.338,-0.288,0,5,C5 (Coastal Forest),Reference
nw13,2017,5,-0.5753333333333333,-0.5253333333333333,-0.21200000000000002,-0.162,0,5,C5 (Coastal Forest),Reference
nw13,2018,5,-0.5973333333333333,-0.5473333333333332,-0.288,-0.238,0,5,C5 (Coastal Forest),Reference
nw13,2019,5,-0.6966666666666665,-0.6466666666666667,-0.43000000000000005,-0.38,0,5,C5 (Coastal Forest),Reference
nw13,2020,5,-0.7166666666666666,-0.6666666666666666,-0.398,-0.348,0,5,C5 (Coastal Forest),Reference
nw13,2021,5,-0.6980000000000001,-0.6479999999999999,-0.4,-0.35,0,5,C5 (Coastal Forest),Reference
nw13,2022,5,-0.6559999999999999,-0.6059999999999999,-0.296,-0.24599999999999994,0,5,C5 (Coastal Forest),Reference
nw13,2023,5,-0.6626666666666667,-0.6126666666666666,-0.28600000000000003,-0.236,0,5,C5 (Coastal Forest),Reference
nw13,2024,5,-0.5366666666666666,-0.4866666666666667,-0.13999999999999999,-0.09,0,5,C5 (Coastal Forest),Reference
nw13,2025,5,-0.5313333333333333,-0.4813333333333333,-0.126,-0.076,0,5,C5 (Coastal Forest),Reference
nw2,2009,5,-0.43146666666666667,0.1585333333333333,-0.14300000000000002,0.44699999999999995,0,5,C5 (Coastal Forest),Reference
nw2,2010,5,-0.4598,0.13019999999999998,-0.10200000000000002,0.488,0,5,C5 (Coastal Forest),Reference
nw2,2011,5,-0.6286666666666666,-0.03866666666666668,-0.22799999999999998,0.36199999999999993,0,5,C5 (Coastal Forest),Reference
nw2,2012,5,-0.8246666666666667,-0.23466666666666672,-0.4699999999999999,0.12,0,5,C5 (Coastal Forest),Reference
nw2,2013,5,-0.8373333333333333,-0.24733333333333335,-0.45200000000000007,0.13799999999999998,0,5,C5 (Coastal Forest),Reference
nw2,2014,5,-0.8013333333333333,-0.21133333333333337,-0.45199999999999996,0.13799999999999998,0,5,C5 (Coastal Forest),Reference
nw2,2015,5,-0.8240000000000001,-0.23399999999999999,-0.484,0.10600000000000001,0,5,C5 (Coastal Forest),Reference
nw2,2016,5,-0.6846666666666666,-0.09466666666666669,-0.346,0.24399999999999994,0,5,C5 (Coastal Forest),Reference
nw2,2017,5,-0.5553333333333333,0.03466666666666662,-0.20800000000000002,0.38199999999999995,0,5,C5 (Coastal Forest),Reference
nw2,2018,5,-0.5853333333333334,0.004666666666666619,-0.294,0.296,0,5,C5 (Coastal Forest),Reference
nw2,2019,5,-0.7020000000000001,-0.11200000000000006,-0.44800000000000006,0.14199999999999996,0,5,C5 (Coastal Forest),Reference
nw2,2020,5,-0.7253333333333334,-0.13533333333333344,-0.418,0.17199999999999996,0,5,C5 (Coastal Forest),Reference
nw2,2021,5,-0.6986666666666668,-0.10866666666666676,-0.41600000000000004,0.17399999999999996,0,5,C5 (Coastal Forest),Reference
nw2,2022,5,-0.6460000000000001,-0.05600000000000007,-0.32,0.26999999999999996,0,5,C5 (Coastal Forest),Reference
nw2,2023,5,-0.6533333333333334,-0.06333333333333342,-0.306,0.284,0,5,C5 (Coastal Forest),Reference
nw2,2024,5,-0.502,0.08799999999999994,-0.144,0.446,0,5,C5 (Coastal Forest),Reference
nw2,2025,5,-0.48600000000000004,0.10399999999999994,-0.11599999999999999,0.47400000000000003,0,5,C5 (Coastal Forest),Reference
nw3,2009,5,-0.24484444444444442,-0.19484444444444443,-0.012499999999999997,0.037500000000000006,0,2,C2 (Dune),Reference
nw3,2010,5,-0.27484444444444445,-0.22484444444444446,0.0155,0.06550000000000002,0,2,C2 (Dune),Reference
nw3,2011,5,-0.40666666666666673,-0.35666666666666663,-0.057999999999999996,-0.007999999999999997,0,2,C2 (Dune),Reference
nw3,2017,5,-0.328,-0.278,-0.078,-0.028000000000000014,0,2,C2 (Dune),Reference
nw3,2018,5,-0.3346666666666666,-0.2846666666666667,-0.11600000000000002,-0.06600000000000002,0,2,C2 (Dune),Reference
nw3,2019,5,-0.41133333333333333,-0.3613333333333333,-0.21200000000000002,-0.162,0,2,C2 (Dune),Reference
nw3,2020,5,-0.418,-0.368,-0.17400000000000002,-0.124,0,2,C2 (Dune),Reference
nw3,2021,5,-0.40800000000000003,-0.358,-0.17400000000000002,-0.124,0,2,C2 (Dune),Reference
nw3,2022,5,-0.37133333333333335,-0.32133333333333336,-0.11599999999999999,-0.066,0,2,C2 (Dune),Reference
nw3,2023,5,-0.37866666666666665,-0.3286666666666667,-0.092,-0.042,0,2,C2 (Dune),Reference
nw3,2024,5,-0.28400000000000003,-0.23399999999999999,0.008,0.05800000000000001,0,2,C2 (Dune),Reference
nw3,2025,5,-0.29800000000000004,-0.24800000000000005,0.01,0.06,0,2,C2 (Dune),Reference
nw4,2009,5,-0.11338360655737705,-0.043383606557377045,0.0245,0.0945,1,2,C2 (Dune),Reference
nw4,2010,5,-0.15239999999999998,-0.08239999999999999,0.026500000000000003,0.0965,0,2,C2 (Dune),Reference
nw4,2011,5,-0.244,-0.174,-0.013999999999999999,0.05600000000000001,0,2,C2 (Dune),Reference
nw4,2012,5,-0.36466666666666664,-0.2946666666666667,-0.13399999999999998,-0.06399999999999997,0,2,C2 (Dune),Reference
nw4,2013,5,-0.36933333333333335,-0.29933333333333334,-0.13199999999999998,-0.061999999999999986,0,2,C2 (Dune),Reference
nw4,2014,5,-0.3413333333333333,-0.2713333333333333,-0.13199999999999998,-0.061999999999999986,0,2,C2 (Dune),Reference
nw4,2015,5,-0.36333333333333334,-0.29333333333333333,-0.13599999999999998,-0.06599999999999998,0,2,C2 (Dune),Reference
nw4,2016,5,-0.2833333333333333,-0.21333333333333337,-0.09399999999999997,-0.023999999999999983,0,2,C2 (Dune),Reference
nw4,2017,5,-0.18933333333333333,-0.11933333333333333,0.022,0.092,0,2,C2 (Dune),Reference
nw4,2018,5,-0.19533333333333333,-0.12533333333333335,0.018,0.08800000000000001,0,2,C2 (Dune),Reference
nw4,2019,5,-0.2526666666666667,-0.18266666666666667,-0.04,0.030000000000000006,0,2,C2 (Dune),Reference
nw4,2020,5,-0.2566666666666667,-0.18666666666666668,-0.038000000000000006,0.03200000000000001,0,2,C2 (Dune),Reference
nw4,2021,5,-0.24266666666666672,-0.1726666666666667,-0.036000000000000004,0.03400000000000001,0,2,C2 (Dune),Reference
nw4,2022,5,-0.23000000000000004,-0.16,-0.03,0.04000000000000001,0,2,C2 (Dune),Reference
nw4,2023,5,-0.23933333333333334,-0.16933333333333334,-0.026000000000000002,0.044000000000000004,0,2,C2 (Dune),Reference
nw4,2024,5,-0.1726666666666667,-0.10266666666666666,0.036,0.10600000000000001,0,2,C2 (Dune),Reference
nw4,2025,5,-0.188,-0.11799999999999997,0.036,0.10600000000000001,0,2,C2 (Dune),Reference
nw4b,2010,5,-0.17659999999999998,-0.09659999999999999,0.02266666666666666,0.10266666666666666,0,2,C2 (Dune),Reference
nw4b,2011,5,-0.26999999999999996,-0.19,-0.022,0.057999999999999996,0,2,C2 (Dune),Reference
nw4b,2012,5,-0.396,-0.316,-0.154,-0.07400000000000001,0,2,C2 (Dune),Reference
nw4b,2013,5,-0.4033333333333333,-0.3233333333333333,-0.15,-0.07000000000000002,0,2,C2 (Dune),Reference
nw4b,2014,5,-0.37933333333333336,-0.29933333333333334,-0.15,-0.07000000000000002,0,2,C2 (Dune),Reference
nw4b,2015,5,-0.4,-0.31999999999999995,-0.15999999999999998,-0.08000000000000002,0,2,C2 (Dune),Reference
nw4b,2016,5,-0.32,-0.24000000000000005,-0.11199999999999999,-0.032000000000000015,0,2,C2 (Dune),Reference
nw4b,2017,5,-0.22133333333333333,-0.1413333333333333,0.013999999999999999,0.094,0,2,C2 (Dune),Reference
nw4b,2018,5,-0.22933333333333333,-0.14933333333333332,0.005999999999999998,0.086,0,2,C2 (Dune),Reference
nw4b,2019,5,-0.29133333333333333,-0.21133333333333332,-0.062,0.018000000000000006,0,2,C2 (Dune),Reference
nw4b,2020,5,-0.29666666666666663,-0.21666666666666662,-0.055999999999999994,0.024000000000000004,0,2,C2 (Dune),Reference
nw4b,2021,5,-0.27799999999999997,-0.198,-0.054000000000000006,0.026000000000000006,0,2,C2 (Dune),Reference
nw4b,2022,5,-0.2693333333333333,-0.1893333333333333,-0.048,0.03200000000000001,0,2,C2 (Dune),Reference
nw4b,2023,5,-0.2733333333333333,-0.1933333333333333,-0.042,0.038,0,2,C2 (Dune),Reference
nw4b,2024,5,-0.2013333333333333,-0.12133333333333332,0.030000000000000006,0.11000000000000001,0,2,C2 (Dune),Reference
nw4b,2025,5,-0.21066666666666664,-0.13066666666666665,0.036000000000000004,0.11599999999999999,0,2,C2 (Dune),Reference
nw5,2009,5,-0.23094444444444445,-0.23094444444444445,0.028666666666666663,0.028666666666666663,0,5,C5 (Coastal Forest),Reference
nw5,2010,5,-0.29827777777777775,-0.29827777777777775,-0.005333333333333345,-0.005333333333333345,0,5,C5 (Coastal Forest),Reference
nw5,2011,5,-0.47400000000000003,-0.47400000000000003,-0.13399999999999998,-0.13399999999999998,0,5,C5 (Coastal Forest),Reference
nw5,2012,5,-0.6786666666666668,-0.6786666666666668,-0.392,-0.392,0,5,C5 (Coastal Forest),Reference
nw5,2013,5,-0.6586666666666667,-0.6586666666666667,-0.354,-0.354,0,5,C5 (Coastal Forest),Reference
nw5,2014,5,-0.6146666666666667,-0.6146666666666667,-0.354,-0.354,0,5,C5 (Coastal Forest),Reference
nw5,2015,5,-0.658,-0.658,-0.39399999999999996,-0.39399999999999996,0,5,C5 (Coastal Forest),Reference
nw5,2016,5,-0.48866666666666675,-0.48866666666666675,-0.24799999999999994,-0.24799999999999994,0,5,C5 (Coastal Forest),Reference
nw5,2017,5,-0.4093333333333334,-0.4093333333333334,-0.10600000000000001,-0.10600000000000001,0,5,C5 (Coastal Forest),Reference
nw5,2018,5,-0.47000000000000003,-0.47000000000000003,-0.21400000000000002,-0.21400000000000002,0,5,C5 (Coastal Forest),Reference
nw5,2019,5,-0.6126666666666667,-0.6126666666666667,-0.37,-0.37,0,5,C5 (Coastal Forest),Reference
nw5,2020,5,-0.5893333333333334,-0.5893333333333334,-0.34199999999999997,-0.34199999999999997,0,5,C5 (Coastal Forest),Reference
nw5,2021,5,-0.5626666666666666,-0.5626666666666666,-0.2899999999999999,-0.2899999999999999,0,5,C5 (Coastal Forest),Reference
nw5,2022,5,-0.524,-0.524,-0.22599999999999998,-0.22599999999999998,0,5,C5 (Coastal Forest),Reference
nw5,2023,5,-0.5473333333333333,-0.5473333333333333,-0.242,-0.242,0,5,C5 (Coastal Forest),Reference
nw5,2024,5,-0.38133333333333336,-0.38133333333333336,-0.07999999999999999,-0.07999999999999999,0,5,C5 (Coastal Forest),Reference
nw5,2025,5,-0.4073333333333333,-0.4073333333333333,-0.08800000000000001,-0.08800000000000001,0,5,C5 (Coastal Forest),Reference
nw6,2009,5,-0.16781666666666667,-0.08781666666666667,0.03975,0.11975,0,5,C5 (Coastal Forest),Reference
nw6,2010,5,-0.20248333333333335,-0.12248333333333332,0.06575,0.14575,0,5,C5 (Coastal Forest),Reference
nw6,2011,5,-0.3686666666666667,-0.2886666666666667,-0.052000000000000005,0.028000000000000014,0,5,C5 (Coastal Forest),Reference
nw6,2017,5,-0.31533333333333335,-0.2353333333333334,-0.044,0.03600000000000001,0,5,C5 (Coastal Forest),Reference
nw6,2018,5,-0.35200000000000004,-0.2720000000000001,-0.128,-0.04799999999999999,0,5,C5 (Coastal Forest),Reference
nw6,2019,5,-0.47666666666666674,-0.3966666666666667,-0.266,-0.186,0,5,C5 (Coastal Forest),Reference
nw6,2020,5,-0.4713333333333334,-0.39133333333333337,-0.246,-0.16599999999999998,0,5,C5 (Coastal Forest),Reference
nw6,2021,5,-0.446,-0.366,-0.21000000000000002,-0.13,0,5,C5 (Coastal Forest),Reference
nw6,2022,5,-0.41866666666666663,-0.33866666666666667,-0.14200000000000002,-0.061999999999999986,0,5,C5 (Coastal Forest),Reference
nw6,2023,5,-0.4333333333333334,-0.35333333333333333,-0.142,-0.06200000000000001,0,5,C5 (Coastal Forest),Reference
nw6,2024,5,-0.292,-0.21199999999999997,-0.0040000000000000036,0.07600000000000001,0,5,C5 (Coastal Forest),Reference
nw6,2025,5,-0.30133333333333334,-0.22133333333333338,-0.006,0.074,0,5,C5 (Coastal Forest),Reference
nw7,2009,5,-0.8379999999999999,-0.808,-0.601,-0.571,0,5,C5 (Coastal Forest),Reference
nw7,2010,5,-0.8933333333333333,-0.8633333333333333,-0.629,-0.599,0,5,C5 (Coastal Forest),Reference
nw7,2011,5,-1.0779999999999998,-1.048,-0.776,-0.746,0,5,C5 (Coastal Forest),Reference
nw7,2017,5,-1.1253333333333333,-1.0953333333333333,-0.8160000000000001,-0.7859999999999999,0,5,C5 (Coastal Forest),Reference
nw7,2018,5,-1.1746666666666665,-1.1446666666666665,-0.8979999999999999,-0.868,0,5,C5 (Coastal Forest),Reference
nw7,2019,5,-1.3186666666666667,-1.2886666666666666,-1.0579999999999998,-1.028,0,5,C5 (Coastal Forest),Reference
nw7,2020,5,-1.3153333333333335,-1.2853333333333332,-1.052,-1.0219999999999998,0,5,C5 (Coastal Forest),Reference
nw7,2021,5,-1.2753333333333334,-1.2453333333333332,-1.042,-1.012,0,5,C5 (Coastal Forest),Reference
nw7,2022,5,-1.204,-1.174,-0.982,-0.952,0,5,C5 (Coastal Forest),Reference
nw7,2023,5,-1.2233333333333332,-1.1933333333333334,-0.986,-0.9560000000000001,0,5,C5 (Coastal Forest),Reference
nw7,2024,5,-1.0433333333333332,-1.0133333333333332,-0.8160000000000001,-0.786,0,5,C5 (Coastal Forest),Reference
nw7,2025,5,-1.03,-1.0,-0.78,-0.75,0,5,C5 (Coastal Forest),Reference
nw8,2010,5,-0.9652666666666667,-0.8752666666666666,-0.6595,-0.5695,0,5,C5 (Coastal Forest),Extended
nw8,2011,5,-1.1573333333333333,-1.0673333333333332,-0.818,-0.7280000000000001,0,5,C5 (Coastal Forest),Extended
nw8,2012,5,-1.348,-1.2580000000000002,-1.096,-1.006,0,5,C5 (Coastal Forest),Extended
nw8,2013,5,-1.3873333333333333,-1.2973333333333332,-1.126,-1.036,0,5,C5 (Coastal Forest),Extended
nw8,2014,5,-1.3679999999999999,-1.278,-1.152,-1.0619999999999998,0,5,C5 (Coastal Forest),Extended
nw8,2015,5,-1.4006666666666667,-1.3106666666666666,-1.18,-1.09,0,5,C5 (Coastal Forest),Extended
nw8b,2020,5,-1.4273333333333333,-1.4273333333333333,-1.206,-1.206,0,3,C3 (Western Residual),Extended
nw8b,2021,5,-1.388,-1.388,-1.174,-1.174,0,3,C3 (Western Residual),Extended
nw8b,2022,5,-1.3413333333333333,-1.3413333333333333,-1.1280000000000001,-1.1280000000000001,0,3,C3 (Western Residual),Extended
nw8b,2023,5,-1.362,-1.362,-1.128,-1.128,0,3,C3 (Western Residual),Extended
nw8b,2024,5,-1.2020000000000002,-1.2020000000000002,-0.9940000000000001,-0.9940000000000001,0,3,C3 (Western Residual),Extended
nw8b,2025,5,-1.2053333333333334,-1.2053333333333334,-0.976,-0.976,0,3,C3 (Western Residual),Extended
nw9,2010,5,-0.2904,-0.2594,0.011499999999999965,0.04249999999999998,0,4,C4 (Main Forest),Reference
nw9,2011,5,-0.46900000000000003,-0.438,-0.125,-0.094,0,4,C4 (Main Forest),Reference
nw9,2012,5,-0.7238666666666667,-0.6928666666666666,-0.4492000000000001,-0.4182,0,4,C4 (Main Forest),Reference
nw9,2013,5,-0.7827333333333334,-0.7517333333333334,-0.4894,-0.45840000000000003,0,4,C4 (Main Forest),Reference
nw9,2014,5,-0.7796000000000001,-0.7486,-0.5236,-0.49260000000000004,0,4,C4 (Main Forest),Reference
nw9,2015,5,-0.8344666666666667,-0.8034666666666667,-0.5678,-0.5368,0,4,C4 (Main Forest),Reference
nw9,2016,5,-0.7446666666666667,-0.7136666666666668,-0.48200000000000004,-0.45100000000000007,0,4,C4 (Main Forest),Reference
nw9,2017,5,-0.6646666666666666,-0.6336666666666667,-0.40800000000000003,-0.37700000000000006,0,4,C4 (Main Forest),Reference
nw9,2018,5,-0.7033333333333334,-0.6723333333333333,-0.48200000000000004,-0.45099999999999996,0,4,C4 (Main Forest),Reference
nw9,2019,5,-0.8240000000000001,-0.793,-0.626,-0.595,0,4,C4 (Main Forest),Reference
nw9,2020,5,-0.834,-0.8030000000000002,-0.638,-0.607,0,4,C4 (Main Forest),Reference
nw9,2021,5,-0.8246666666666667,-0.7936666666666666,-0.64,-0.6089999999999999,0,4,C4 (Main Forest),Reference
nw9,2022,5,-0.796,-0.765,-0.604,-0.5729999999999998,0,4,C4 (Main Forest),Reference
nw9,2023,5,-0.8146666666666667,-0.7836666666666666,-0.6060000000000001,-0.575,0,4,C4 (Main Forest),Reference
nw9,2024,5,-0.6906666666666668,-0.6596666666666666,-0.48600000000000004,-0.45499999999999996,0,4,C4 (Main Forest),Reference
nw9,2025,5,-0.6773333333333333,-0.6463333333333333,-0.45600000000000007,-0.425,0,4,C4 (Main Forest),Reference
p2,2024,5,-0.3593333333333333,-0.32933333333333337,-0.026000000000000002,0.003999999999999998,0,1,C1 (Lake Edge),Extended
p2,2025,5,-0.356,-0.326,-0.03,-1.3877787807814458e-18,0,1,C1 (Lake Edge),Extended
pe,2024,5,-0.5304808743169398,-0.5004808743169399,-0.32799999999999996,-0.298,0,3,C3 (Western Residual),Extended
pe,2025,5,-0.5251475409836066,-0.4951475409836066,-0.306,-0.276,0,3,C3 (Western Residual),Extended
pw,2024,5,-0.5913333333333334,-0.5613333333333334,-0.346,-0.316,0,2,C2 (Dune),Extended
pw,2025,5,-0.6386666666666667,-0.6086666666666666,-0.376,-0.346,0,2,C2 (Dune),Extended
t41a,2014,5,-0.3906666666666667,0.00933333333333337,0.005999999999999994,0.406,0,2,C2 (Dune),Reference
t41a,2015,5,-0.43466666666666665,-0.03466666666666662,-0.052000000000000005,0.348,0,2,C2 (Dune),Reference
t41a,2016,5,-0.26599999999999996,0.13400000000000004,0.11399999999999999,0.514,0,2,C2 (Dune),Reference
t41a,2017,5,-0.1993333333333333,0.2006666666666667,0.18,0.58,0,2,C2 (Dune),Reference
t41a,2018,5,-0.2546666666666667,0.14533333333333337,0.049999999999999996,0.45,0,2,C2 (Dune),Reference
t41a,2019,5,-0.38066666666666665,0.019333333333333348,-0.122,0.278,0,2,C2 (Dune),Reference
t41a,2020,5,-0.3433333333333334,0.056666666666666664,-1.1102230246251566e-17,0.4,0,2,C2 (Dune),Reference
t41a,2021,5,-0.30733333333333335,0.0926666666666667,0.004000000000000015,0.404,0,2,C2 (Dune),Reference
t41a,2022,5,-0.2813333333333333,0.1186666666666667,0.13999999999999999,0.54,0,2,C2 (Dune),Reference
t41a,2023,5,-0.29133333333333333,0.10866666666666669,0.13399999999999998,0.534,0,2,C2 (Dune),Reference
t41a,2024,5,-0.13066666666666665,0.2693333333333333,0.31799999999999995,0.7180000000000001,0,2,C2 (Dune),Reference
t41a,2025,5,-0.174,0.22600000000000006,0.296,0.696,0,2,C2 (Dune),Reference
t41b,2014,5,-0.3153333333333333,-0.3153333333333333,-0.03199999999999997,-0.03199999999999997,0,2,C2 (Dune),Reference
t41b,2015,5,-0.344,-0.344,-0.033999999999999975,-0.033999999999999975,0,2,C2 (Dune),Reference
t41b,2016,5,-0.23333333333333334,-0.23333333333333334,0.040000000000000015,0.040000000000000015,0,2,C2 (Dune),Reference
t41b,2017,5,-0.16533333333333333,-0.16533333333333333,0.11000000000000001,0.11000000000000001,0,2,C2 (Dune),Reference
t41b,2018,5,-0.19666666666666668,-0.19666666666666668,0.054000000000000006,0.054000000000000006,0,2,C2 (Dune),Reference
t41b,2019,5,-0.28200000000000003,-0.28200000000000003,-0.04,-0.04,0,2,C2 (Dune),Reference
t41b,2020,5,-0.2613333333333333,-0.2613333333333333,-0.018000000000000002,-0.018000000000000002,0,2,C2 (Dune),Reference
t41b,2021,5,-0.24533333333333332,-0.24533333333333332,-0.0020000000000000018,-0.0020000000000000018,0,2,C2 (Dune),Reference
t41b,2022,5,-0.21933333333333332,-0.21933333333333332,0.05,0.05,0,2,C2 (Dune),Reference
t41b,2023,5,-0.22666666666666666,-0.22666666666666666,0.05,0.05,0,2,C2 (Dune),Reference
t41b,2024,5,-0.13799999999999998,-0.13799999999999998,0.128,0.128,0,2,C2 (Dune),Reference
t41b,2025,5,-0.15933333333333333,-0.15933333333333333,0.136,0.136,0,2,C2 (Dune),Reference
t41c,2014,5,-0.3533333333333334,-0.26333333333333336,-0.076,0.013999999999999995,0,2,C2 (Dune),Reference
t41c,2015,5,-0.37533333333333335,-0.2853333333333333,-0.08600000000000001,0.003999999999999998,0,2,C2 (Dune),Reference
t41c,2016,5,-0.264,-0.17400000000000002,-0.012,0.078,0,2,C2 (Dune),Reference
t41c,2017,5,-0.194,-0.10400000000000001,0.06000000000000001,0.15,0,2,C2 (Dune),Reference
t41c,2018,5,-0.2106666666666667,-0.12066666666666666,0.020000000000000004,0.11000000000000001,0,2,C2 (Dune),Reference
t41c,2019,5,-0.296,-0.20599999999999996,-0.06599999999999999,0.024000000000000004,0,2,C2 (Dune),Reference
t41c,2020,5,-0.28733333333333333,-0.1973333333333333,-0.036,0.054000000000000006,0,2,C2 (Dune),Reference
t41c,2021,5,-0.2713333333333333,-0.1813333333333333,-0.031999999999999994,0.05800000000000001,0,2,C2 (Dune),Reference
t41c,2022,5,-0.24666666666666665,-0.15666666666666665,0.015999999999999997,0.10600000000000001,0,2,C2 (Dune),Reference
t41c,2023,5,-0.25866666666666666,-0.16866666666666666,0.016,0.10600000000000001,0,2,C2 (Dune),Reference
t41c,2024,5,-0.15733333333333333,-0.06733333333333333,0.10800000000000001,0.19799999999999998,0,2,C2 (Dune),Reference
t41c,2025,5,-0.17666666666666667,-0.0866666666666667,0.09000000000000001,0.18,0,2,C2 (Dune),Reference
t41d,2014,5,-0.5413333333333333,-0.43133333333333335,-0.28800000000000003,-0.178,0,2,C2 (Dune),Reference
t41d,2015,5,-0.568,-0.458,-0.298,-0.188,0,2,C2 (Dune),Reference
t41d,2016,5,-0.45933333333333326,-0.3493333333333334,-0.23800000000000004,-0.12799999999999997,0,2,C2 (Dune),Reference
t41d,2017,5,-0.38866666666666666,-0.27866666666666673,-0.158,-0.04800000000000001,0,2,C2 (Dune),Reference
t41d,2018,5,-0.41133333333333333,-0.30133333333333334,-0.19,-0.08,0,2,C2 (Dune),Reference
t41d,2019,5,-0.4866666666666667,-0.3766666666666667,-0.22000000000000003,-0.11000000000000001,0,2,C2 (Dune),Reference
t41d,2020,5,-0.47266666666666673,-0.3626666666666667,-0.198,-0.08800000000000001,0,2,C2 (Dune),Reference
t41d,2021,5,-0.46266666666666667,-0.3526666666666667,-0.192,-0.082,0,2,C2 (Dune),Reference
t41d,2022,5,-0.43466666666666665,-0.32466666666666666,-0.152,-0.042,0,2,C2 (Dune),Reference
t41d,2023,5,-0.44000000000000006,-0.32999999999999996,-0.148,-0.038,0,2,C2 (Dune),Reference
t41d,2024,5,-0.352,-0.24200000000000005,-0.11000000000000001,0.0,0,2,C2 (Dune),Reference
t41d,2025,5,-0.37466666666666665,-0.2646666666666667,-0.12,-0.009999999999999998,0,2,C2 (Dune),Reference
wmc1,2013,5,-0.5233333333333333,-0.47333333333333333,-0.26,-0.21000000000000002,0,2,C2 (Dune),Reference
wmc1,2014,5,-0.49333333333333335,-0.44333333333333325,-0.262,-0.21200000000000002,0,2,C2 (Dune),Reference
wmc1,2015,5,-0.5253333333333334,-0.4753333333333334,-0.296,-0.246,0,2,C2 (Dune),Reference
wmc1,2016,5,-0.41200000000000003,-0.362,-0.22200000000000003,-0.172,0,2,C2 (Dune),Reference
wmc1,2017,5,-0.32866666666666666,-0.27866666666666673,-0.13,-0.08,0,2,C2 (Dune),Reference
wmc1,2018,5,-0.3513333333333334,-0.30133333333333334,-0.164,-0.11400000000000002,0,2,C2 (Dune),Reference
wmc1,2019,5,-0.43533333333333335,-0.38533333333333336,-0.25,-0.2,0,2,C2 (Dune),Reference
wmc1,2020,5,-0.41866666666666663,-0.36866666666666664,-0.21800000000000003,-0.168,0,2,C2 (Dune),Reference
wmc1,2021,5,-0.4133333333333334,-0.3633333333333333,-0.22000000000000003,-0.17,0,2,C2 (Dune),Reference
wmc1,2022,5,-0.384,-0.33399999999999996,-0.16599999999999998,-0.11600000000000002,0,2,C2 (Dune),Reference
wmc1,2023,5,-0.394,-0.344,-0.16399999999999998,-0.11399999999999999,0,2,C2 (Dune),Reference
wmc1,2024,5,-0.29066666666666663,-0.24066666666666667,-0.044,0.006,0,2,C2 (Dune),Reference
wmc1,2025,5,-0.3093333333333333,-0.2593333333333333,-0.05,0.0,0,2,C2 (Dune),Reference
wmc2,2013,5,-0.628,-0.5780000000000001,-0.336,-0.286,0,5,C5 (Coastal Forest),Reference
wmc2,2014,5,-0.566,-0.516,-0.286,-0.23600000000000004,0,5,C5 (Coastal Forest),Reference
wmc2,2015,5,-0.6053333333333334,-0.5553333333333332,-0.324,-0.274,0,5,C5 (Coastal Forest),Reference
wmc2,2016,5,-0.442,-0.39199999999999996,-0.164,-0.11399999999999996,0,5,C5 (Coastal Forest),Reference
wmc2,2017,5,-0.38133333333333336,-0.33133333333333337,-0.06599999999999999,-0.016000000000000004,0,5,C5 (Coastal Forest),Reference
wmc2,2018,5,-0.4406666666666667,-0.3906666666666666,-0.184,-0.134,0,5,C5 (Coastal Forest),Reference
wmc2,2019,5,-0.5733333333333334,-0.5233333333333332,-0.332,-0.28200000000000003,0,5,C5 (Coastal Forest),Reference
wmc2,2020,5,-0.5386666666666666,-0.4886666666666666,-0.294,-0.244,0,5,C5 (Coastal Forest),Reference
wmc2,2021,5,-0.506,-0.45599999999999996,-0.26400000000000007,-0.21399999999999997,0,5,C5 (Coastal Forest),Reference
wmc2,2022,5,-0.46866666666666673,-0.4186666666666666,-0.24000000000000005,-0.19,0,5,C5 (Coastal Forest),Reference
wmc2,2023,5,-0.47733333333333333,-0.42733333333333334,-0.23200000000000004,-0.18200000000000002,0,5,C5 (Coastal Forest),Reference
wmc2,2024,5,-0.31933333333333336,-0.2693333333333333,-0.072,-0.02200000000000001,0,5,C5 (Coastal Forest),Reference
wmc2,2025,5,-0.3466666666666667,-0.2966666666666667,-0.084,-0.03400000000000001,0,5,C5 (Coastal Forest),Reference
wmc3,2017,5,-1.044,-0.9640000000000001,-0.7939999999999999,-0.7140000000000001,0,5,C5 (Coastal Forest),Reference
wmc3,2018,5,-1.0793333333333335,-0.9993333333333334,-0.8700000000000001,-0.7900000000000001,0,5,C5 (Coastal Forest),Reference
wmc3,2019,5,-1.2033333333333336,-1.1233333333333335,-1.0,-0.9199999999999999,0,5,C5 (Coastal Forest),Reference
wmc3,2020,5,-1.1940000000000002,-1.114,-0.998,-0.9179999999999999,0,5,C5 (Coastal Forest),Reference
wmc3,2021,5,-1.160666666666667,-1.0806666666666669,-0.966,-0.8859999999999999,0,5,C5 (Coastal Forest),Reference
wmc3,2022,5,-1.1053333333333335,-1.0253333333333334,-0.922,-0.842,0,5,C5 (Coastal Forest),Reference
wmc3,2023,5,-1.1293333333333333,-1.0493333333333332,-0.916,-0.836,0,5,C5 (Coastal Forest),Reference
wmc3,2024,5,-0.976,-0.8959999999999999,-0.772,-0.692,0,5,C5 (Coastal Forest),Reference
wmc3,2025,5,-0.976,-0.8960000000000001,-0.7420000000000001,-0.662,0,5,C5 (Coastal Forest),Reference
wmc4,2016,5,-0.732,-0.692,-0.376,-0.33599999999999997,0,5,C5 (Coastal Forest),Reference
wmc4,2017,5,-0.6073333333333334,-0.5673333333333335,-0.246,-0.20600000000000002,0,5,C5 (Coastal Forest),Reference
wmc4,2018,5,-0.6313333333333333,-0.5913333333333334,-0.32,-0.27999999999999997,0,5,C5 (Coastal Forest),Reference
wmc4,2019,5,-0.7286666666666667,-0.6886666666666668,-0.462,-0.422,0,5,C5 (Coastal Forest),Reference
wmc4,2020,5,-0.7486666666666667,-0.7086666666666667,-0.42799999999999994,-0.388,0,5,C5 (Coastal Forest),Reference
wmc4,2021,5,-0.7286666666666667,-0.6886666666666666,-0.41800000000000004,-0.378,0,5,C5 (Coastal Forest),Reference
wmc4,2022,5,-0.688,-0.6479999999999999,-0.312,-0.27199999999999996,0,5,C5 (Coastal Forest),Reference
wmc4,2023,5,-0.6966666666666667,-0.6566666666666666,-0.31,-0.27,0,5,C5 (Coastal Forest),Reference
wmc4,2024,5,-0.5660000000000001,-0.526,-0.162,-0.12200000000000003,0,5,C5 (Coastal Forest),Reference
wmc4,2025,5,-0.558,-0.518,-0.14,-0.1,0,5,C5 (Coastal Forest),Reference
