ref_depth,Cluster,Cluster_Label,beta_1_recharge,beta_2_atmospheric_draw,beta_3_drainage,pvalue_beta_1,pvalue_beta_2,pvalue_beta_3,R2,AIC,beta_3_positive,beta_3_sig
0.5,1,C1 (Lake Edge),3.284807671574652,3.9284436032137857,0.40778384264028705,9.845729802881599e-78,1.3596120866614342e-68,3.063169539718123e-52,0.8085875005610003,-1076.0562705485695,True,True
0.5,2,C2 (Dune),2.618280809155652,3.814811235869593,0.23791482196725572,4.619044078480118e-62,1.7542908573462453e-64,1.168135099022097e-25,0.7461558964921874,-1093.7840661500063,True,True
0.5,3,C3 (Western Residual),2.269800184117266,3.4912469313818573,0.1121669630231042,1.2877478761928544e-51,2.525855444067277e-59,3.5351121342786815e-08,0.7273097460608746,-1140.0960073939848,True,True
0.5,4,C4 (Main Forest),2.2969781054723724,2.8888676947273986,-0.004803195173879584,8.035074614380129e-37,3.1082105595327e-42,0.7278724452342934,0.6722428937893221,-1079.1472389670196,False,False
0.5,5,C5 (Coastal Forest),1.6599005776690567,2.232230415922167,0.012526139672412928,2.3800829677591435e-32,3.0283878762717712e-33,0.34669818869752833,0.577422055846404,-1128.2767923363594,True,False
0.6,1,C1 (Lake Edge),3.493424042290544,3.5806548763580053,0.38646540257873696,6.075485452561914e-82,2.2701534913757983e-65,4.1037215628709196e-54,0.815527419797891,-1084.7717379379583,True,True
0.6,2,C2 (Dune),2.7670262403306296,3.6298998387756694,0.2370539014046702,9.425944280344705e-68,1.5369460365772508e-64,4.243866100287862e-28,0.7575059069613599,-1105.082577613994,True,True
0.6,3,C3 (Western Residual),2.3106106783472073,3.4522664910251883,0.12804348616735017,4.084960678034362e-57,3.0583843845200187e-63,1.1519569917279806e-10,0.739471577100944,-1151.410904678207,True,True
0.6,4,C4 (Main Forest),2.2762210076465212,2.9071916585046385,-0.0022076765022497353,1.0501683745254497e-37,5.802093473127569e-44,0.8765197964782532,0.672106222090439,-1079.0488496498242,False,False
0.6,5,C5 (Coastal Forest),1.6362936137799513,2.2632029657023707,0.02002058439481277,2.8640537864406492e-33,2.1942396110322605e-35,0.14026172823623537,0.579739539325543,-1129.5856137068356,True,False
0.7,1,C1 (Lake Edge),3.6713059196483653,3.2643916255005054,0.3637179489066134,2.186108632779852e-84,1.529464716960201e-60,6.1572627953556294e-55,0.8184998434863657,-1088.605397365132,True,True
0.7,2,C2 (Dune),2.9110447681287663,3.442860169418149,0.23254878246185634,3.2170731726632267e-72,3.3961886417595684e-63,4.8219644941546106e-30,0.76619324443598,-1114.093732446512,True,True
0.7,3,C3 (Western Residual),2.375785181728562,3.380666454993714,0.1402775546038262,5.224916531544931e-63,4.245298335768733e-66,2.7104441264534786e-13,0.7518094137960358,-1163.4426297561095,True,True
0.7,4,C4 (Main Forest),2.2567348291021996,2.9230813163430556,0.0007066232996860017,8.337081910153111e-39,9.549563562337678e-46,0.9613165491034975,0.6720754885190309,-1079.0267303433793,True,False
0.7,5,C5 (Coastal Forest),1.6208782866311588,2.2842779412699863,0.027861001159578156,1.603955683628558e-34,1.766858049663633e-37,0.042997682804928224,0.5831671305693797,-1131.5346706298756,True,True
0.8,1,C1 (Lake Edge),3.820715162570141,2.983070834271607,0.3409766047984136,1.5547270388385386e-85,7.852436358686968e-55,5.57615345017573e-55,0.8186538694184876,-1088.805758363477,True,True
0.8,2,C2 (Dune),3.0452301127511445,3.2623111543007637,0.22547074877643858,1.7393997140670791e-75,9.58003097759377e-61,1.701081630779524e-31,0.7724814161961573,-1120.8276986690407,True,True
0.8,3,C3 (Western Residual),2.458620445165837,3.2845400968031226,0.14863430503945052,9.726333564953532e-69,1.1988820842820683e-67,6.380184947188319e-16,0.7636069017123485,-1175.5204414832522,True,True
0.8,4,C4 (Main Forest),2.2393815462547457,2.9356089841188595,0.003892616848544474,3.849506269837927e-40,1.635124975515883e-47,0.7935393423247126,0.6721687657978388,-1079.0938694819747,True,False
0.8,5,C5 (Coastal Forest),1.6150214598469845,2.2937171936778364,0.03580478403866134,4.170412378390345e-36,2.0723979242932278e-39,0.009878403742894106,0.5876949453353362,-1134.1340707902393,True,True
0.9,1,C1 (Lake Edge),3.945152043197716,2.736094817468361,0.319097874152685,8.641487544749531e-86,7.313856749035313e-49,1.7283442631165222e-54,0.8168884503524049,-1086.5193905303372,True,True
0.9,2,C2 (Dune),3.1668534235132646,3.0936488784444185,0.21675468693546113,1.0235789877677875e-77,1.4826388403988984e-57,1.6777046987544054e-32,0.776738448487522,-1125.4930250828584,True,True
0.9,3,C3 (Western Residual),2.5518356708625882,3.173012182863828,0.15332768518476192,7.490267960196713e-74,7.61563658824204e-68,2.012949393686977e-18,0.7743392301929011,-1187.0433242548745,True,True
0.9,4,C4 (Main Forest),2.225045288463079,2.9438974300921603,0.007274963588571862,1.0258324764387766e-41,3.637739010451247e-49,0.6301294142968784,0.6723990675998407,-1079.2597180023215,True,False
0.9,5,C5 (Coastal Forest),1.6195591863786085,2.2904204789700264,0.04357495171553927,5.475848761507115e-38,4.823515928289168e-41,0.0017186545815531895,0.5932333975187134,-1137.3527677102588,True,True
1.0,1,C1 (Lake Edge),4.048380982265978,2.5208148784768447,0.2985378900640264,1.8446939256366496e-85,4.391554527512703e-43,1.165756277814631e-53,0.8138706961238822,-1082.661714171738,True,True
1.0,2,C2 (Dune),3.2749710129018617,2.9396505394374826,0.20714182292546893,4.059341774895778e-79,5.610426846343595e-54,3.955999232216073e-33,0.7793536414400182,-1128.403359041191,True,True
1.0,3,C3 (Western Residual),2.648881150059916,3.0545201015921704,0.15487139548727763,4.203048591170965e-78,7.643018685587752e-67,1.0602871334484932e-20,0.7837077397895842,-1197.5590954993052,True,True
1.0,4,C4 (Main Forest),2.2145324844833962,2.947235111768715,0.010752695664621847,1.656814846224724e-43,1.3685925653726485e-50,0.48105113444123165,0.6727716771669581,-1079.5282944797088,True,False
1.0,5,C5 (Coastal Forest),1.6346394498296593,2.274125795220819,0.050889313472718356,4.3513748852507406e-40,3.022131541697682e-42,0.00023397958868359288,0.5996151510214716,-1141.1163463583887,True,True
1.1,1,C1 (Lake Edge),4.133935904547009,2.3337527482240548,0.27949494964094757,9.092433029588248e-85,9.082263197233599e-38,1.2288168195412028e-52,0.8100787015116622,-1077.9020299338954,True,True
1.1,2,C2 (Dune),3.3698137495091274,2.801223383838825,0.19717860805797133,6.854131657564886e-80,2.7024937247766725e-50,1.8804041293765662e-33,0.7806880624180168,-1129.9016964753637,True,True
1.1,3,C3 (Western Residual),2.7446649262690013,2.9358000286812445,0.1539127806801094,1.9150171921127348e-81,6.386962871557462e-65,1.0638847083271395e-22,0.7916141397439052,-1206.7943901018857,True,True
1.1,4,C4 (Main Forest),2.208462551609389,2.9451886876157714,0.014207057251797713,1.8361053809339413e-45,1.1398995974005211e-51,0.3538721164718732,0.673282236965915,-1079.8968023418702,True,False
1.1,5,C5 (Coastal Forest),1.6596711103677408,2.245481158270374,0.05749329132114845,2.7153095907451428e-42,6.505837338575627e-43,2.6272893270437675e-05,0.606610925345457,-1145.311589741147,True,True
1.2,1,C1 (Lake Edge),4.204916408337594,2.1712879795438367,0.26201091995198306,7.29908639940612e-84,4.806078600071477e-33,1.6117860145410235e-51,0.8058466946176109,-1072.7009880524784,True,True
1.2,2,C2 (Dune),3.452288966198684,2.6780767386490596,0.18724383599842548,3.3433593417693045e-80,1.045931037428772e-46,1.534211463332158e-33,0.7810517334331453,-1130.3116208102858,True,True
1.2,3,C3 (Western Residual),2.8357224820527858,2.821584662513089,0.15110208030268413,5.892039989665995e-84,2.1599007063900275e-62,2.138808697964985e-24,0.7981048326823723,-1214.6418217392916,True,True
1.2,4,C4 (Main Forest),2.2071743252311196,2.9376839915574804,0.017513797308312862,1.7155318225220093e-47,2.630146787267654e-52,0.252187534472285,0.6739162536015991,-1080.3552203170316,True,False
1.2,5,C5 (Coastal Forest),1.6933984153241148,2.2059619861244557,0.06318876340014076,1.7834646164138953e-44,5.476391627015497e-43,2.6013605850694735e-06,0.6139562872009232,-1149.7975387691788,True,True
1.3,1,C1 (Lake Edge),4.263940597864648,2.030006077652564,0.24603853240375345,7.56489409664657e-83,6.070549688791605e-29,2.264820877032246e-50,0.8014037305343139,-1067.3612788735902,True,True
1.3,2,C2 (Dune),3.5236267735045703,2.5692357956216676,0.1775846797229199,3.4696515610834485e-80,2.4487946290917974e-43,1.8700345083522343e-33,0.78069795401942,-1129.9128371395402,True,True
1.3,3,C3 (Western Residual),2.9200281279740734,2.7147799832630746,0.1470142893786061,8.987793787803718e-86,1.5445720472290388e-59,8.509349041413472e-26,0.8033121348298249,-1221.1222000213431,True,True
1.3,4,C4 (Main Forest),2.2106736129533315,2.9250309012117572,0.020557528045214518,1.7746113516881142e-49,1.9095957261016012e-52,0.17552047129280787,0.6746503457451906,-1080.8871114329845,True,False
1.3,5,C5 (Coastal Forest),1.7340822200533144,2.1576551896183296,0.06785229651983178,1.6078707301078237e-46,1.7751491012318423e-42,2.4439546017279137e-07,0.6213830816948321,-1154.42085165151,True,True
1.4,1,C1 (Lake Edge),4.313172705777705,1.9068482876463553,0.23148395883449463,8.704664789232666e-82,1.9574373910690435e-25,3.1023247146172467e-49,0.7969038683767948,-1062.0735916186081,True,True
1.4,2,C2 (Dune),3.5851536196890916,2.4733954854232225,0.16835120086987632,6.0759586594777156e-80,2.9951022606796815e-40,3.0404488847516563e-33,0.7798268376433394,-1128.9336418511275,True,True
1.4,3,C3 (Western Residual),2.996656942279815,2.6168587381883226,0.1421167132370316,4.91101118236081e-87,1.4110226503458484e-56,6.3529038974280114e-27,0.8074070252520081,-1226.3398741521812,True,True
1.4,4,C4 (Main Forest),2.2186370107755033,2.9078826767484474,0.023244822132436352,2.736765404423517e-51,4.359118103210524e-52,0.12049199852082179,0.6754550418231067,-1081.4715396396714,True,False
1.4,5,C5 (Coastal Forest),1.7797386050388164,2.1029692520839958,0.07143964124118687,2.4073176197622405e-48,1.90123914748113e-41,2.3405089871327777e-08,0.6286481420542785,-1159.0320795042373,True,True
1.5,1,C1 (Lake Edge),4.3543802581173745,1.7991532958876202,0.21823272955764925,1.0105445335246015e-80,1.8464492762241647e-22,3.9143033239147457e-48,0.7924485411024684,-1056.9524194977987,True,True
1.5,2,C2 (Dune),3.638160669984141,2.3891450171729587,0.15962505322019035,1.5130840425632818e-79,1.8176312699756643e-37,6.033398902188563e-33,0.7785927872166468,-1127.5530947703626,True,True
1.5,3,C3 (Western Residual),3.0654383625694726,2.5282856096706254,0.13676655214813194,7.193711439137065e-88,1.1612914653568738e-53,8.260769038078334e-28,0.810567375679879,-1230.4431844438848,True,True
1.5,4,C4 (Main Forest),2.230470074157676,2.8871403916828324,0.02551303379862574,8.196013980137741e-53,2.7588103533456545e-51,0.08245107136938976,0.6762984504203153,-1082.08564103126,True,False
1.5,5,C5 (Coastal Forest),1.8283760664862243,2.044342415535725,0.0739776269482722,6.602105621113225e-50,5.234792718917012e-40,2.433753327028567e-09,0.6355536593663831,-1163.4995038042507,True,True
1.6,1,C1 (Lake Edge),4.388997833153812,1.7046445318579893,0.20616491507705836,1.115877519135358e-79,5.986309678613497e-20,4.407002317873934e-47,0.7881026597157357,-1052.0618835770106,True,True
1.6,2,C2 (Dune),3.683835913735436,2.3150994942880105,0.15144153284809664,4.7328230617254073e-79,5.519073529267206e-35,1.3655974195843062e-32,0.7771128931295556,-1125.9076306030609,True,True
1.6,3,C3 (Western Residual),3.126668856690737,2.4488805921086034,0.1312239447399513,2.2250485895769954e-88,6.927838805120744e-51,1.7244141767872723e-28,0.8129597233048237,-1233.5951255036525,True,True
1.6,4,C4 (Main Forest),2.2454019968564305,2.8638286396764294,0.027333279322936086,5.690441008366645e-54,3.9037862147021217e-50,0.05680525746162046,0.677149910525213,-1082.7072300545756,True,False
1.6,5,C5 (Coastal Forest),1.8781846464081353,1.9840071082362833,0.07554769008337824,3.3717191316606803e-51,2.7627284167348853e-38,2.888961208390039e-10,0.6419569223453498,-1167.7182963692017,True,True
1.7,1,C1 (Lake Edge),4.418186926619597,1.6213933035103496,0.195163598676739,1.1319811891638224e-78,7.831150723605347e-18,4.358673443641116e-46,0.7839060076985245,-1047.4335579818521,True,True
1.7,2,C2 (Dune),3.7232359076075485,2.2499697789958293,0.14380567528051827,1.7012988746150647e-78,8.746619381624564e-33,3.3520431338430885e-32,0.7754747671483692,-1124.0989235583136,True,True
1.7,3,C3 (Western Residual),3.1809011527529005,2.378091919348292,0.12567048048486815,1.2035451244654092e-88,2.6607992011013244e-48,5.338614960013913e-29,0.8147307298658988,-1235.9545221059464,True,True
1.7,4,C4 (Main Forest),2.2625912062177065,2.8389731093746047,0.02870786473340283,9.74844348563953e-55,9.586955258416639e-49,0.03974088005528998,0.6779828583018044,-1083.3168928660634,True,True
1.7,5,C5 (Coastal Forest),1.9276543112209148,1.9238398081087769,0.07626624124342365,3.0831326869274996e-52,2.1011577815774225e-36,4.054668226861581e-11,0.6477703566857976,-1171.6143442660916,True,True
1.8,1,C1 (Lake Edge),4.442887949209854,1.547773941218809,0.18511925981145183,1.0350534171569739e-77,4.787140449683257e-16,3.766242497814385e-45,0.779881220194361,-1043.0784502588547,True,True
1.8,2,C2 (Dune),3.7572804683446206,2.192593741234292,0.1367035934526744,6.599383271915434e-78,7.671553778947052e-31,8.599839826134855e-32,0.7737432268406569,-1122.2013652981784,True,True
1.8,3,C3 (Western Residual),3.2288025712915207,2.315183776069485,0.12022762869669584,9.843240199578347e-89,6.254857017734589e-46,2.2811859465318808e-29,0.8160046730655779,-1237.665702487074,True,True
1.8,4,C4 (Main Forest),2.2812186768372515,2.813503827044254,0.02966385263640539,3.936871302913786e-55,3.1991194583398475e-47,0.02841596681104248,0.6787765107439854,-1083.8992630161677,True,True
1.8,5,C5 (Coastal Forest),1.9756231686257557,1.865296872703858,0.07626620636756352,4.714287762023122e-53,1.8060993886909412e-34,6.8680630815883e-12,0.6529547441995747,-1175.143448022193,True,True
1.9,1,C1 (Lake Edge),4.4638635590138,1.4824190771549675,0.17593172558286807,8.455258664547165e-77,1.5541224394717793e-14,2.8454174395201774e-44,0.7760393369788696,-1038.9949148689527,True,True
1.9,2,C2 (Dune),3.7867595760840516,2.141944699830982,0.13011024598336068,2.643260628428696e-77,3.970059025696771e-29,2.245580169111304e-31,0.7719657179240813,-1120.2684769533894,True,True
1.9,3,C3 (Western Residual),3.271066623697652,2.2593565553443233,0.11497262385367518,1.0895207074096721e-88,8.935840315201826e-44,1.2639542844795715e-29,0.8168842491852023,-1238.8540910064773,True,True
1.9,4,C4 (Main Forest),2.300554902942493,2.7881952670387857,0.030244967236392757,3.3200837714411994e-55,1.1808733710057922e-45,0.020856101728004263,0.679516363713814,-1084.4434532590253,True,True
1.9,5,C5 (Coastal Forest),2.021270947363382,1.8094182551062488,0.07568232171654182,1.1153708451436168e-53,1.457371405586154e-32,1.4151666538580784e-12,0.6575089647511556,-1178.2873586959417,True,True
2.0,1,C1 (Lake Edge),4.481733935788085,1.42417874999584,0.16751071822366326,6.155501382110988e-76,2.986229899480251e-13,1.8880773165990322e-43,0.7723836518403526,-1035.1738145087106,True,True
2.0,2,C2 (Dune),3.812345960394373,2.097127264475347,0.12399463381918319,1.0603589600613692e-76,1.2911066981485933e-27,5.856879100766478e-31,0.7701765784999364,-1118.3380969089696,True,True
2.0,3,C3 (Western Residual),3.308361996570616,2.209818745071037,0.10995112357212836,1.5009583893393057e-88,7.90509332361012e-42,8.615789682603388e-30,0.8174529210984587,-1239.625461442436,True,True
2.0,4,C4 (Main Forest),2.319996905069188,2.763642563282854,0.030503734515368072,4.9993481241304194e-55,4.1320091614504203e-44,0.015748483898060803,0.68019377538699,-1084.9428183881032,True,True
2.0,5,C5 (Coastal Forest),2.06407820961488,1.7568743707276744,0.07464103893689482,3.788025357994992e-54,9.713756470021167e-31,3.539946756395022e-13,0.6614590296426432,-1181.0482450534073,True,True
2.1,1,C1 (Lake Edge),4.497005113016541,1.3720846730213805,0.15977562601760947,3.999797505608316e-75,3.71672235066195e-12,1.1075876334092013e-42,0.7689123733457024,-1031.6018491074,True,True
2.1,2,C2 (Dune),3.8346096085064447,2.0573668831043554,0.11832319456234716,4.172978066406191e-76,2.798207455114029e-26,1.5060925102278236e-30,0.7684003269214886,-1116.4364309013154,True,True
2.1,3,C3 (Western Residual),3.3413060958937577,2.165826374410708,0.10518681489788637,2.4163521804744502e-88,4.474092633675191e-40,6.918114125976478e-30,0.8177777785030704,-1240.067190817991,True,True
2.1,4,C4 (Main Forest),2.339079323745561,2.7402656044790845,0.030495039640098705,1.1470448352218115e-54,1.2351020551078538e-42,0.012241589618325369,0.6808050067323943,-1085.3943062334283,True,True
2.1,5,C5 (Coastal Forest),2.1037698206439956,1.7080334092023635,0.07325470150537006,1.727213150155457e-54,4.94541869484126e-29,1.0652550592003119e-13,0.6648481885167516,-1183.4428873549539,True,True
2.2,1,C1 (Lake Edge),4.510091567781286,1.3253198200760747,0.15265487460930494,2.3289288108070803e-74,3.2274002023693424e-11,5.787748925444677e-42,0.7656204588784123,-1028.26367696082,True,True
2.2,2,C2 (Dune),3.854032161685126,2.0219968283876373,0.11306195900750589,1.589110967819939e-75,4.261096862379391e-25,3.7850670171047385e-30,0.7666541646527956,-1114.5811420540438,True,True
2.2,3,C3 (Western Residual),3.3704538638852855,2.1267018221334335,0.10068847011395492,4.335888738315613e-88,1.6842257938747709e-38,6.316166647168312e-30,0.8179123642078955,-1240.2504263558017,True,True
2.2,4,C4 (Main Forest),2.357467245360164,2.7183304017408547,0.030271551495710244,3.486502981419017e-54,2.964244941101392e-41,0.009789008404699907,0.68135005651236,-1085.7976386798227,True,True
2.2,5,C5 (Coastal Forest),2.1402560625167286,1.6630324869676123,0.07161906815952238,9.987633882572072e-55,1.8481426702315265e-27,3.8043157010712625e-14,0.6677289560609485,-1185.4974377130275,True,True
2.3,1,C1 (Lake Edge),4.521334170016635,1.2831929370811832,0.1460851209129998,1.2215488699153361e-73,2.07785965124645e-10,2.7155483797835643e-41,0.7625008743484332,-1025.1432448380467,True,True
2.3,2,C2 (Dune),3.8710201983348096,1.9904447309854134,0.10817787143277781,5.804550816923066e-75,4.776967725201376e-24,9.244031616902819e-30,0.7649498658318588,-1112.7836728445245,True,True
2.3,3,C3 (Western Residual),3.3962955859684305,2.091840126084117,0.09645500933517784,8.370774104828052e-88,4.390582031663301e-37,6.372611421400914e-30,0.8178992148376649,-1240.2325178028057,True,True
2.3,4,C4 (Main Forest),2.3749386574382,2.697978252346765,0.02988093859962977,1.254450775533942e-53,5.5419435266102865e-40,0.008040341579850934,0.681831529024544,-1086.1544987578154,True,True
2.3,5,C5 (Coastal Forest),2.1735793128046335,1.6218426707310034,0.0698131334256259,6.98554293146581e-55,5.007418832933561e-26,1.586780961199928e-14,0.6701572325156901,-1187.2431568851157,True,True
2.4,1,C1 (Lake Edge),4.531014431438161,1.245117376296411,0.1400103971864744,5.806154110778078e-73,1.0423903476437883e-09,1.153038317173494e-40,0.7595454549921736,-1022.2246027160957,True,True
2.4,2,C2 (Dune),3.885916995287861,1.9622197720791053,0.10363955333885388,2.0230573179032582e-74,4.105986533681183e-23,2.1863171529682514e-29,0.7632951962431447,-1111.0509721070077,True,True
2.4,3,C3 (Western Residual),3.419259640461161,2.060708136378021,0.09247906799488753,1.693437064905552e-87,8.242879257023443e-36,6.945059885522486e-30,0.8177720289485934,-1240.0593659379963,True,True
2.4,4,C4 (Main Forest),2.391362842513992,2.6792559193027157,0.029364528168911046,4.909322659379346e-53,8.00517606432844e-39,0.006769430958195858,0.6822536661377747,-1086.4678249222584,True,True
2.4,5,C5 (Coastal Forest),2.2038698655213222,1.5843232412252368,0.06790032724817514,5.684925796181924e-55,9.893174161531391e-25,7.600754836719959e-15,0.6721883082197193,-1188.71322235075,True,True
2.5,1,C1 (Lake Edge),4.539365825985305,1.210593609923686,0.13438127553457416,2.516413665397735e-72,4.243500176720855e-09,4.4644286809237865e-40,0.7567454890540806,-1019.4923845208145,True,True
2.5,2,C2 (Dune),3.899012682959831,1.9369010573499965,0.09941770256128203,6.709145937571023e-74,2.8025577542822585e-22,4.99828027322388e-29,0.7616949752925839,-1109.3867704574766,True,True
2.5,3,C3 (Western Residual),3.4397176871848223,2.032839885171115,0.08874947252622865,3.5202643795612072e-87,1.1559355821483357e-34,8.028667452152034e-30,0.8175574601158051,-1239.767523987103,True,True
2.5,4,C4 (Main Forest),2.406678896918133,2.6621428549005555,0.02875698541373535,1.967652796154092e-52,8.986692361859437e-38,0.00582865583285491,0.6826215917213354,-1086.7412529330793,True,True
2.5,5,C5 (Coastal Forest),2.2313116169564466,1.5502641161722834,0.06593040342982327,5.216358131161213e-55,1.4493366242787176e-23,4.112216866758533e-15,0.6738743818376456,-1189.9405155612658,True,True
2.6,1,C1 (Lake Edge),4.5465828012315574,1.17919481869352,0.12915408883901025,1.0006262917039455e-71,1.4491739072429477e-08,1.5875956644717994e-39,0.754092108951524,-1016.9320739025837,True,True
2.6,2,C2 (Dune),3.9105528753107257,1.9141273566336863,0.0954852579436693,2.1149043097765648e-73,1.5655192001528117e-21,1.1037418760436161e-28,0.7601518690798129,-1107.7925174308562,True,True
2.6,3,C3 (Western Residual),3.4579908066965626,2.007830227294378,0.08525293333306444,7.411155789537076e-87,1.2517592178136447e-33,9.704273931907127e-30,0.8172765709972853,-1239.385996018633,True,True
2.6,4,C4 (Main Forest),2.4208766713182017,2.646573702654856,0.02808663049173405,7.754326538009554e-52,7.952683367353577e-37,0.005120272387332774,0.6829407641129939,-1086.9787063423423,True,True
2.6,5,C5 (Coastal Forest),2.2561167705213867,1.519417331272732,0.06394155394523426,5.261132296456646e-55,1.6104341591853226e-22,2.473717644592916e-15,0.6752632000931225,-1190.9562117738392,True,True
2.7,1,C1 (Lake Edge),4.552827971398098,1.1505550221397582,0.12429022396501804,3.67244053397427e-71,4.2662825679305624e-08,5.220019948002421e-39,0.751576548772271,-1014.5301330333953,True,True
2.7,2,C2 (Dune),3.920745929671448,1.893588209082872,0.09181741701391623,6.337838231853786e-73,7.344365770905285e-21,2.3544087174588544e-28,0.7586669817863723,-1106.268067329778,True,True
2.7,3,C3 (Western Residual),3.4743557464622628,1.9853279546476306,0.08197518411516588,1.5634042198333412e-86,1.0783738791940642e-32,1.2125055395663943e-29,0.8169459978588134,-1238.937733475999,True,True
2.7,4,C4 (Main Forest),2.4339810629782157,2.6324557489224025,0.0273760976554523,2.927299818045448e-51,5.651076315770559e-36,0.004578514146682692,0.683216606151052,-1087.1841160829856,True,True
2.7,5,C5 (Coastal Forest),2.2785080476083346,1.4915193454383537,0.06196247074181272,5.714167296582467e-55,1.3917273440779824e-21,1.6308590043486806e-15,0.6763974746258825,-1191.7889782086277,True,True
2.8,1,C1 (Lake Edge),4.558237877667484,1.1243592961686462,0.11975549155367016,1.2511272769016298e-70,1.1072559524470503e-07,1.5967987378529455e-38,0.7491903091133685,-1012.2740454432203,True,True
2.8,2,C2 (Dune),3.9297690153306135,1.8750163005208824,0.08839156483304123,1.8073050208898156e-72,2.958396724619258e-20,4.85431501008696e-28,0.7572402961507222,-1104.8121794132987,True,True
2.8,3,C3 (Western Residual),3.489050827336495,1.96502905309825,0.07890173365479247,3.279132361171254e-86,7.588244528111743e-32,1.552016779887714e-29,0.8165788759697675,-1238.4408579587407,True,True
2.8,4,C4 (Main Forest),2.4460397462472776,2.6196817777082253,0.0266431329015143,1.0421797124022002e-50,3.289873897433021e-35,0.004158376076044961,0.683454273945626,-1087.3612423207971,True,True
2.8,5,C5 (Coastal Forest),2.298706764870509,1.4663061291261283,0.06001420886982773,6.573842416183297e-55,9.594446138561162e-21,1.163186377566882e-15,0.6773148038140572,-1192.4646045159764,True,True
2.9,1,C1 (Lake Edge),4.5629276178285245,1.1003356987744963,0.11551957036780933,3.977730845692512e-70,2.580831951626625e-07,4.570299015796522e-38,0.7469252578905566,-1010.1523061945995,True,True
2.9,2,C2 (Dune),3.937773167358262,1.8581809792952932,0.08518715230215664,4.911400293212623e-72,1.0428008732060281e-19,9.683407203532171e-28,0.7558710011407315,-1103.4228813775585,True,True
2.9,3,C3 (Western Residual),3.5022813011419243,1.9466704442733032,0.07601834877317122,6.800241250647989e-86,4.4640755764556645e-31,2.020788493042008e-29,0.8161855715677107,-1237.9096483394703,True,True
2.9,4,C4 (Main Forest),2.4571139885737505,2.6081391096948354,0.025901403262167957,3.470313780406313e-50,1.6009707011486793e-34,0.00382852901459699,0.6836585271478888,-1087.5135720171186,True,True
2.9,5,C5 (Coastal Forest),2.316925286933886,1.4435228381138983,0.05811179090447834,7.905231660409318e-55,5.4064310483097757e-20,8.873072843311536e-16,0.6780478994132271,-1193.0059223351325,True,True
3.0,1,C1 (Lake Edge),4.566994581428525,1.0782485915703695,0.11155552092753995,1.186105327512819e-69,5.486029793801709e-07,1.2303196147732312e-37,0.7447736871365372,-1008.1543810452541,True,True
3.0,2,C2 (Dune),3.944887487243146,1.8428827660214337,0.08218554879462102,1.2742416644927547e-71,3.269291888400697e-19,1.8711400128362775e-27,0.7545577353301735,-1102.097732385305,True,True
3.0,3,C3 (Western Residual),3.5142240873049158,1.9300243608573422,0.0733113524348748,1.3888550433439175e-85,2.2407579861333174e-30,2.6615532678730905e-29,0.8157742594001257,-1237.3553313457755,True,True
3.0,4,C4 (Main Forest),2.467272026342397,2.597715663556883,0.025161247344934076,1.0771690558677145e-49,6.638302630834881e-34,0.0035667926031367966,0.6838336694515101,-1087.6442694867426,True,True
3.0,5,C5 (Coastal Forest),2.3333626199334536,1.422929576946023,0.05626554388680411,9.831282677278775e-55,2.5470829650453033e-19,7.167080177976872e-16,0.678624978877949,-1193.4329055752523,True,True
3.1,1,C1 (Lake Edge),4.570521475155768,1.057893101840485,0.10783936176643835,3.332533364327368e-69,1.0772186017620568e-06,3.1299459970902186e-37,0.7427283398007507,-1006.2706485842504,True,True
3.1,2,C2 (Dune),3.9512226321976742,1.8289487172506793,0.07936988497904746,3.1626015415141273e-71,9.244489666561328e-19,3.50708617860114e-27,0.7532987672655822,-1100.8340123852663,True,True
3.1,3,C3 (Western Residual),3.525031892091571,1.914893393042286,0.07076779596990843,2.7860183488357286e-85,9.769703462589026e-30,3.5305293820154714e-29,0.8153513779961059,-1236.7867115403722,True,True
3.1,4,C4 (Main Forest),2.4765844550695215,2.5883037981445414,0.024430334477645893,3.1161933959967323e-49,2.387194407192581e-33,0.003357204455238367,0.6839835351364224,-1087.7561621309544,True,True
3.1,5,C5 (Coastal Forest),2.3482021828436817,1.4043044327384233,0.05448218740948786,1.2536982032891824e-54,1.0240969910574723e-18,6.076953592002609e-16,0.6790702313834573,-1193.7628738861797,True,True
3.2,1,C1 (Lake Edge),4.5735787831296015,1.0390905173795444,0.10434970128079755,8.860239056314169e-69,1.974924889424625e-06,7.557641048666472e-37,0.7407824163626852,-1004.4923342831851,True,True
3.2,2,C2 (Dune),3.9568737145111683,1.8162285152090067,0.07672489569830358,7.524864463349236e-71,2.3862456792765226e-18,6.3850480836055345e-27,0.7520921287111404,-1099.6288573980607,True,True
3.2,3,C3 (Western Residual),3.5348367525906133,1.9011061835223864,0.06837554658154388,5.479449153275592e-85,3.758087654630361e-29,4.7005626960744634e-29,0.8149219886035839,-1236.2106717985628,True,True
3.2,4,C4 (Main Forest),2.485121144179317,2.5798025620631977,0.023714223026941893,8.41794345688377e-49,7.565672152281902e-33,0.0031880954925669006,0.684111503994754,-1087.851748185343,True,True
3.2,5,C5 (Coastal Forest),2.3616110366030494,1.3874446669741793,0.05276570376038747,1.6281283338802902e-54,3.579327364482463e-18,5.368598193230183e-16,0.6794042998139163,-1194.0107464882897,True,True
3.3,1,C1 (Lake Edge),4.5762267756614285,1.0216844454663563,0.10106741835863832,2.2379297519091037e-68,3.4112279769753583e-06,1.7389379834133562e-36,0.7389295681246049,-1002.8114420862595,True,True
3.3,2,C2 (Dune),3.9619227131250514,1.804591170730359,0.07423676879913449,1.7200514821813254e-70,5.681474350288004e-18,1.1307996411793417e-26,0.7509357126345048,-1098.4793552318465,True,True
3.3,3,C3 (Western Residual),3.543753064540475,1.8885137185782597,0.06612331873319165,1.0554803270409613e-84,1.2929329708401124e-28,6.264826807593917e-29,0.8144900584287764,-1235.6325702655813,True,True
3.3,4,C4 (Main Forest),2.492949270397474,2.572118838644643,0.02301682147182138,2.1299422343890244e-48,2.1437694045392214e-32,0.0030508072614309845,0.684220532329216,-1087.9332172123263,True,True
3.3,5,C5 (Coastal Forest),2.3737400501049,1.3721667109475908,0.0511180244422732,2.1415018298766812e-54,1.1054034223566153e-17,4.91006800576261e-16,0.6796447447116469,-1194.189312064503,True,True
3.4,1,C1 (Lake Edge),4.578517155870232,1.0055375991464972,0.09797538547996246,5.389529627451897e-68,5.593556030922691e-06,3.826446296522439e-36,0.7371638819781962,-1001.2206869855951,True,True
3.4,2,C2 (Dune),3.9664404825230988,1.79392224185336,0.0718930032048585,3.78521760953278e-70,1.2589955993443973e-17,1.9508923734474264e-26,0.7498273447997216,-1097.3826122561359,True,True
3.4,3,C3 (Western Residual),3.551880157804403,1.8769861506994905,0.06400066917198582,1.9901432487357108e-84,4.026168706033775e-28,8.341080964283908e-29,0.8140586844575107,-1235.0565550231026,True,True
3.4,4,C4 (Main Forest),2.500132150126503,2.5651677508809216,0.022340762205727418,5.066791969547079e-48,5.500724000949225e-32,0.0029388243350762077,0.6843131917929721,-1088.0024770744558,True,True
3.4,5,C5 (Coastal Forest),2.3847246364324626,1.3583054217997206,0.04953956601687475,2.840432736484988e-54,3.060247004795116e-17,4.623728462451481e-16,0.6798064719685601,-1194.3094936618006,True,True
3.5,1,C1 (Lake Edge),4.580494414726757,0.9905290997776199,0.09505822860841247,1.24166518562e-67,8.763633471447538e-06,8.078808580565655e-36,0.7354798599802802,-999.7134306048684,True,True
3.5,2,C2 (Dune),3.97048842932079,1.7841214849814742,0.06968227784043726,8.036040131715927e-70,2.616930345395027e-17,3.2833402260156693e-26,0.7487648356022388,-1096.335799046051,True,True
3.5,3,C3 (Western Residual),3.5593044814261043,1.8664100860950679,0.06199796916179267,3.6725519992709405e-84,1.1467130796455513e-27,1.1076478224596392e-28,0.8136302706339559,-1234.48581356062,True,True
3.5,4,C4 (Main Forest),2.506728628081353,2.5588725900344507,0.02168770041985378,1.1377607084596076e-47,1.2925968993706831e-31,0.002847178830379233,0.684391710796812,-1088.061183327927,True,True
3.5,5,C5 (Coastal Forest),2.394685807835336,1.3457129145507436,0.048029644612383265,3.785966472693537e-54,7.691346353371807e-17,4.462250527863498e-16,0.6799021161384247,-1194.3805966382713,True,True
3.6,1,C1 (Lake Edge),4.582196950438599,0.9765522056071313,0.09230211885200758,2.744956119144361e-67,1.3191247874478372e-05,1.6414957876960977e-35,0.7338723960431166,-998.2836208907319,True,True
3.6,2,C2 (Dune),3.974119914519581,1.7751008684568017,0.06759433195076515,1.649143366448439e-69,5.137039851315116e-17,5.397864490370028e-26,0.7477460171185977,-1095.3361806420087,True,True
3.6,3,C3 (Western Residual),3.566101455102424,1.8566862736444893,0.06010636318170588,6.633654995696701e-84,3.0147196728699903e-27,1.4652904400066155e-28,0.8132066683933017,-1233.9227706885176,True,True
3.6,4,C4 (Main Forest),2.5127928428509936,2.553164453564465,0.021058550545312946,2.4215563411520863e-47,2.8093702197656587e-31,0.0027720358224099842,0.6844580152711864,-1088.1107685270665,True,True
3.6,5,C5 (Coastal Forest),2.4037313814109416,1.3342571824087222,0.04658679405920444,5.057061508940691e-54,1.7744752282537819e-16,4.395961458416677e-16,0.6799423774275606,-1194.4105336980344,True,True
3.7,1,C1 (Lake Edge),4.5836579966307465,0.9635123929387585,0.08969459150487918,5.839334003062333e-67,1.916612058820987e-05,3.218545423866471e-35,0.7323367513178416,-996.9257364189554,True,True
3.7,2,C2 (Dune),3.977381429048819,1.7667828896887607,0.06561985669361539,3.277671812746733e-69,9.579866325886794e-17,8.679922452426703e-26,0.7467687691030952,-1094.3811356516594,True,True
3.7,3,C3 (Western Residual),3.572337037520155,1.8477276375763476,0.058317720341346496,1.1732231862617074e-83,7.375104613207383e-27,1.929281397397874e-28,0.8127892883605614,-1233.369245704178,True,True
3.7,4,C4 (Main Forest),2.5183742397928492,2.5479817198007497,0.02045367171603963,4.90453047677899e-47,5.696824305085555e-31,0.0027104006973428536,0.6845137669611308,-1088.1524699866545,True,True
3.7,5,C5 (Coastal Forest),2.4119572265895135,1.3238206442084983,0.0452090082727926,6.754678262268267e-54,3.7946127871763646e-16,4.405881893703606e-16,0.6799363139894792,-1194.4060248705855,True,True
3.8,1,C1 (Lake Edge),4.584906394795661,0.9513257299797457,0.08722438866684967,1.1984192449228944e-66,2.6988711871427308e-05,6.105069014768786e-35,0.7308685293364121,-995.6347354489213,True,True
3.8,2,C2 (Dune),3.980313581673883,1.7590991466432933,0.06375039749946963,6.320453734242439e-69,1.706018342251451e-16,1.3668945991108642e-25,0.7458310367367702,-1093.4681673049809,True,True
3.8,3,C3 (Western Residual),3.5780690553937173,1.8394576028211715,0.05662458267865213,2.032622157643792e-83,1.6908300152682467e-26,2.526551408444794e-28,0.8123791893200889,-1232.8265773501985,True,True
3.8,4,C4 (Main Forest),2.523517739416527,2.543269444599842,0.019873012223701313,9.488885206675279e-47,1.0860392216177726e-30,0.0026599098262032467,0.6845603983402914,-1088.1873552454178,True,True
3.8,5,C5 (Coastal Forest),2.419448486588396,1.314298706581113,0.043893924566441374,9.006494846441636e-54,7.585324259877103e-16,4.479739375781847e-16,0.6798915930302798,-1194.372772598506,True,True
3.9,1,C1 (Lake Edge),4.585967239427165,0.9399174943821136,0.08488132216235472,2.3784916697783997e-66,3.6960771506516366e-05,1.122853638849678e-34,0.7294636516156878,-994.4060096315114,True,True
3.9,2,C2 (Dune),3.9829519313323507,1.751989122669966,0.06197826647802304,1.1845400850562211e-68,2.9144887469425915e-16,2.1105185635759133e-25,0.7449308422399789,-1092.5949087521312,True,True
3.9,3,C3 (Western Residual),3.583348330766173,1.8318086686884887,0.05502011306301853,3.451681677228191e-83,3.655619792379332e-26,3.2893832953300396e-28,0.8119771492296874,-1232.2957232950284,True,True
3.9,4,C4 (Main Forest),2.5282639973623207,2.538978735316026,0.019316221344380234,1.759968684637719e-46,1.9595222730922867e-30,0.002618678929241131,0.6845991438030672,-1088.2163449182033,True,True
3.9,5,C5 (Coastal Forest),2.4262807339752928,1.3055983933373507,0.04263896119606979,1.1972257653766875e-53,1.4279321267810814e-15,4.609603304146686e-16,0.6798147050586728,-1194.3156134002325,True,True
4.0,1,C1 (Lake Edge),4.5868624186820135,0.9292209943157246,0.08265615394241671,4.574977854951736e-66,4.937632869934732e-05,2.006614019494771e-34,0.728118334173012,-993.2353421419392,True,True
4.0,2,C2 (Dune),3.9853276902167,1.7453991504966249,0.06029646405276405,2.161079914109178e-68,4.795517300771046e-16,3.198598854364499e-25,0.7440662919390364,-1091.7591242884137,True,True
4.0,3,C3 (Western Residual),3.5882196384646674,1.8247211928009694,0.05349804443305932,5.748866481481613e-83,7.494720173618981e-26,4.256109571846158e-28,0.8115837220176881,-1231.7773394361338,True,True
4.0,4,C4 (Main Forest),2.53264971238365,2.535066136642509,0.018782735416844325,3.1398984098498215e-46,3.3658433074365144e-30,0.0025851918976345623,0.6846310671397327,-1088.2402328963221,True,True
4.0,5,C5 (Coastal Forest),2.4325210391558363,1.2976370709465248,0.04144141963075893,1.5849759768994665e-53,2.547908337391177e-15,4.790435561202893e-16,0.6797111458084841,-1194.238648227499,True,True
4.1,1,C1 (Lake Edge),4.587611069002628,0.9191765600543198,0.08054049155564758,8.545598872358958e-66,6.451364611524323e-05,3.4909460689636214e-34,0.7268290652247889,-992.1188699375376,True,True
4.1,2,C2 (Dune),3.9874683192297193,1.7392815269377473,0.05869860897861828,3.84388948890376e-68,7.626736106629161e-16,4.7632182624154765e-25,0.7432355799858359,-1090.958707744009,True,True
4.1,3,C3 (Western Residual),3.5927225206153772,1.818142352876079,0.05205263141811353,9.397422878189052e-83,1.464244346406223e-25,5.471831916438111e-28,0.8111992830958166,-1231.2718431996152,True,True
4.1,4,C4 (Main Forest),2.5367079532581407,2.5314930487117397,0.018271843729177784,5.404873499707763e-46,5.532395252878765e-30,0.0025582183371588023,0.6846570854955036,-1088.2597040129376,True,True
4.1,5,C5 (Coastal Forest),2.43822894277843,1.2903412834725296,0.04029855976212216,2.088142327927203e-53,4.333816067136741e-15,5.019175351424884e-16,0.6795855701959148,-1194.145353883859,True,True
4.2,1,C1 (Lake Edge),4.588229958631922,0.9097306788499251,0.07852669662152778,1.5529770501000425e-65,8.262848040703904e-05,5.92274212040829e-34,0.725592584216048,-991.0530498088117,True,True
4.2,2,C2 (Dune),3.9893980336106885,1.7335937546125388,0.05717887591538178,6.675277077261687e-68,1.176065186058233e-15,6.97650421065774e-25,0.7424369896343479,-1090.1916789460838,True,True
4.2,3,C3 (Western Residual),3.5968919808282305,1.812025258911056,0.05067860493098749,1.5087521864364344e-82,2.7379629099980702e-25,6.98915278365973e-28,0.8108240658935854,-1230.7794641255573,True,True
4.2,4,C4 (Main Forest),2.540468485785783,2.52822518837411,0.01778273864960097,9.002118665014621e-46,8.741273749451882e-30,0.0025367517434458,0.6846779901142827,-1088.275349373391,True,True
4.2,5,C5 (Coastal Forest),2.4434573307520084,1.283645700402083,0.03920765444239052,2.736144375555021e-53,7.06208643907407e-15,5.294145047371508e-16,0.6794419223218733,-1194.038677874529,True,True
4.3,1,C1 (Lake Edge),4.588733812155698,0.9008352505833338,0.07660780453727511,2.7504061166300898e-65,0.00010394882244342759,9.815275957566416e-34,0.7244058622441499,-990.0346278855031,True,True
4.3,2,C2 (Dune),3.9911382334029497,1.728297890910518,0.055731939772988445,1.1333053215113628e-67,1.7632733624602423e-15,1.0059407984786107e-24,0.7416688927552342,-1089.4561789167158,True,True
4.3,3,C3 (Western Residual),3.6007590770056352,1.8063281926117458,0.04937113000987667,2.3807880280145214e-82,4.919055543898168e-25,8.86890877758988e-28,0.8104581912312189,-1230.3002843342588,True,True
4.3,4,C4 (Main Forest),2.5439580881490964,2.5252320983885563,0.017314553512353253,1.45451981736116e-45,1.33293901017359e-29,0.0025199626647069632,0.6846944642075162,-1088.287679586464,True,True
4.3,5,C5 (Coastal Forest),2.448253215239483,1.2774921746883428,0.03816602829986192,3.564343751639593e-53,1.107324499562804e-14,5.6146541870549845e-16,0.6792835450978207,-1193.9211189253554,True,True
4.4,1,C1 (Lake Edge),4.589135585974418,0.8924469455192707,0.07477745390453555,4.754676684789316e-65,0.00012867115004264393,1.591202842660539e-33,0.7232660838824557,-989.0606122681769,True,True
4.4,2,C2 (Dune),3.9927078708823083,1.723359987707027,0.05435292610160007,1.8834240235894294e-67,2.5767753048820323e-15,1.429156579815358e-24,0.7409297481014387,-1088.750464289347,True,True
4.4,3,C3 (Western Residual),3.604351428641952,1.801013954564053,0.048125766983325324,3.6951082606349686e-82,8.520766466909233e-25,1.1180895077962108e-27,0.8101016909665341,-1229.8342709239275,True,True
4.4,4,C4 (Main Forest),2.547200847787697,2.5224867053357904,0.016866391019998775,2.285280522464713e-45,1.9685549612409692e-29,0.002507162869134447,0.6847070982922061,-1088.2971361401437,True,True
4.4,5,C5 (Coastal Forest),2.452658427629862,1.2718289047851434,0.03717108465038636,4.614851561055835e-53,1.67715163787587e-14,5.980728839050973e-16,0.6791132726247865,-1193.794795207977,True,True
4.5,1,C1 (Lake Edge),4.589446702808379,0.8845266486352232,0.07302982437959094,8.034680323309154e-65,0.0001569581204203376,2.526877795188149e-33,0.7221706303719353,-988.1282484735119,True,True
4.5,2,C2 (Dune),3.9941237649767953,1.7187496080368485,0.05303736686224428,3.067485840149428e-67,3.6784017163133734e-15,2.002221415478461e-24,0.740218098710127,-1088.0729012926413,True,True
4.5,3,C3 (Western Residual),3.6076936518929257,1.7960493027436102,0.04693843590100029,5.644722533645647e-82,1.4274530999928646e-24,1.400457016752462e-27,0.8097545270526855,-1229.381301922982,True,True
4.5,4,C4 (Main Forest),2.550218436229036,2.5199649246787406,0.01643734432384613,3.4989961902929e-45,2.8244674865751804e-29,0.0024977776755856626,0.6847164033252955,-1088.3041011564892,True,True
4.5,5,C5 (Coastal Forest),2.456710230803557,1.2666096925927686,0.03622032344285464,5.937369351862485e-53,2.4620919184427342e-14,6.392922113366022e-16,0.6789335080247685,-1193.6615020812103,True,True
4.6,1,C1 (Lake Edge),4.589677251894553,0.8770389775667069,0.07135958183604214,1.3289946871706758e-64,0.00018893755834329618,3.935723961712051e-33,0.7211170641246409,-987.2349974038344,True,True
4.6,2,C2 (Dune),3.995400871001106,1.7144394081754537,0.051781160977454194,4.901482868007522e-67,5.1395265793100874e-15,2.7682105025226314e-24,0.7395325687296789,-1087.4219595515383,True,True
4.6,3,C3 (Western Residual),3.6108077335281696,1.7914044685696893,0.04580538409209266,8.493082927981282e-82,2.3191833895921448e-24,1.7429730346719824e-27,0.8094166069095907,-1228.9411870842414,True,True
4.6,4,C4 (Main Forest),2.553030360490354,2.5176453100367793,0.01602651246880012,5.231035820824143e-45,3.9479602242617426e-29,0.0024913243990254312,0.684722821934346,-1088.3089057424918,True,True
4.6,5,C5 (Coastal Forest),2.4604418584659067,1.2617932884764627,0.035311352493271116,7.590053298621273e-53,3.513809844482242e-14,6.852178323921031e-16,0.6787462890295737,-1193.522760930258,True,True
4.7,1,C1 (Lake Edge),4.589836160362463,0.8699518633275962,0.06976182988665544,2.1543941560611207e-64,0.00022470255489331003,6.0193655851638765e-33,0.7201031144685823,-986.3785155757453,True,True
4.7,2,C2 (Dune),3.9965525126259966,1.7104047754373357,0.050580539123066336,7.691826888323199e-67,7.041014159574947e-15,3.7796340189100635e-24,0.7388718598870974,-1086.7962058820062,True,True
4.7,3,C3 (Western Residual),3.6137133530756884,1.7870527389006687,0.04472315666646877,1.2594619071323684e-81,3.663357916074529e-24,2.155714401334345e-27,0.8090877958278551,-1228.5136845439863,True,True
4.7,4,C4 (Main Forest),2.5556541910608397,2.515508743057142,0.015633011514573466,7.64984399945075e-45,5.389104803685748e-29,0.0024873954189417713,0.6847267380127932,-1088.3118371321311,True,True
4.7,5,C5 (Coastal Forest),2.4638829892582947,1.2573428144462233,0.03444189373342992,9.640390262193111e-53,4.888241798729216e-14,7.359733346112767e-16,0.6785533432816973,-1193.3798604693816,True,True
4.8,1,C1 (Lake Edge),4.589931340326167,0.8632361847083128,0.06823206694532605,3.426691509549119e-64,0.0002643124748038521,9.04957708222509e-33,0.7191266645559122,-985.5566373672683,True,True
4.8,2,C2 (Dune),3.9975905818511115,1.7066235135443035,0.049432032280382794,1.1866062809736741e-66,9.472926859785092e-15,5.099801967499117e-24,0.7382347477555065,-1086.1942982018636,True,True
4.8,3,C3 (Western Residual),3.6164281609616657,1.7829700942050113,0.04368856975006181,1.8419645104811527e-81,5.638548241734373e-24,2.649913640176364e-27,0.8087679269789904,-1228.0985141605513,True,True
4.8,4,C4 (Main Forest),2.5581057673365133,2.5135381600170508,0.015255982351774935,1.0960982554901735e-44,7.199642254865744e-29,0.0024856447738532787,0.6847284849157922,-1088.3131447921824,True,True
4.8,5,C5 (Coastal Forest),2.467060162982293,1.2532252569265359,0.03360978579238366,1.2166073720473494e-52,6.64440165888079e-14,7.91703987161425e-16,0.6783561349963596,-1193.2338916771314,True,True
4.9,1,C1 (Lake Edge),4.589969815455898,0.8568654486964608,0.0667661481244512,5.3534930427642966e-64,0.0003077946712486382,1.338715507055404e-32,0.7181857393533355,-984.767359066741,True,True
4.9,2,C2 (Dune),3.9985257118026345,1.703075568700774,0.048332443621392364,1.8011515137099013e-66,1.2534008611485459e-14,6.804257736297209e-24,0.7376200779391419,-1085.6149796402017,True,True
4.9,3,C3 (Western Residual),3.6189680191991487,1.7791348946787926,0.042698686237734804,2.6584164174617453e-81,8.473756064840498e-24,3.238011637982315e-27,0.808456809491136,-1227.6953681825835,True,True
4.9,4,C4 (Main Forest),2.560399381875743,2.5117183113086288,0.01489459600216548,1.5410868410707547e-44,9.431817484150869e-29,0.002485777468026794,0.684728352461869,-1088.3130456423455,True,True
4.9,5,C5 (Coastal Forest),2.469997145729218,1.249411021115709,0.03281298391483392,1.525586722002685e-52,8.843061608099679e-14,8.525710118665625e-16,0.6781559043711919,-1193.085777358781,True,True
5.0,1,C1 (Lake Edge),4.589957830161568,0.8508155104600905,0.06536025136044075,8.223244518669926e-64,0.0003551467199891732,1.9504283869936953e-32,0.7172784946337947,-984.0088245290702,True,True
5.0,2,C2 (Dune),3.9993674263921624,1.6997427905820406,0.047278823348403026,2.692320405130921e-66,1.633096735987034e-14,8.982265815893721e-24,0.7370267622611681,-1085.0570728986813,True,True
5.0,3,C3 (Western Residual),3.621347210133991,1.77552760736708,0.04175079384853876,3.788507967442221e-81,1.2456547123354784e-23,3.933703795287519e-27,0.8081542349587048,-1227.30391976689,True,True
5.0,4,C4 (Main Forest),2.5625479451011657,2.5100355501373293,0.014548057013833637,2.1290083522927914e-44,1.2137229415638775e-28,0.002487540881093318,0.6847265929172897,-1088.3117285199046,True,True
5.0,5,C5 (Coastal Forest),2.472715250090791,1.2458735396173026,0.03204955797903915,1.9010442975805716e-52,1.154538669396001e-13,9.187471016588975e-16,0.677953700906493,-1192.9362971783814,True,True
5.1,1,C1 (Lake Edge),4.589900944001051,0.8450643274273165,0.06401084724320028,1.2430651692844958e-63,0.000406339005139756,2.801068569559272e-32,0.716403206890696,-983.2793122656983,True,True
5.1,2,C2 (Dune),4.0001242702280155,1.6966087233338185,0.04626844615319216,3.966243291429979e-66,2.097758659776331e-14,1.1738337618926953e-23,0.7364537750153495,-1084.5194748966794,True,True
5.1,3,C3 (Western Residual),3.623578617889293,1.7721305684226536,0.040842385276226856,5.334129141608113e-81,1.7941126177627673e-23,4.751979028230167e-27,0.8078599826822424,-1226.9238297625222,True,True
5.1,4,C4 (Main Forest),2.564563132166476,2.5084776470286814,0.014215605423118758,2.893615098775618e-44,1.5365749616221963e-28,0.00249071782064676,0.6847234261147579,-1088.3093580007703,True,True
5.1,5,C5 (Coastal Forest),2.4752336159935457,1.242588928746267,0.03131768919135363,2.3543183530551454e-52,1.4811594672760508e-13,9.904128479433475e-16,0.6777504116099841,-1192.78610887169,True,True
5.2,1,C1 (Lake Edge),4.589804113501295,0.8395917428247522,0.06271467209639063,1.8508128895703799e-63,0.00046131751276573134,3.968380919435339e-32,0.7155582640994478,-982.5772238135295,True,True
5.2,2,C2 (Dune),4.000803921632033,1.6936584224265567,0.04529879099990665,5.762748783841943e-66,2.6593699861265244e-14,1.5193778248972652e-23,0.735900149324228,-1084.0011517168211,True,True
5.2,3,C3 (Western Residual),3.625673886424105,1.768927775536966,0.03997114023950099,7.424110937767388e-81,2.5356103989121654e-23,5.709151125308589e-27,0.8075738238773453,-1226.5547520956702,True,True
5.2,4,C4 (Main Forest),2.566455513701243,2.5070336270429583,0.013896517647239193,3.8735693445164187e-44,1.9164550252486666e-28,0.002495120867811498,0.6847190438358096,-1088.306077672545,True,True
5.2,5,C5 (Coastal Forest),2.4775694570837112,1.2395356866223368,0.030615665892194995,2.8980934952334686e-52,1.8699701155127342e-13,1.0677538436273406e-15,0.6775467849010246,-1192.6357662391417,True,True
5.3,1,C1 (Lake Edge),4.589671763228452,0.8343792947296558,0.061468703915945375,2.7164187873368076e-63,0.0005200067133971119,5.550326333700298e-32,0.7147421572553678,-981.9010732451621,True,True
5.3,2,C2 (Dune),4.001413291169523,1.6908782938333442,0.044367522970695725,8.263789894513032e-66,3.330406381514657e-14,1.9488236381022928e-23,0.7353649736326087,-1083.5011338564068,True,True
5.3,3,C3 (Western Residual),3.627643557518066,1.7659047063332873,0.03913490925006328,1.0219635833201374e-80,3.5211715142569866e-23,6.822882087822205e-27,0.8072955250455959,-1226.1963380245293,True,True
5.3,4,C4 (Main Forest),2.5682346720781477,2.5056936269118673,0.013590106587819523,5.112591403338857e-44,2.357726969264021e-28,0.002500587747420193,0.6847136135669474,-1088.3020129411038,True,True
5.3,5,C5 (Coastal Forest),2.479738277011721,1.2366944278361218,0.02994187879922464,3.546470086476252e-52,2.3264396197663446e-13,1.1509582988362653e-15,0.677343450896031,-1192.4857344229256,True,True
5.4,1,C1 (Lake Edge),4.589507847652422,0.8294100472713777,0.060270140826289925,3.932971030902326e-63,0.0005823124384890672,7.668964914640013e-32,0.7139534726216886,-981.2494776981202,True,True
5.4,2,C2 (Dune),4.001958607728842,1.6882559525234613,0.043472476943837254,1.1703368961839097e-65,4.123716535356288e-14,2.4781239138280955e-23,0.734847388354757,-1083.0185117824637,True,True
5.4,3,C3 (Western Residual),3.6294971914858687,1.7630481591463214,0.03833169893090896,1.3920347467734462e-80,4.810626505832599e-23,8.112197208346313e-27,0.807024850663733,-1225.8482394811003,True,True
5.4,4,C4 (Main Forest),2.5699093047423007,2.5044487696176176,0.013295721160579062,6.659536475373742e-44,2.864333218197977e-28,0.002506977515486492,0.6847072817229476,-1088.2972734399918,True,True
5.4,5,C5 (Coastal Forest),2.481754059437783,1.2340476500955468,0.02929481593007094,4.315026762578298e-52,2.8556084071620517e-13,1.240215053997017e-15,0.6771409386454441,-1192.3364028918518,True,True
5.5,1,C1 (Lake Edge),4.589315905110576,0.8246684411055574,0.05911638175826327,5.621306131641064e-63,0.0006481246777683661,1.0474788075259091e-31,0.7131908846262021,-980.6211488144966,True,True
5.5,2,C2 (Dune),4.002445493876238,1.6857800977047392,0.042611642901272624,1.6379098304950901e-65,5.052399640195426e-14,3.125369396450911e-23,0.7343465826859525,-1082.5524317828033,True,True
5.5,3,C3 (Western Residual),3.631243473003887,1.7603461131444527,0.037559658731731865,1.877118137593351e-80,6.473161337484072e-23,9.597491762982296e-27,0.8067615653177923,-1225.5101116750886,True,True
5.5,4,C4 (Main Forest),2.57148731601943,2.503291054223178,0.013012745416092972,8.568399082818416e-44,3.4397427583907747e-28,0.002514167402705125,0.6847001764165509,-1088.2919551014504,True,True
5.5,5,C5 (Coastal Forest),2.483629435100115,1.2315795288234759,0.028673057383212987,5.220875216607165e-52,3.462010433177446e-13,1.3357119074927488e-15,0.6769396907996156,-1192.18809649003,True,True
5.6,1,C1 (Lake Edge),4.589099104974352,0.8201401606956684,0.05800500909100968,7.93649960899395e-63,0.0007173202436720445,1.4151502146062096e-31,0.7124531493498605,-980.0148849946215,True,True
5.6,2,C2 (Dune),4.002879031953271,1.6834404026198484,0.0417831526863844,2.2665524439196386e-65,6.12968272229169e-14,3.910933997055595e-23,0.733861791583311,-1082.1020921018846,True,True
5.6,3,C3 (Western Residual),3.6328903040731664,1.7577876051996526,0.03681706890227146,2.5069929389066402e-80,8.587753647661731e-23,1.130052930968383e-26,0.8065054353852107,-1225.1816151015714,True,True
5.6,4,C4 (Main Forest),2.5729758986932545,2.5022132590273074,0.012740597377523165,1.089824614038265e-43,4.086914861836966e-28,0.0025220501877088377,0.6846924098416599,-1088.2861419389837,True,True
5.6,5,C5 (Coastal Forest),2.4853758288659584,1.2292757361833724,0.028075270107020187,6.282706529994023e-52,4.149614038918702e-13,1.4376341977078612e-15,0.6767400761034303,-1192.041084848525,True,True
5.7,1,C1 (Lake Edge),4.588860288955107,0.8158120162839052,0.056933773033036844,1.107542867641064e-62,0.0007897652654898846,1.8921259164656112e-31,0.7117390985552752,-979.4295643792215,True,True
5.7,2,C2 (Dune),4.003263822165328,1.681227417014238,0.04098526805391735,3.1029331275016092e-65,7.36880053753413e-14,4.857613203643929e-23,0.733392292916579,-1081.6667393480457,True,True
5.7,3,C3 (Western Residual),3.6344448858471736,1.755362621287555,0.036102329597681386,3.3175540429675838e-80,1.1243485166255339e-22,1.3244431692925534e-26,0.8062562303487548,-1224.8624170671615,True,True
5.7,4,C4 (Main Forest),2.574381606511742,2.5012088563571657,0.01247872769101642,1.371308160556583e-43,4.808277648183788e-28,0.002530532000558658,0.6846840803269016,-1088.2799075837706,True,True
5.7,5,C5 (Coastal Forest),2.4870035893046074,1.227123281457568,0.027500202750007068,7.52082847250199e-52,4.921781203095435e-13,1.5461635949637984e-15,0.6765424000548297,-1191.8955904114712,True,True
5.8,1,C1 (Lake Edge),4.5886020073454645,0.8116718387274253,0.05590057754601087,1.5285495094779754e-62,0.0008653174893964491,2.5050323514667677e-31,0.7110476342074519,-978.8641384841194,True,True
5.8,2,C2 (Dune),4.003604033727494,1.6791324806599333,0.040216369872413955,4.204652218936338e-65,8.782880338256875e-14,5.990754204161328e-23,0.7329374047865851,-1081.2456651573482,True,True
5.8,3,C3 (Western Residual),3.635913790796911,1.7530620005191375,0.035413951002351354,4.351715008379005e-80,1.4539722680192778e-22,1.5453660953406328e-26,0.8060137238106563,-1224.5521928277153,True,True
5.8,4,C4 (Main Forest),2.575710418663384,2.500271937524362,0.012226618161111761,1.7081647246729448e-43,5.605720112464011e-28,0.0025395304775183863,0.6846752741077311,-1088.2733166108003,True,True
5.8,5,C5 (Coastal Forest),2.4885221029960167,1.2251103700979313,0.02694668065733832,8.957193333995727e-52,5.781244087371561e-13,1.6614770699492436e-15,0.6763469140085038,-1191.7517952881576,True,True
5.9,1,C1 (Lake Edge),4.588326550875205,0.8077083856259146,0.054903467639344845,2.087458975399241e-62,0.0009438283714937379,3.285515611399757e-31,0.7103777234432436,-978.3176264200478,True,True
5.9,2,C2 (Dune),4.0039034499798065,1.677147646543789,0.039474948355807636,5.642166248448095e-65,1.038483339097978e-13,7.338376291935695e-23,0.7324964830068899,-1080.8382030986968,True,True
5.9,3,C3 (Western Residual),3.6373030264777477,1.7508773501757742,0.034750544369971804,5.66038207870857e-80,1.8586164011904133e-22,1.7953993430762173e-26,0.8057776942627959,-1224.2506264131264,True,True
5.9,4,C4 (Main Forest),2.5769677971492575,2.499397146660028,0.01198378022541373,2.1077165326322936e-43,6.480595958683111e-28,0.00254897320418792,0.6846660668579108,-1088.2664256851733,True,True
5.9,5,C5 (Coastal Forest),2.4899398954966707,1.2232262791152233,0.026413601057475797,1.0615415994586277e-51,6.730097249823005e-13,1.7837460131097845e-15,0.6761538229610582,-1191.6098471091307,True,True
6.0,1,C1 (Lake Edge),4.588035978761523,0.8039112573787215,0.053940617884817334,2.822237200904861e-62,0.0010251449595546607,4.2708891098381155e-31,0.7097283939498527,-977.7891096376428,True,True
6.0,2,C2 (Dune),4.004165508253437,1.675265612520716,0.038759594215071,7.5009242898733485e-65,1.2187254705270262e-13,8.93128027477075e-23,0.7320689187427252,-1080.4437258047706,True,True
6.0,3,C3 (Western Residual),3.6386180919794935,1.7488009703477223,0.03411081388806049,7.303496396213888e-80,2.350274931825342e-22,2.077248642325719e-26,0.8055479256586016,-1223.9574112006055,True,True
6.0,4,C4 (Main Forest),2.578158737872651,2.498579622309884,0.011749753408864198,2.577702992148824e-43,7.433737437748898e-28,0.0025587963964861142,0.6846565250150112,-1088.2592845543973,True,True
6.0,5,C5 (Coastal Forest),2.4912647206334055,1.221461246775841,0.025899928466979864,1.2520782079107179e-51,7.769803575424435e-13,1.9131354850862073e-15,0.6759632922164547,-1191.4698640363092,True,True
6.1,1,C1 (Lake Edge),4.587732143450641,0.800270821991333,0.053010322018803055,3.7792926447134424e-62,0.0011091115656780618,5.504817355953043e-31,0.7090987297162757,-977.2777271443443,True,True
6.1,2,C2 (Dune),4.004393335159862,1.6734796603946314,0.038068990633362235,9.883720193173662e-65,1.420233203635365e-13,1.080314577404435e-22,0.7316541363003581,-1080.0616423135536,True,True
6.1,3,C3 (Western Residual),3.639864027991141,1.746825786970574,0.03349354928459279,9.351140520895767e-80,2.9419441488235414e-22,2.393743783468125e-26,0.8053242078240417,-1223.672250286378,True,True
6.1,4,C4 (Main Forest),2.5792878161734256,2.4978149458163434,0.011524103787203855,3.1262454212672365e-43,8.465477362636055e-28,0.002568943778740579,0.6846467069293322,-1088.2519369086258,True,True
6.1,5,C5 (Coastal Forest),2.4925036395782336,1.2198063748385537,0.02540469032964566,1.470024617439581e-51,8.901211813460197e-13,2.0498035823265536e-15,0.6757754530991731,-1191.3319390536233,True,True
6.2,1,C1 (Lake Edge),4.587416712476571,0.7967781476056819,0.05211098351560248,5.01488477797144e-62,0.0011955712368586146,7.038032100592431e-31,0.7084878671248652,-976.782671145788,True,True
6.2,2,C2 (Dune),4.00458977787996,1.6717836015296275,0.03740190597911779,1.2913262027818325e-64,1.6441764860191237e-13,1.2990615475400975e-22,0.7312515910594519,-1079.6913956057178,True,True
6.2,3,C3 (Western Residual),3.6410454612808816,1.7449452922195474,0.03289761910291545,1.1884704391225165e-79,3.6475882421348605e-22,2.747833929294707e-26,0.8051063367383409,-1223.3948566964398,True,True
6.2,4,C4 (Main Forest),2.5803592274503515,2.497099095641037,0.011306422480939375,3.761808138852509e-43,9.57567753513484e-28,0.0025793656258954268,0.6846366638612473,-1088.2444211275017,True,True
6.2,5,C5 (Coastal Forest),2.4936630909655864,1.2182535417924936,0.024926972897404583,1.718242021382693e-51,1.0124583585530305e-12,2.1939009049647248e-15,0.6755904078563657,-1191.1961436449883,True,True
6.3,1,C1 (Lake Edge),4.587091187804191,0.7934249418619204,0.05124110702919933,6.596679115943076e-62,0.0012843670338347599,8.929076593638729e-31,0.7078949913531785,-976.3031830694634,True,True
6.3,2,C2 (Dune),4.004757431953401,1.6701717282120703,0.036757187181225615,1.673495751094213e-64,1.8916693696589723e-13,1.5533365571870278e-22,0.7308607675407135,-1079.3324603237513,True,True
6.3,3,C3 (Western Residual),3.642166644284182,1.743153491361929,0.03232196457881639,1.49981049554399e-79,4.482093445051845e-22,3.1425823266870335e-26,0.8048941147095365,-1223.1249534694555,True,True
6.3,4,C4 (Main Forest),2.5813768234367354,2.4964284068916545,0.011096324194825272,4.493156688498955e-43,1.0763761941056077e-27,0.002590017942913893,0.6846264408482317,-1088.2367709294874,True,True
6.3,5,C5 (Coastal Forest),2.494748953150301,1.2167953257572557,0.024465917354047916,1.999755224721948e-51,1.1439627801513857e-12,2.3455701161940336e-15,0.6754082338683236,-1191.062530949915,True,True
6.4,1,C1 (Lake Edge),4.586756922972595,0.7902034973130018,0.050399290612812134,8.605451067020046e-62,0.0013753431307913383,1.1245073233178987e-30,0.7073193330590284,-975.8385499330057,True,True
6.4,2,C2 (Dune),4.004898665997271,1.668638770086881,0.03613375369892457,2.1519911586246176e-64,2.1637639877115908e-13,1.847416182173494e-22,0.7304811776010474,-1078.984340659441,True,True
6.4,3,C3 (Western Residual),3.6432314903968757,1.7414448552888149,0.03176559406050775,1.8799052881002667e-79,5.461211811363923e-22,3.5811604740034793e-26,0.8046873504654799,-1222.8622736387292,True,True
6.4,4,C4 (Main Forest),2.582344144630069,2.495799535413304,0.0108934458130165,5.32931395251142e-43,1.2028753232161615e-27,0.0026008617593826686,0.6846160774596921,-1088.2290159372235,True,True
6.4,5,C5 (Coastal Forest),2.495766599561415,1.2154249358779865,0.024020716178242973,2.3177495917834318e-51,1.2845540564630573e-12,2.5049455839788703e-15,0.6752289872682169,-1190.931138473175,True,True
6.5,1,C1 (Lake Edge),4.586415138311052,0.787106642211832,0.04958421863609279,1.1136939331302792e-61,0.0014683457497918862,1.4062509505973626e-30,0.7067601653241415,-975.3881010235314,True,True
6.5,2,C2 (Dune),4.0050156437292035,1.667179855077789,0.035530592026570405,2.7468129703204124e-64,2.4614455620834477e-13,2.1858900820960385e-22,0.7301123587485115,-1078.646568397105,True,True
6.5,3,C3 (Western Residual),3.6442436054912095,1.7398142780498314,0.031227577918459492,2.3410359025722526e-79,6.6014958883659175e-22,4.06684180237983e-26,0.8044858591771935,-1222.606560135177,True,True
6.5,4,C4 (Main Forest),2.583264449314723,2.495209425886463,0.010697445056402142,6.279514880826187e-43,1.336931119544758e-27,0.002611862521182955,0.6846056084550538,-1088.2211821704634,True,True
6.5,5,C5 (Coastal Forest),2.496720947983794,1.2141361511983888,0.02359060973910883,2.6755671058382813e-51,1.4341048835405753e-12,2.672153097159842e-15,0.6750527060566349,-1190.8019904133005,True,True
6.6,1,C1 (Lake Edge),4.5860669344646645,0.7841276960751753,0.0487946553290244,1.4303847978428255e-61,0.0015632239444112652,1.7468036816819965e-30,0.7062168008340972,-974.951204858029,True,True
6.6,2,C2 (Dune),4.005110343616731,1.6657904742776586,0.03494675068001254,3.4811917780667244e-64,2.785628409096091e-13,2.5736636263379857e-22,0.7297538725695646,-1078.3187011007599,True,True
6.6,3,C3 (Western Residual),3.645206316106033,1.7382570388028273,0.030707043897562396,2.8971272735509495e-79,7.920225636902125e-22,4.60299493006037e-26,0.804289462428466,-1222.357565629126,True,True
6.6,4,C4 (Main Forest),2.584140739564559,2.4946552834473184,0.010507999205834515,7.353160514345117e-43,1.4783772099732072e-27,0.002622989564312447,0.6845950643583008,-1088.213292476462,True,True
6.6,5,C5 (Coastal Forest),2.497616504492304,1.2129232661242497,0.023174883115437115,3.0767015896690513e-51,1.5924456337088738e-12,2.8473096489228035e-15,0.6748794127835056,-1190.6750996648816,True,True
6.7,1,C1 (Lake Edge),4.585713304433568,0.7812604295019001,0.0480294388895578,1.8237994703714304e-61,0.001659830247102558,2.1559276587342956e-30,0.7056885892742779,-974.5272663979856,True,True
6.7,2,C2 (Dune),4.005184576435844,1.6644664503585704,0.0343813356171365,4.381946735845785e-64,3.137152895667302e-13,3.015959012620567e-22,0.7294053032613526,-1078.0003204342063,True,True
6.7,3,C3 (Western Residual),3.6461226947000114,1.7367687676665575,0.03020317286901393,3.5638843537544636e-79,9.435328993856504e-22,5.193076549763764e-26,0.8040979881430691,-1222.1150523254448,True,True
6.7,4,C4 (Main Forest),2.584975784567299,2.4941345484072315,0.010324803892923824,8.559771926396758e-43,1.6270187995708757e-27,0.0026342156584309054,0.684584471960267,-1088.2053669062557,True,True
6.7,5,C5 (Coastal Forest),2.498457402671782,1.2117810417022739,0.022772863128257253,3.5247931424257506e-51,1.7593690406159333e-12,3.0305232813077026e-15,0.6747091168590625,-1190.5504695413647,True,True
6.8,1,C1 (Lake Edge),4.585355144303885,0.7784990277860722,0.047287476099096115,2.30926011295136e-61,0.0017580211945085595,2.6445627867970353e-30,0.7051749149234243,-974.1157244942491,True,True
6.8,2,C2 (Dune),4.005240000982898,1.6632039091085125,0.033833506050272716,5.479861209913882e-64,3.516783287263106e-13,3.518314887257282e-22,0.7290662562620958,-1077.6910306037955,True,True
6.8,3,C3 (Western Residual),3.6469955823103604,1.7353454150291365,0.02971519494375832,4.358929741210742e-79,1.11652974764153e-21,5.84062400810993e-26,0.8039112704789384,-1221.8787917237592,True,True
6.8,4,C4 (Main Forest),2.585772141569742,2.4936448737029115,0.010147571958525187,9.908944644934469e-43,1.782636522143185e-27,0.002645516609802758,0.6845738547583473,-1088.197423044081,True,True
6.8,5,C5 (Coastal Forest),2.4992474386741628,1.2107046620371242,0.02238391557562144,4.0236218536843073e-51,1.9346348708870445e-12,3.221892985057696e-15,0.6745418165463419,-1190.4280952581005,True,True
6.9,1,C1 (Lake Edge),4.584993262825563,0.7758380579209181,0.04656773739607119,2.9044719413826685e-61,0.0018576577443247685,3.224907065386436e-30,0.7046751944280785,-973.7160495406237,True,True
6.9,2,C2 (Dune),4.005278138153843,1.6619992537490385,0.0333024706127024,6.810073962812747e-64,3.925206421035774e-13,4.0865844905964274e-22,0.7287363569729841,-1077.3904569143783,True,True
6.9,3,C3 (Western Residual),3.647827608912218,1.7339832239217001,0.02924238591321588,5.301941857481151e-79,1.312909819691618e-21,6.54924763583021e-26,0.803729149696971,-1221.648564353285,True,True
6.9,4,C4 (Main Forest),2.58653217471066,2.4931841047555436,0.00997603237792141,1.1410304050854593e-42,1.9449901526220455e-27,0.0026568709150400203,0.6845632333419267,-1088.1894762961324,True,True
6.9,5,C5 (Coastal Forest),2.4999901025969846,1.2096896952536362,0.02200744265811518,4.5771008590491614e-51,2.1179744950291117e-12,3.42150864952119e-15,0.6743775006799382,-1190.3079652094934,True,True
7.0,1,C1 (Lake Edge),4.5846283899708995,0.7732724386368159,0.04586925236331063,3.6297787879740626e-61,0.0019586055965412777,3.9104959118067306e-30,0.7041888747427236,-973.3277413169101,True,True
7.0,2,C2 (Dune),4.0053003835777155,1.6608491417302198,0.03278748384550689,8.41248407285824e-64,4.363031132581269e-13,4.726932363933106e-22,0.7284152495653391,-1077.0982444296617,True,True
7.0,3,C3 (Western Residual),3.6486212117416414,1.7326787051150552,0.028784063986581294,6.414792754995686e-79,1.5346083598559606e-21,7.322622885038173e-26,0.8035514720106995,-1221.4241594899781,True,True
7.0,4,C4 (Main Forest),2.5872580719712004,2.4927502614577364,0.00980992925093728,1.3073462183630536e-42,2.113822136953504e-27,0.002668259458352212,0.6845526257306599,-1088.181540144003,True,True
7.0,5,C5 (Coastal Forest),2.500688606604873,1.2087320584852839,0.021642880583521484,5.189268805030085e-51,2.309095289068261e-12,3.6294510577977785e-15,0.6742161501491857,-1190.190062069147,True,True
7.1,1,C1 (Lake Edge),4.584261184592647,0.7707974131584227,0.04519110558964859,4.50843069037313e-61,0.002060735430991291,4.716279907149712e-30,0.703715431221814,-972.9503270040784,True,True
7.1,2,C2 (Dune),4.005308018967562,1.6597504637369387,0.032287842974541826,1.0332167616633458e-63,4.830788362182842e-13,5.445829666101389e-22,0.7281025958671714,-1076.8140567288604,True,True
7.1,3,C3 (Western Residual),3.649378651806644,1.7314286146391418,0.028339586797071943,7.721684630977792e-79,1.783590014156719e-21,8.164482328570032e-26,0.803378089421958,-1221.2053748621981,True,True
7.1,4,C4 (Main Forest),2.587951860451776,2.4923415220422864,0.009649020854644166,1.490797631582761e-42,2.2888609076617956e-27,0.0026796652462499444,0.6845420476717335,-1088.1736263673981,True,True
7.1,5,C5 (Coastal Forest),2.5013459101652877,1.2078279864331323,0.02128969733923933,5.864281792081481e-51,2.507684815208397e-12,3.845791922568395e-15,0.6740577391783991,-1190.0743637376781,True,True
7.2,1,C1 (Lake Edge),4.583892241284197,0.768408524402475,0.044532432870463906,5.566862492874502e-61,0.002163923072180419,5.658700412361981e-30,0.7032543658511377,-972.5833593559998,True,True
7.2,2,C2 (Dune),4.005302222332163,1.6587003246696117,0.03180288495049573,1.2619803992456267e-63,5.328931865868673e-13,6.250048157486346e-22,0.7277980743236208,-1076.5375747521703,True,True
7.2,3,C3 (Western Residual),3.650102028787624,1.7302299334614775,0.02790834865232933,9.249284133292567e-79,2.06183970723046e-21,9.078607573092964e-26,0.8032088595467064,-1220.9920163498612,True,True
7.2,4,C4 (Main Forest),2.588615420155497,2.4919562086174585,0.009493078755969444,1.6923309596043997e-42,2.469823963949697e-27,0.0026910731745343054,0.6845315129013958,-1088.1657452400761,True,True
7.2,5,C5 (Coastal Forest),2.5019647427227656,1.2069740030958904,0.02094739062136611,6.606404865972542e-51,2.713414744480702e-12,4.070593958474655e-15,0.6739022364320875,-1189.9608441593105,True,True
7.3,1,C1 (Lake Edge),4.58352209653172,0.7661015923688961,0.043892417715528556,6.83498232118762e-61,0.002268049591401443,6.755762524284866e-30,0.7028052056070864,-972.2264150137406,True,True
7.3,2,C2 (Dune),4.005284077174197,1.6576960263932106,0.0313319837277365,1.5332109639734743e-63,5.85783945767878e-13,7.146652918791506e-22,0.7275013790261187,-1076.2684957281772,True,True
7.3,3,C3 (Western Residual),3.6507932945034547,1.7290798490924768,0.02748977800665451,1.1026853562697812e-78,2.3713536299469294e-21,1.0068821135600596e-25,0.8030436454344013,-1220.7838976810467,True,True
7.3,4,C4 (Main Forest),2.589250496438699,2.4915927741799884,0.009341886981306646,1.9128793998369543e-42,2.6564207041437246e-27,0.0027024698231964107,0.6845210333753178,-1088.1579057024408,True,True
7.3,5,C5 (Coastal Forest),2.502547624097717,1.2061668963192869,0.020615485909790753,7.420003126935423e-51,2.9259444968929647e-12,4.3039109870980876e-15,0.673749605969074,-1189.84947402532,True,True
7.4,1,C1 (Lake Edge),4.583151234238123,0.7638726935062686,0.04327028813585633,8.346468678971629e-61,0.0023730013551749277,8.02710486908463e-30,0.7023675009334299,-971.8790929497961,True,True
7.4,2,C2 (Dune),4.0052545807863495,1.6567350520696227,0.03087454776017579,1.8532276812139566e-63,6.417814711875485e-13,8.142993878233284e-22,0.7272122188054547,-1076.0065321768586,True,True
7.4,3,C3 (Western Residual),3.65145426509514,1.7279757389130976,0.02708333513499257,1.308637810686571e-78,2.714130428650214e-21,1.1138978329326682e-25,0.8028823153836507,-1220.5808401291997,True,True
7.4,4,C4 (Main Forest),2.589858711271255,2.4912497909400573,0.009195241240097596,2.153359575875591e-42,2.8483550056112182e-27,0.0027138432755413047,0.6845106194717268,-1088.1501155137291,True,True
7.4,5,C5 (Coastal Forest),2.5030968828606044,1.2054036948556115,0.020293534679138022,8.309532525434539e-51,3.144924585081953e-12,4.545788070882604e-15,0.6735998080660544,-1189.740221379842,True,True
7.5,1,C1 (Lake Edge),4.582780090688172,0.7617181418565854,0.04266531368414673,1.0139074816537892e-60,0.002478670028135199,9.494065763413562e-30,0.7019408243261203,-971.541013030887,True,True
7.5,2,C2 (Dune),4.005214651741514,1.6558150519116075,0.03043001769454225,2.2290414995047506e-63,7.009089057128452e-13,9.246696227768968e-22,0.726930316384258,-1075.7514109823537,True,True
7.5,3,C3 (Western Residual),3.6520866320660583,1.726915155043772,0.026688509990581828,1.5462688276354145e-78,3.0921626751362455e-21,1.2292959201757618e-25,0.8027247427563599,-1220.382672213399,True,True
7.5,4,C4 (Main Forest),2.590441573430594,2.490925939812321,0.009052948199345162,2.414668342931019e-42,3.0453275531595282e-27,0.002725182958335007,0.6845002801707234,-1088.1423813863546,True,True
7.5,5,C5 (Coastal Forest),2.503614672902273,1.2046816476607711,0.019981112735944582,9.279530411805436e-51,3.3699996560957663e-12,4.7962616726531854e-15,0.6734527999282389,-1189.633052141341,True,True
7.6,1,C1 (Lake Edge),4.582409059015293,0.7596344718059634,0.04207680272599764,1.2254938939847419e-60,0.002584952537599701,1.1179745309678223e-29,0.701524769017484,-971.2118146890524,True,True
7.6,2,C2 (Dune),4.005165136664435,1.6549338302134342,0.029997864243445155,2.66839925140996e-63,7.63182419871485e-13,1.0465649812706537e-21,0.7266554075847093,-1075.5028725301338,True,True
7.6,3,C3 (Western Residual),3.652691972296928,1.7258958105953146,0.026304820229939685,1.8193576760686262e-78,3.5074286847383865e-21,1.3534660564847947e-25,0.802570805792135,-1220.1892294036056,True,True
7.6,4,C4 (Main Forest),2.5910004877432327,2.490620000945696,0.008914824806018056,2.6976798629979434e-42,3.247037921507579e-27,0.002736479500308383,0.6844900232127403,-1088.134709104622,True,True
7.6,5,C5 (Coastal Forest),2.504102988396174,1.2039982051883873,0.01967781867300647,1.0334605904086453e-50,3.600811232833034e-12,5.055359837489e-15,0.6733085363022566,-1189.5279305511892,True,True
7.7,1,C1 (Lake Edge),4.582038493225483,0.757618422286341,0.041504099921367825,1.4740898759939634e-60,0.002691751006238234,1.3109063031116776e-29,0.7011189477519277,-970.8911556917534,True,True
7.7,2,C2 (Dune),4.005106816359422,1.6540893335304836,0.029577586222336513,3.179827586870203e-63,8.286114809221151e-13,1.1807997583114325e-21,0.7263872405876004,-1075.2606699036512,True,True
7.7,3,C3 (Western Residual),3.653271757142928,1.724915567159946,0.02593180939047557,2.1319908972647704e-78,3.9618847384608656e-21,1.486798815315269e-25,0.8024203874243477,-1220.0003538323592,True,True
7.7,4,C4 (Main Forest),2.5915367634702076,2.490330845177475,0.00878069765440259,3.003242954047527e-42,3.453186420912491e-27,0.0027477246066531192,0.6844798552387076,-1088.1271036297328,True,True
7.7,5,C5 (Coastal Forest),2.504563677323412,1.2033510024685492,0.01938327243239982,1.147943013685805e-50,3.8370001620702906e-12,5.323102394015483e-15,0.6731669700043941,-1189.424819559196,True,True
7.8,1,C1 (Lake Edge),4.5816687118243795,0.755666922290218,0.040946583897801925,1.7648808833868274e-60,0.0027989726585008865,1.530881069451298e-29,0.7007229916459625,-970.5787110025929,True,True
7.8,2,C2 (Dune),4.0050404113625,1.6532796398938283,0.029168708736053126,3.772676433223678e-63,8.971991432990342e-13,1.3282123197377761e-21,0.726125575239131,-1075.0245681359334,True,True
7.8,3,C3 (Western Residual),3.6538273607070613,1.7239724234168834,0.025569045207429253,2.4885726606623998e-78,4.4574577541605514e-21,1.6296848942541034e-25,0.802273375098961,-1219.8158940140195,True,True
7.8,4,C4 (Main Forest),2.5920516219255663,2.4900574263139914,0.00865040239553442,3.3321787134406116e-42,3.663475717567583e-27,0.002758910947534526,0.6844697819141572,-1088.119569192756,True,True
7.8,5,C5 (Coastal Forest),2.504998453713835,1.202737843783158,0.01909711396922871,1.271872644919661e-50,4.078208780123022e-12,5.599501172412611e-15,0.6730280523754488,-1189.3236811545703,True,True
7.9,1,C1 (Lake Edge),4.581300001090713,0.7537770775748514,0.04040366509875085,2.1035859112012435e-60,0.002906529705763154,1.780770001152533e-29,0.7003365491259778,-970.2741717250514,True,True
7.9,2,C2 (Dune),4.004966586977427,1.6525029489580871,0.02877078150199527,4.457161739522881e-63,9.689423554408375e-13,1.4896637869339394e-21,0.7258701824020892,-1074.7943435119603,True,True
7.9,3,C3 (Western Residual),3.6543600673723886,1.7230645047411917,0.025216118058113596,2.893834360010135e-78,4.9960384415303246e-21,1.7825143658854373e-25,0.8021296605969737,-1219.6357045723562,True,True
7.9,4,C4 (Main Forest),2.592546203404109,2.48979877414829,0.008523783185964435,3.685278413048438e-42,3.8776122421355474e-27,0.0027700320589152303,0.6844598080392068,-1088.1121093770173,True,True
7.9,5,C5 (Coastal Forest),2.5054089087365585,1.2021566887718569,0.01881900200869637,1.405726056822386e-50,4.324082810149378e-12,5.8845602365666315e-15,0.6728917336719262,-1189.2244766496303,True,True
8.0,1,C1 (Lake Edge),4.580932618032689,0.7519461584453151,0.03987478379193529,2.4964893089371915e-60,0.003014339214519578,2.0636404954746152e-29,0.6999592849377632,-969.9772441223403,True,True
8.0,2,C2 (Dune),4.004885957846638,1.6517575729924125,0.028383377298257486,5.244407268962576e-63,1.043832278501095e-12,1.6660366551089019e-21,0.7256208433483124,-1074.5697829180003,True,True
8.0,3,C3 (Western Residual),3.6548710786689282,1.722190053716667,0.024872639522583024,3.3528433948694363e-78,5.579474966135638e-21,1.9456759502659075e-25,0.8019891398611355,-1219.4596459770414,True,True
8.0,4,C4 (Main Forest),2.593021573490439,2.4895539881380593,0.008400692173260083,4.0633016601104904e-42,4.09530740089209e-27,0.0027810822541502423,0.6844499376461146,-1088.1047271911762,True,True
8.0,5,C5 (Coastal Forest),2.5057965207603146,1.2016056398204626,0.018548612889612265,1.5499830839091455e-50,4.5742730071923505e-12,6.178276128020423e-15,0.672757963401998,-1189.12716692258,True,True
