,nw1,nw2,nw3,nw4,nw 4b,nw5,nw6,nw7,nw9,nw10,nw11,nw13,ceh 1,ceh2,ceh4,ceh5,ceh6,ceh9,ceh10,ceh11,ceh13,ceh14,ceh16,ceh17,ceh18,ceh19,ceh20,ceh21,ceh23,ceh24,ceh25,ceh26,ceh27,ceh28,ceh30,ceh31,Ceh32,ceh33,ceh34,ceh36,ceh39,ceh40,ceh41,ceh42,WMC1,WMC2,wmc3,wmc4,L7,D5,D6,D7,D8,D9,D10,D15,D17,D25,D38,D41,T41a,T41b,T41c,T41d,D43,D44
2005-03-01,-1.31,-0.47,-0.17,-0.01,,-0.23,-0.22,-0.98,,,,,,,,,,,,,,,,,,,,,,,,,,,,,,,,,,,,,,,,,,,,,,,,,,,,,,,,,,
2005-04-01,-1.36,-0.56,-0.25,0.005245901639344262,,-0.3,-0.2,-0.97,,,,,,,,,,,,,,,,,,,,,,,,,,,,,,,,,,,,,,,,,,,,,,,,,,,,,,,,,,
2005-05-01,-1.365,-0.46499999999999997,-0.12,0.02,,-0.12,-0.17,-0.86,,,,,,,,,,,,,,,,,,,,,,,,,,,,,,,,,,,,,,,,,,,,,,,,,,,,,,,,,,
2005-07-01,-1.8333333333333333,-0.61,-0.7849999999999999,-0.46,,-0.49,-0.6133333333333334,-1.3566666666666667,,,,,,,,,,,,,,,,,,,,,,,,,,,,,,,,,,,,,,,,,,,,,,,,,,,,,,,,,,
2005-08-01,-1.87,-1.04,-0.5204891304347825,-0.33902439024390246,,-0.755,-0.6916666666666667,-1.1833333333333333,,,,,,,,,,,,,,,,,,,,,,,,,,,,,,,,,,,,,,,,,,,,,,,,,,,,,,,,,,
2005-09-01,-1.83,-1.0150000000000001,,,,-1.02,-0.77,-1.01,,,,,,,,,,,,,,,,,,,,,,,,,,,,,,,,,,,,,,,,,,,,,,,,,,,,,,,,,,
2005-10-01,-0.89,-0.0600000000000001,0.0,,,-0.5331147540983607,-0.01,-0.68,,,,,,,,,,,,,,,,,,,,,,,,,,,,,,,,,,,,,,,,,,,,,,,,,,,,,,,,,,
2005-11-01,-0.9466666666666667,-0.14000000000000004,0.0175,0.02,,-0.03,-0.01,-0.68,,,,,,,,,,,,,,,,,,,,,,,,,,,,,,,,,,,,,,,,,,,,,,,,,,,,,,,,,,
2005-12-01,-0.91,-0.1,0.01,0.02,,0.025,0.03,-0.7075,,,,,,,,,,,,,,,,,,,,,,,,,,,,,,,,,,,,,,,,,,,,,,,,,,,,,,,,,,
2006-01-01,-0.9700000000000001,-0.16333333333333333,-0.011666666666666667,0.018333333333333333,,0.025,0.015,-0.645,,,,,,,,,,,,,,,,,,,,,,,,,,,,,,,,,,,,,,,,,,,,,,,,,,,,,,,,,,
2006-02-01,-0.9500000000000001,-0.13666666666666671,-0.016666666666666666,0.0225,0.005,0.034632768361581925,0.013333333333333334,-0.6666666666666666,-0.159,,,,,,,,,,,,,,,,,,,,,,,,,,,,,,,,,,,,,,,,,,,,,,,,,,,,,,,,,
2006-03-01,-0.9199999999999999,-0.09600000000000004,0.0,0.02,0.013333333333333334,0.043333333333333335,0.04875,-0.585,-0.0565,,,,,,,,,,,,,,,,,,,,,,,,,,,,,,,,,,,,,,,,,,,,,,,,,,,,,,,,,
2006-04-01,-1.1,-0.266,-0.076,-0.036,-0.059,-0.0675,-0.006,-0.71,-0.10500000000000001,,,,-0.08,-0.79,,,-0.07500000000000001,,,,,,,,,,,,,,,,,,,,,,,,,,,,,,,,,,,,,,,,,,,,,,,,,
2006-05-01,-1.0175,-0.215,-0.10666666666666667,-0.09000000000000001,-0.12333333333333334,-0.08,-0.03,-0.645,0.013499999999999998,,,,0.10750000000000001,-0.5125,-0.065,0.010000000000000009,0.2133333333333333,-0.18666666666666668,-0.565,-0.34500000000000003,-0.45499999999999996,-0.34,,,,,,,,,,,,,,,,,,,,,,,,,,,,,,,,,,,,,,,,,,,,
2006-06-01,-1.51,-0.625,-0.42500000000000004,-0.25,-0.325,-0.29000000000000004,-0.22999999999999998,-0.9,-0.269,,,,-0.35,-0.8500000000000001,-0.225,-0.46499999999999997,-0.54,-0.36,-1.245,-0.635,-0.6100000000000001,-0.505,,,,,,,,,,,,,,,,,,,,,,,,,,,,,,,,,,,,,,,,,,,,
2006-07-01,-1.725,-0.895,-0.74,-0.56,-0.615,-0.42,-0.43,-1.15,-0.399,,,,-0.71,-1.135,-0.405,-0.7849999999999999,-0.77,-0.5549999999999999,-1.56,-0.875,-0.7949999999999999,-0.8,,,,,,,,,,,,,,,,,,,,,,,,,,,,,,,,,,,,,,,,,,,,
2006-08-01,-1.5750000000000002,-0.735,-0.5800000000000001,-0.28,-0.3,-0.45,-0.28500000000000003,-0.99,-0.349,,,,-0.51,-1.125,-0.235,-0.6599999999999999,-0.47000000000000003,-0.53,-1.455,-0.635,-0.875,-0.8300000000000001,,,,,,,,,,,,,,,,,,,,,,,,,,,,,,,,,,,,,,,,,,,,
2006-09-01,-1.75,-0.92,-0.8,-0.52,-0.55,-0.73,-0.49,-1.24,-0.459,,,,-0.76,-1.28,-0.46,-0.77,-0.58,-0.78,-1.57,-0.77,-0.97,-1.07,,,,,,,,,,,,,,,,,,,,,,,,,,,,,,,,,,,,,,,,,,,,
2006-10-01,-1.46,-0.64,-0.55,-0.31,-0.33,-0.52,-0.36,-1.09,-0.319,,,,-0.55,-1.18,-0.26,-0.42,-0.17,-0.61,-1.33,-0.52,-0.99,-1.1,,,,,,,,,,,,,,,,,,,,,,,,,,,,,,,,,,,,,,,,,,,,
2006-11-01,-1.15,-0.35,-0.27,0.02,-0.01,-0.3,-0.11,-0.91,-0.069,,,,-0.28,-0.98,0.01,-0.08,0.09,-0.38,-1.12,-0.19,-0.85,-1.03,,,,,,,,,,,,,,,,,,,,,,,,,,,,,,,,,,,,,,,,,,,,
2006-12-01,-0.97,-0.15,0.01,0.03,0.01,0.06,0.06,-0.59,0.281,,,,0.2,-0.55,0.01,0.14,0.07,-0.11,-0.36,-0.1,-0.49,-0.69,,,,,,,,,,,,,,,,,,,,,,,,,,,,,,,,,,,,,,,,,,,,
2007-01-01,-0.83,-0.03,0.03,0.03,0.02,0.3,0.27,-0.35,0.571,,,,0.4,-0.34,0.04,0.07,0.28,-0.1,-0.21,-0.02,-0.31,-0.4,,,,,,,,,,,,,,,,,,,,,,,,,,,,,,,,,,,,,,,,,,,,
2007-02-01,-0.88,-0.05,0.01,0.03,0.03,0.13,0.22,-0.35,0.381,,,,0.36,-0.39,0.02,-0.01,0.21,-0.1,-0.46,-0.05,-0.4,-0.33,,,,,,,,,,,,,,,,,,,,,,,,,,,,,,,,,,,,,,,,,,,,
2007-03-01,-1.15,-0.33,-0.14,-0.1,-0.13,-0.01,0.06,-0.62,0.051,,,,0.15,-0.52,-0.04,-0.12,-0.23,-0.14,-0.84,-0.27,-0.46,-0.39,,,,,,,,,,,,,,,,,,,,,,,,,,,,,,,,,,,,,,,,,,,,
2007-04-01,-1.36,-0.57,-0.4,-0.32,-0.32,-0.19,-0.13,-0.79,-0.149,,,,-0.32,-0.74,-0.16,-0.39,-0.42,-0.18,-1.16,-0.51,-0.6,-0.59,,,,,,,,,,,,,,,,,,,,,,,,,,,,,,,,,,,,,,,,,,,,
2007-05-01,-1.6,-0.69,-0.55,-0.22,-0.27,-0.36,-0.26,-0.94,-0.049,-0.88,-0.75,,-0.5,-0.95,-0.29,-0.57,-0.55,-0.41,-1.39,-0.63,-0.67,-0.75,,,,,,,,,,,,,,,,,,,,,,,,,,,,,,,,,,,,,,,,,,,,
2007-06-01,-1.47,-0.61,-0.46,-0.05,-0.06,-0.34,-0.09,-0.99,-0.299,-0.95,-0.73,,-0.4,-1.08,-0.24,-0.5,-0.33,-0.44,-1.43,-0.48,-0.82,-0.9,,,,,,,,,,,,,,,,,,,,,,,,,,,,,,,,,,,,,,,,,,,,
2007-07-01,-1.51,-0.7,-0.58,-0.43,-0.55,-0.57,-0.44,-1.08,-0.349,-0.98,-0.78,,-0.6,-1.07,-0.38,-0.52,-0.46,-0.61,-1.4,-0.66,-0.85,-0.99,-0.51,-1.53,,,,,,,,,,,,,,,,,,,,,,,,,,,,,,,,,,,,,,,,,,
2007-08-01,-1.66,-0.85,-0.69,-0.52,-0.56,-0.68,-0.53,-1.16,-0.429,-1.11,-0.91,,-0.7,-1.19,-0.46,-0.63,-0.55,-0.69,-1.54,-0.78,-0.96,-1.15,-0.58,-1.62,-0.62,,,,,,,,,,,,,,,,,,,,,,,,,,,,,,,,,,,,,,,,,
2007-09-01,-1.53,-0.7,-0.59,-0.39,-0.41,-0.62,-0.41,-1.14,-0.349,-1.03,-0.79,,-0.74,-1.16,-0.39,-0.46,-0.34,-0.61,-1.41,-0.64,-0.96,-1.21,-0.5,-1.57,-0.56,,,,,,,,,,,,,,,,,,,,,,,,,,,,,,,,,,,,,,,,,
2007-10-01,-1.69,-0.87,-0.73,-0.51,-0.53,-0.77,-0.58,-1.28,-0.469,-1.22,-0.95,,-0.78,-1.31,-0.49,-0.61,-0.4,-0.77,-1.56,-0.74,-1.12,-1.39,-0.62,-1.67,-0.69,,,,,,,,,,,,,,,,,,,,,,,,,,,,,,,,,,,,,,,,,
2007-11-01,-1.5,-0.66,-0.49,0.0,-0.04,-0.63,-0.36,-1.17,-0.379,-1.13,-0.76,,-0.5,-1.25,-0.32,-0.13,-0.26,-0.61,-1.45,-0.49,-1.38,-1.21,-0.47,-1.66,-0.57,,,,,,,,,,,,,,,,,,,,,,,,,,,,,,,,,,,,,,,,,
2007-12-01,-1.27,-0.45,-0.35,-0.04,-0.09,-0.51,-0.28,-1.01,-0.249,-0.98,-0.55,,-0.4,-1.07,-0.2,-0.09,-0.07,-0.51,-1.3,-0.38,-0.98,-1.28,-0.39,-1.49,-0.45,,,,,,,,,,,,,,,,,,,,,,,,,,,,,,,,,,,,,,,,,
2008-01-01,-0.97,-0.15,-0.01,0.02,0.01,-0.13,0.01,-0.68,-0.194,-0.58,-0.24,,0.24,-0.67,-0.05,-0.03,0.06,-0.18,-0.84,-0.14,-0.64,-0.83,-0.12,-1.2,-0.12,,,,,,,,,,,,,,,,,,,,,,,,,,,,,,,,,,,,,,,,,
2008-02-01,-1.1,-0.27,-0.07,0.01,0.01,-0.23,-0.03,-0.78,-0.139,-0.71,-0.37,,-0.13,-0.79,-0.13,-0.01,-0.01,-0.24,-1.05,-0.18,-0.71,-0.77,-0.25,-1.37,-0.24,,,,,,,,,,,,,,,,,,,,,,,,,,,,,,,,,,,,,,,,,
2008-03-01,-1.08,-0.26,-0.11,0.02,0.0,-0.22,-0.12,-0.79,-0.209,-0.64,-0.34,,-0.07,-0.79,-0.15,-0.05,-0.08,-0.26,-1.06,-0.22,-0.72,-0.64,-0.31,-1.42,-0.29,-0.52,,,,,,,,,,,,,,,,,,,,,,,,,,,,,,,,,,,,,,,,
2008-04-01,-1.13,-0.31,-0.19,0.0,-0.04,-0.35,-0.26,-0.77,-0.289,-0.66,-0.39,,-0.21,-0.85,-0.22,-0.24,-0.12,-0.36,-1.2,-0.4,-0.78,-0.64,-0.41,-1.52,-0.38,-0.61,,,,,,,,,,,,,,,,,,,,,,,,,,,,,,,,,,,,,,,,
2008-05-01,-1.54,-0.71,-0.53,-0.41,-0.45,-0.57,-0.47,-1.07,-0.429,-0.96,-0.76,,-0.59,-1.06,-0.45,-0.63,-0.41,-0.57,-1.43,-0.56,-0.86,-0.84,-0.56,-1.62,-0.55,-0.71,,,,,,,,,,,,,,,,,,,,,,,,,,,,,,,,,,,,,,,,
2008-06-01,-1.41,-0.59,-0.49,-0.33,-0.37,-0.54,-0.43,-1.04,-0.419,-0.89,-0.67,,-0.47,-1.08,-0.38,-0.46,-0.35,-0.59,-1.37,-0.61,-0.9,-0.85,-0.55,-1.65,-0.56,-0.75,,,,,,,,,,,,,,,,,,,,,,,,,,,,,,,,,,,,,,,,
2008-07-01,-1.73,-0.91,-0.65,-0.37,-0.4,-0.73,-0.44,-1.29,-0.519,-1.17,-0.97,,-0.72,-1.29,-0.5,-0.68,-0.6,-0.65,-1.57,-0.74,-1.06,-1.08,-0.62,-1.77,-0.64,-0.85,,,,,,,,,,,,,,,,,,,,,,,,,,,,,,,,,,,,,,,,
2008-08-01,-1.65,-0.83,-0.62,-0.43,-0.49,-0.75,-0.58,-1.3,-0.569,-1.16,-0.89,,-0.74,-1.32,-0.56,-0.55,-0.45,-0.77,-1.51,-0.69,-1.12,-1.18,-0.72,-1.78,-0.74,-0.85,,,,,,,,,,,,,,,,,,,,,,,,,,,,,,,,,,,,,,,,
2008-09-01,-1.71,-0.89,-0.63,-0.27,-0.33,-0.76,-0.53,-1.37,-0.579,-1.23,-0.98,,-0.76,-1.38,-0.54,-0.54,-0.42,-0.76,-1.57,-0.64,-1.18,-1.3,-0.71,-1.85,-0.72,-0.85,,,,,,,,,,,,,,,,,,,,,,,,,,,,,,,,,,,,,,,,
2008-10-01,-0.9,-0.0800000000000001,-0.02,0.02,0.02,-0.04,0.0,-0.78,-0.019,-0.6,-0.2,,-0.3173770491803279,-0.86,-0.07,0.15,0.29,-0.25,-0.88,-0.11,-0.82,-0.88,-0.26,-1.6139344262295083,-0.4495081967213115,-0.5549180327868852,,,,,,,,,,,,,,,,,,,,,,,,,,,,,,,,,,,,,,,,
2008-11-01,-0.94,-0.13,0.0,0.02,0.01,-0.01,0.02,-0.71,-0.149,-0.55,-0.21,,0.14,-0.77,-0.07,0.15,0.16,-0.14,-0.39,-0.13,-0.68,-0.71,-0.25,-1.37,-0.17,-0.25,-0.61,,,,,,,,,,,,,,,,,,,,,,,,,,,,,,,,,,,,,,,
2008-12-01,-1.0,-0.16,0.01,0.03,0.03,0.01950819672131148,0.03,-0.62,-0.109,-0.46,-0.22,,0.24,-0.49,-0.07,0.1,-0.03,-0.11,-0.44,-0.06,-0.49,-0.39,-0.16,-1.29,-0.07,-0.32,-0.49,,,,,,,,,,,,,,,,,,-0.05,,,,,,,,,,,,,,,,,,,,,
2009-01-01,-0.76,-0.01,0.02,0.03,0.02,0.05,0.04,-0.53,0.021,-0.25,-0.05,,0.29,-0.37,-0.03,0.2,0.17,-0.11,-0.25,-0.08,-0.41,-0.16,-0.11,-1.24,-0.04,-0.23,-0.35,,,,,,,,,,,,,,,,,,-0.03,,,,,,,,,,,,,,,,,,,,,
2009-02-01,-1.11,-0.27,-0.07,0.02,-0.01,-0.08,0.0,-0.7,-0.229,-0.49,-0.35,,0.13,-0.58,-0.1,-0.11,-0.18,-0.13,-0.86,-0.22,-0.46,-0.26,-0.3,-1.45,-0.23,-0.45,-0.56,,,,,,,,,,,,,,,,,,-0.11,-0.14,,,,,,,,,,,,,,,,,,,,
2009-03-01,-1.26,-0.43,-0.25,-0.15,-0.19,-0.25,-0.23,-0.84,-0.339,-0.62,-0.49,,-0.22,-0.74,-0.33,-0.28,-0.32,-0.26,-1.13,-0.39,-0.6,-0.4,-0.43,-1.56,-0.39,-0.54,-0.7,,,,,,,,,,,,,,,,,,-0.26,-0.31,,,,,,,,,,,,,,,,,,,,
2009-04-01,-1.27,-0.42,-0.22,0.0,-0.02,-0.2,-0.01,-0.91,-0.399,-0.71,-0.52,,-0.27,-0.91,-0.32,-0.35,-0.26,-0.2,-1.27,-0.24,-0.71,-0.53,-0.43,-1.65,-0.4,-0.63,-0.81,,,,,,,,,,,,,,,,,,-0.06,-0.34,,,-1.37,,,,,,,,,,,,,,,,,
2009-05-01,-1.52,-0.68,-0.56,-0.43,-0.39,-0.56,-0.52,-1.09,-0.539,-0.88,-0.75,,-0.59,-1.05,-0.54,-0.54,-0.5,-0.6,-1.43,-0.7,-0.81,-0.7,-0.65,-1.75,-0.66,-0.73,-0.92,,,,,,,,,,,,,,,,,,-0.55,-0.59,,,-1.65,,,,,,,,,,,,,,,,,
2009-06-01,-1.72,-0.9,-0.75,-0.57,-0.61,-0.8,-0.75,-1.27,-0.649,-1.07,-0.94,,-0.77,-1.24,-0.68,-0.75,-0.68,-0.75,-1.58,-0.86,-0.94,-0.92,-0.77,-1.82,-0.79,-0.83,-1.06,,,,,,,,,,,,,,,,,,-0.72,-0.75,-1.13,,-1.8,,,,,,,,,,,,,,,,,
2009-07-01,-1.75,-0.92,-0.77,-0.51,-0.52,-0.81,-0.68,-1.36,-0.669,-1.15,-0.98,,-0.83,-1.33,-0.7,-0.74,-0.55,-0.84,-1.57,-0.85,-1.01,-1.14,-0.81,-1.97,-0.86,-0.84,-1.16,,,,,,,,,,,,,,,,,,-0.77,-0.83,-1.22,,-1.81,,,,,,,,,,,,,,,,,
2009-08-01,-1.72,-0.9,-0.69,-0.27,-0.35,-0.79,-0.59,-1.41,-0.739,-1.26,-1.0,,-0.77,-1.42,-0.63,-0.65,-0.35,-0.8,-1.4465040650406504,-0.71,-1.16,-1.29,-0.8,-2.02,-0.86,-0.89,-1.26,,,,,,,,,,,,,,,,,,-0.69,-0.81,-1.31,,-1.81,,,,,,,,,,,,,,,,,
2009-09-01,-1.89,-1.08,-0.9,-0.68,-0.72,-0.95,-0.81,-1.52,-0.769,-1.37,-1.14,,-0.97,-1.54,-0.8,-0.81,-0.63,-0.96,,-0.92,-1.27,-1.44,-0.91,-2.06,-0.97,-0.93,-1.32,,,,,,,,,,,,,,,,,,-0.87,-0.94,-1.34,,,,,,,,,,,,,,,,,,,
2009-10-01,-1.97,-1.15,-0.98,-0.73,-0.77,-1.03,-0.87,-1.62,-0.819,-1.46,-1.21,,-1.05,-1.59,-0.85,-0.89,-0.61,-1.05,,-0.95,-1.38,-1.61,-0.98,-2.12,-1.04,-0.99,-1.41,,,,,,,,,,,,,,,,,,-0.94,-0.98,-1.42,,-1.81,,,,,,,,,,,,,,,,,
2009-11-01,-1.13,-0.36,-0.25,0.0,-0.02,-0.49,-0.3,-1.05,-0.409,-0.98,-0.51,,-0.36,-1.18,-0.28,0.04,0.18,-0.51,-1.08,-0.16,-1.06,-1.35,-0.57,-1.72,-0.53,-0.58,-0.99,,,,,,,,,,,,,,,,,,-0.28,-0.41,-1.0,,-1.37,,,,,,,,,,,,,,,,,
2009-12-01,-1.28,-0.47,-0.07,0.02,0.01,-0.34,-0.06,-1.03,-0.419,-1.01,-0.58,,-0.39,-1.09,-0.32,-0.01,-0.07,-0.25,-1.11,-0.13,-0.99,-1.27,-0.53,-1.72,-0.42,-0.65,-0.95,,,,,,,,,,,,,,,,,,-0.12,-0.28,-0.93,,-1.31,,,,,,,,,,,,,,,,,
2010-01-01,-1.09,-0.26,0.0,0.02,0.03,-0.29,-0.12,-1.0,-0.449,-0.91,-0.36,,-0.2,-1.01,-0.32,0.09,0.11,-0.29,-1.04,-0.11,-1.05,-1.22,-0.53,-1.8,-0.46,-0.67,-0.94,,,,,,,,,,,,,,,,,,-0.08,-0.31,-0.97,,-1.2,,,,,,,,,,,,,,,,,
2010-02-01,-1.36,-0.56,-0.26,-0.09,-0.15,-0.5,-0.4,-1.12,-0.539,-1.02,-0.65,,-0.5,-1.11,-0.3,-0.15,-0.17,-0.49,-1.22,-0.35,-1.09,-1.22,-0.64,-1.83,-0.6,-0.71,-1.02,,,,,,,,,,,,,,,,,,-0.3,-0.47,-1.02,,-1.36,,,,,,,,,,,,,,,,,
2010-03-01,-1.14,-0.28,0.02,0.03,0.03,-0.31,-0.04,-1.05,-0.469,-0.95,-0.36,,-0.15,-1.12,-0.31,0.04,0.14,-0.32,-1.15,-0.09,-1.17,-1.19,-0.51,-1.83,-0.49,-0.73,-1.08,,0.03,0.02,0.065,,-0.11,-0.02,,,,,,,,,,,-0.08,-0.37,-1.07,,-1.31,0.02,-0.31,-0.05,,-0.1,0.06,0.09,-0.13,-0.25,-0.12,0.02,0.11,0.01,0.02,-0.16,-0.08,-0.04
2010-04-01,-1.53,-0.72,-0.44,-0.31,-0.35,-0.62,-0.51,-1.21,-0.639,-1.09,-0.76,,-0.64,-1.2,-0.58,-0.41,-0.5,-0.6,-1.35,-0.55,-1.15,-1.15,-0.74,-1.92,-0.67,-0.81,-1.1,,-0.4,-0.4,-0.545,-0.415,-0.39,-0.56,,,,,,,,,,,-0.49,-0.57,-1.09,,-1.5,-0.42,-0.42,-0.46,-0.31,-0.48,-0.3,-0.24,-0.26,-0.52,-0.66,-0.28,-0.47,-0.32,-0.35,-0.52,-0.56,-0.64
2010-05-01,-1.75,-0.92,-0.57,-0.29,-0.35,-0.73,-0.56,-1.38,-0.749,-1.29,-0.98,,-0.76,-1.38,-0.68,-0.57,-0.57,-0.69,-1.61,-0.67,-1.28,-1.33,-0.85,-2.05,-0.76,-0.94,-1.25,,-0.45,-0.42,-0.705,-0.425,-0.47,-0.62,,,,,,,,,,,-0.53,-0.68,-1.25,,-1.66,-0.53,-0.56,-0.61,-0.34,-0.61,-0.45,-0.42,-0.39,-0.68,-0.82,-0.48,-0.59,-0.4,-0.45,-0.64,-0.71,-0.738
2010-06-01,-1.83,-1.01,-0.76,-0.5,-0.53,-0.88,-0.73,-1.51,-0.859,-1.41,-1.07,,-0.93,-1.5,-0.8,-0.75,-0.57,-0.87,-1.68,-0.84,-1.41,-1.47,-0.96,-2.16,-0.95,-1.06,-1.38,-1.05,-0.61,-0.66,-0.775,-0.595,-0.61,-0.83,-1.82,-1.63,,,,,,,,,-0.73,-0.85,-1.36,,-1.78,-0.72,-0.75,-0.77,-0.53,-0.75,-0.6,-0.58,-0.6,-0.82,-1.01,-0.64,-0.75,-0.59,-0.62,-0.84,-0.88,-0.94
2010-07-01,-1.63,-0.81,-0.56,-0.33,-0.37,-0.72,-0.55,-1.35,-0.739,-1.26,-0.91,,-0.73,-1.4,-0.64,-0.48,-0.33,-0.73,-1.46,-0.57,-1.38,-1.46,-0.87,-2.07,-0.81,-0.72,-1.26,-0.97,-0.33,-0.41,-0.515,-0.305,-0.36,-0.66,-1.69,-1.46,-1.9,-1.83,,,,,,,-0.58,-0.69,-1.26,,-1.72,-0.54,-0.56,-0.61,-0.38,-0.61,-0.47,-0.39,-0.37,-0.65,-0.72,-0.46,-0.55,-0.4,-0.45,-0.65,-0.7,-0.73
2010-08-01,-1.93,-1.12,-0.86,-0.66,-0.74,-0.95,-0.82,-1.58,-0.919,-1.51,-1.15,,-1.03,-1.63,-0.86,-0.79,-0.65,-0.99,-1.69,-0.87,-1.43,-1.63,-1.05,-2.2,-1.02,-0.93,-1.48,-1.11,-0.7,-0.77,-0.835,-0.685,-0.69,-0.98,-1.92,-1.68,-2.06,-1.97,-1.17,,,,,,-0.85,-0.92,-1.23,,-1.98,-0.88,-0.91,-0.89,-0.71,-0.9,-0.73,-0.71,-0.71,-0.9,-1.02,-0.73,-0.79,-0.66,-0.71,-0.91,-0.95,-1.0
2010-09-01,-1.86,-1.06,-0.8,-0.54,-0.57,-0.96,-0.84,-1.54,-0.939,-1.57,-1.17,,-1.02,-1.69,-0.82,-0.7,-0.41,-1.03,-1.54,-0.74,-1.62,-1.77,-1.06,-2.26,-1.05,-1.02,-1.59,-1.12,-0.49,-0.645,-0.635,-0.515,-0.51,-0.88,-2.0,-1.73,-2.12,-1.94,-1.2,,,,,,-0.805,-0.93,-1.52,,-1.99,-0.78,-0.79,-0.845,-0.65,-0.885,-0.69,-0.64,-0.61,-0.85,-0.87,-0.625,-0.7,-0.56,-0.6,-0.82,-0.86,-0.9
2010-10-01,-1.82,-1.01,-0.72,-0.45,-0.48,-0.87,-0.77,-1.63,-0.899,-1.62,-1.16,,-0.97,-1.72,-0.74,-0.52,-0.2,-0.98,-1.51,-0.61,-1.69,-1.88,-1.02,-2.18,-0.98,-0.95,-1.61,-1.04,-0.31,-0.53,-0.445,-0.305,-0.38,-0.77,-2.01,-1.7,-2.15,-2.06,-1.23,,,,,,-0.7,-0.81,-1.53,,-1.85,-0.67,-0.7,-0.72,-0.55,-0.78,-0.59,-0.55,-0.51,-0.7,-0.75,-0.51,-0.59,-0.47,-0.51,-0.71,-0.77,-0.77
2010-11-01,-1.71,-0.9,-0.58,-0.39,-0.43,-0.75,-0.67,-1.45,-0.769,-1.46,-0.98,,-0.86,-1.54,-0.68,-0.38,-0.25,-0.81,-1.4,-0.48,-1.6,-1.86,-0.92,-2.08,-0.82,-0.87,-1.43,-1.0,-0.3,-0.45,-0.415,-0.305,-0.33,-0.47,-1.81,-1.53,-2.0,-1.89,-1.09,,,,,,-0.57,-0.66,-1.32,,-1.62,-0.56,-0.54,-0.58,-0.44,-0.65,-0.44,-0.41,-0.4,-0.59,-0.66,-0.39,-0.49,-0.35,-0.37,-0.56,-0.63,-0.65
2010-12-01,-1.58,-0.77,-0.51,-0.26,-0.3,-0.72,-0.67,-1.41,-0.839,-1.44,-0.89,,-0.78,-1.57,-0.66,-0.13,-0.15,-0.81,-1.35,-0.36,-1.71,-1.9,-0.96,-1.96,-0.86,-0.94,-1.53,-1.02,-0.07,-0.22,-0.235,-0.135,-0.17,-0.41,-1.94,-1.63,-2.11,-2.02,-1.13,,,,,,-0.52,-0.66,-1.41,,-1.55,-0.49,-0.44,-0.48,-0.33,-0.57,-0.38,-0.33,-0.3,-0.57,-0.58,-0.3,-0.42,-0.27,-0.31,-0.5,-0.57,-0.68
2011-01-01,-1.59,-0.79,-0.46,-0.29,-0.32,-0.6,-0.63,-1.39,-0.749,-1.35,-0.84,,-0.76,-1.44,-0.66,-0.23,-0.19,-0.75,-1.36,-0.43,-1.55,-1.7,-0.88,-2.05,-0.78,-0.85,-1.36,-1.0,-0.21,-0.36,-0.305,-0.225,-0.21,-0.36,-1.76,-1.51,-1.94,-1.84,-1.03,-0.66,-0.53,,,,-0.5,-0.64,-1.25,,-1.49,-0.44,-0.4,-0.46,-0.35,-0.55,-0.29,-0.29,-0.28,-0.55,-0.63,-0.31,-0.44,-0.27,-0.31,-0.47,-0.49,-0.59
2011-02-01,-1.51,-0.69,-0.35,-0.18,-0.21,-0.64,-0.54,-1.32,-0.669,-1.26,-0.76,,-0.69,-1.37,-0.57,-0.13,-0.13,-0.67,-1.29,-0.32,-1.45,-1.55,-0.81,-1.96,-0.71,-0.77,-1.3,-0.91,-0.12,-0.2,-0.225,-0.155,-0.13,-0.25,-1.7,-1.42,-1.87,-1.78,-0.94,-0.59,-0.44,,,,-0.38,-0.56,-1.19,,-1.37,-0.35,-0.27,-0.34,-0.23,-0.44,-0.21,-0.18,-0.18,-0.48,-0.57,-0.22,-0.36,-0.18,-0.21,-0.38,-0.44,-0.5
2011-03-01,-1.7,-0.88,-0.54,-0.28,-0.34,-0.79,-0.7,-1.49,-0.829,-1.39,-0.96,,-0.85,-1.49,-0.73,-0.38,-0.37,-0.82,-1.5,-0.56,-1.54,-1.39,-0.96,-2.12,-0.87,-0.92,-1.44,-1.04,-0.31,-0.43,-0.475,-0.325,-0.38,-0.44,-1.85,-1.59,-1.98,-1.91,-1.06,-0.74,-0.6,,,,-0.55,-0.75,-1.35,,-1.58,-0.53,-0.51,-0.53,-0.37,-0.6,-0.41,-0.39,-0.37,-0.67,-0.75,-0.44,-0.56,-0.39,-0.42,-0.6,-0.66,-0.69
2011-04-01,-1.84,-1.03,-0.73,-0.54,-0.53,-0.91,-0.84,-1.6,-0.969,-1.5,-1.08,,-0.99,-1.61,-0.84,-0.6,-0.53,-0.97,-1.61,-0.76,-1.68,-1.6,-1.07,-2.2,-1.0,-0.91,-1.56,-1.14,-0.6,-0.66,-0.695,-0.615,-0.61,-0.67,-1.96,-1.69,-2.11,-2.03,-1.18,-0.85,-0.74,,,,-0.72,-0.86,-1.43,,-1.74,-0.71,-0.74,-0.7,-0.56,-0.74,-0.55,-0.56,-0.56,-0.78,-0.92,-0.61,-0.71,-0.57,-0.6,-0.78,-0.82,-0.87
2011-05-01,-2.01,-1.2,-0.89,-0.66,-0.7,-1.04,-0.94,-1.62,-1.029,-1.64,-1.25,,-1.13,-1.74,-0.95,-0.78,-0.65,-1.08,-1.75,-0.88,-1.78,-1.73,-1.07,-2.3,-1.12,-1.1,-1.66,-1.2,-0.72,-0.78,-0.835,-0.705,-0.73,-0.82,-2.07,-1.79,-2.22,-2.13,-1.29,-0.94,-0.85,,,,-0.86,-0.9,-1.53,,-1.94,-0.86,-0.88,-0.86,-0.71,-0.89,-0.72,-0.71,-0.7,-0.92,-1.07,-0.75,-0.85,-0.7,-0.74,-0.93,-0.97,-1.02
2011-06-01,-2.12,-1.31,-1.04,-0.79,-0.83,-1.14,-1.04,-1.83,-1.119,-1.75,-1.39,,-1.23,-1.84,-1.02,-0.94,-0.77,-1.19,-1.85,-0.98,-1.85,-1.85,-1.25,-2.37,-1.2,-1.16,-1.75,-1.26,-0.86,-0.9,-0.865,-0.855,-0.86,-0.98,-2.15,-1.86,-2.31,-2.21,-1.4,-1.02,-0.96,,,,-0.99,-1.08,-1.61,,-2.13,-1.01,-1.04,-1.05,-0.84,-1.07,-0.88,-0.87,-0.83,-1.03,-1.17,-0.88,-0.96,-0.82,-0.86,-1.06,-1.1,-1.18
2011-07-01,-2.27,-1.46,-1.016734693877551,-0.93,-0.97,-1.26,-1.13,-1.8183196721311476,-1.189,-1.85,-1.52,,-1.37,-1.93,-1.11,-1.1,-0.88,-1.34,-1.96,-1.1,-1.8465317919075146,-1.93,-1.35,-2.45,-1.33,-1.24,-1.84,-1.35,-0.99,-1.03,-1.095,-0.975,-0.98,-1.11,-2.25,-1.96,-2.42,-2.32,-1.51,-1.12,-1.1,,,,-1.13,-1.19,-1.7,,-2.32,-1.17,-1.18,-1.046078431372549,-0.99,-1.19,-1.06,-1.02,-0.97,-1.16,-1.29,-1.01,-1.09,-0.95,-0.99,-1.19,-1.25,-1.31
2011-08-01,-2.38,-1.56,,-1.0,-1.05,-1.36,-1.117295081967213,,-1.259,-1.841877729257642,-1.62,,-1.48,-1.92,-1.16,-1.16,-0.79,-1.44,-2.02,-1.11,,-1.93,-1.41,-2.5,-1.37,-1.26,-1.94,-1.35,-1.02,-1.12,-1.065,-1.015,-1.04,-1.0796739130434783,-2.34,-2.03,-2.52,-2.41,-1.61,-1.23,-1.0627322404371586,,,,-1.22,-1.26,-1.79,,-2.42,-1.28,-1.27,,-1.08,-1.28,-1.0373170731707317,-1.12,-1.05,-1.24,-1.160326797385621,-0.9444715447154471,-1.024471544715447,-1.15,-0.9244715447154471,-1.1295121951219511,-1.33,-1.37
2011-09-01,-2.329180327868852,-1.5142622950819673,,-0.9034426229508197,-0.9483606557377049,-1.2888524590163934,,,-1.2290163934426228,,-1.6098360655737707,,-1.454590163934426,-1.911288056206089,-1.0583606557377048,-1.012622950819672,-0.5511475409836066,-1.3891803278688524,-1.8827868852459018,-0.9617391304347827,,,-1.4150819672131147,-2.4847540983606557,-1.3344262295081968,-1.234590163934426,-2.0060655737704916,-1.3042622950819673,-0.8268852459016394,-1.0020652173913045,-0.7524590163934426,-0.8447540983606557,-0.9027868852459017,,-2.3959016393442623,-2.03,-2.584021739130435,-2.470983606557377,-1.6672826086956523,-1.162608695652174,,,,,-1.132875816993464,-1.1769281045751634,-1.7933695652173913,,-2.3189130434782608,-1.198688524590164,-1.1937704918032788,,-0.9989542483660131,-1.2545901639344264,,-1.0896739130434783,-0.9483606557377049,-1.1231147540983606,,,,-1.0127868852459017,,,-1.2131147540983607,-1.207377049180328
2011-10-01,-2.28,-1.47,,-0.81,-0.85,-1.22,,,-1.2,,-1.6,,-1.43,,-0.96,-0.87,-0.32,,-1.75,,,,-1.42,-2.47,-1.3,-1.21,-2.07,-1.26,-0.64,,-0.45,-0.68,-0.77,-1.02,-2.45,,,-2.53,,,,,,,,,,,,-1.12,-1.12,,,,,,-0.85,-1.01,,,,-0.88,,,-1.1,-1.05
2011-11-01,-2.4,-1.59,,-0.8,-0.82,-1.26,,,-1.25,,-1.67,,-1.52,,-1.0,-0.77,-0.24,,-1.76,-0.67,,-1.93,-1.42,-2.46,-1.27,-1.19,-2.1,-1.23,-0.53,-0.77,-0.56,-0.59,-0.73,-0.98,-2.47,-2.03,-2.71,-2.53,-1.78,-1.03,,,,,,,-1.8,,-2.12,-1.14,-1.07,-1.03,,,-0.97,-1.03,-0.84,-1.0,,-0.75,-0.83,-0.66,-0.73,-0.95,-1.06,-1.0
2011-12-01,-2.06,-1.25,,-0.61,-0.64,-1.04,,,-1.05,,-1.37,,-1.23,,-0.81,-0.4,-0.04,-1.24,-1.54,-0.29,,-1.8931147540983606,-1.25,-2.34,-1.1,-1.08,-1.92,-1.15,-0.18,-0.51,-0.24,-0.26,-0.46,-0.76,-2.27,-1.83,-2.57,-2.37,-1.59,-0.92,,,,,,,-1.69,,-1.78,-0.89,-0.88,-0.82,,,-0.73,-0.78,-0.63,-0.79,-0.65,-0.53,-0.63,-0.47,-0.51,-0.76,-0.86,-0.78
2012-01-01,-2.1,-1.31,,-0.61,-0.63,-0.99,,,-1.09,,-1.39,,-1.25,,-0.86,-0.44,-0.17,-1.18,-1.56,-0.46,,,-1.26,-2.38,-1.07,-1.13,-1.88,-1.21,-0.38,-0.57,-0.39,-0.42,-0.5,-0.73,-2.25,-1.86,-2.56,-2.37,-1.57,-0.95,,,,,-0.79,-0.85,-1.65,,-1.74,-0.85,-0.84,-0.78,-0.68,,-0.67,-0.75,-0.61,-0.78,-0.74,-0.54,-0.64,-0.5,-0.54,-0.73,-0.82,-0.77
2012-02-01,-2.05,-1.24,-0.85,-0.57,-0.66,-1.0,,,-1.19,,-1.34,-1.18,-1.24,,-0.94,-0.43,-0.21,-1.18,-1.6,-0.6046666666666667,,,-1.34,-2.44,-1.13,-1.21,-1.93,-1.26,-0.42,-0.58,-0.42,-0.43,-0.53,-0.72,-2.3,-1.93,-2.62,-2.43,-1.59,-1.03,,,,,-0.79,-0.9430000000000001,-1.69,-1.23,-1.69,-0.85,-0.81,-0.75,-0.65,,-0.66,-0.71,-0.61,-0.82,-0.81,-0.57,-0.68,-0.53,-0.56,-0.75,-0.83,-0.8
2012-03-01,-2.23,-1.43,-0.8675274725274725,-0.76,-0.82,-1.14,,,-1.27,,-1.48,-1.32,-1.4,,-1.04,-0.65,-0.44,-1.3,-1.75,-0.74,,,-1.43,-2.52,-1.23,-1.29,-2.0,-1.33,-0.61,-0.74,-0.64,-0.65,-0.7,-0.87,-2.38,-2.01,-2.67,-2.5,-1.66,-1.11,,,,,-0.93,-1.03,-1.76,-1.41,-1.87,-1.01,-0.98,-0.91,-0.79,,-0.8,-0.9,-0.77,-0.98,-0.99,-0.74,-0.84,-0.69,-0.73,-0.92,-1.0,-0.98
2012-04-01,-2.33,-1.51,,-0.79,-0.85,-1.22,,,-1.32,,-1.59,-1.48,-1.47,,-1.09,-0.7,-0.39,-1.41,-1.82,-0.79,,,-1.49,-2.58,-1.3,-1.34,-2.1,-1.39,-0.62,-0.79,-0.66,-0.67,-0.75,-0.92,-2.47,-2.09,-2.76,-2.58,-1.77,-1.18,,,,,-1.0,-1.09,-1.7566304347826087,-1.51,-1.95,-1.08,-1.05,-0.97,-0.85,-1.08,-0.86,-1.0,-0.84,-1.05,-1.04,-0.79,-0.9,-0.76,-0.79,-0.98,-1.08,-1.04
2012-05-01,-2.39,-1.59,,-0.9,-0.94,-1.27,,,-1.38,,-1.66,-1.54,-1.57,,-1.15,-0.85,-0.55,-1.47,-1.86,-0.9,,,-1.55,-2.58,-1.36,-1.39,-2.15,-1.44,-0.75,-0.89,-0.77,-0.79,-0.85,-1.0,-2.52,-2.14,-2.81,-2.64,-1.82,-1.24,,,,,-1.08,-1.14,,-1.57,-2.02,-1.16,-1.13,-1.04,-0.93,-1.14,-0.92,-1.04,-0.92,-1.11,-1.12,-0.87,-0.98,-0.84,-0.87,-1.06,-1.14,-1.13
2012-06-01,-2.37,-1.57,,-0.69,-0.82,-1.24,,,-1.36,,-1.67,-1.5,-1.57,,-1.1,-0.67,-0.27,-1.48,-1.79,-0.73,,,-1.54,-2.58,-1.37,-1.36,-2.19,-1.4,-0.51,-0.75,-0.54,-0.56,-0.7,-0.9,-2.56,-2.15,-2.87,-2.67,-1.84,-1.22,,,,,-1.02,-1.11,,-1.53,-1.97,-1.11,-1.04,-0.97,-0.84,-1.09,-0.87,-1.01,-0.85,-1.05,-0.84,-0.77,-0.87,-0.72,-0.77,-0.98,-1.07,-1.02
2012-07-01,-2.3,-1.48,,-0.82,-0.88,-1.19,-0.98,,-1.26,,-1.57,-1.43,-1.46,,-1.07,-0.71,-0.5,-1.35,-1.75,-0.83,,,-1.44,-2.5,-1.26,-1.28,-2.03,-1.34,-0.67,-0.84,-0.71,-0.71,-0.77,-0.91,-2.4,-2.0,-2.72,-2.52,-1.73,-1.13,,,,,-0.96,-1.02,,-1.46,-1.9,-1.05,-1.02,-0.95,-0.84,-1.03,-0.83,-0.93,-0.83,-0.97,-1.04,-0.8,-0.89,-0.75,-0.8,-0.98,-1.06,-1.06
2012-08-01,-2.15,-1.36,-0.96,-0.64,-0.67,-1.11,-0.89,,-1.18,,-1.45,-1.1524183006535949,-1.38,,-0.94,-0.41,-0.09,-1.33,-1.67,-0.69,,,-1.37,-2.46,-1.21,-1.22,-2.1,-1.25,-0.29,-0.64,-0.31,-0.36,-0.48,-0.7,-2.46,-2.01,-2.78,-2.57,-1.73,-1.06,,,,,-0.84,-0.99,,-1.29,-1.75,-0.91,-0.87,-0.74,-0.64,-0.87,-0.63,-0.84,-0.68,-0.93,-0.87,-0.64,-0.74,-0.62,-0.66,-0.85,-0.92,-0.89
2012-09-01,-2.03,-1.23,-0.84,-0.49,-0.55,-1.0,-0.82,,-1.1,,-1.33,,-1.26,,-0.83,-0.26,-0.34,-1.23,-1.49,-0.43,,,-1.3,-2.41,-1.12,-1.15,-1.99,-1.14,-0.11,-0.46,-0.16,-0.18,-0.3,-0.53,-2.36,-1.9,-2.65,-2.46,-1.63,-0.97,,,,,-0.7,-0.83,-1.74,-1.17,-1.57,-0.79,-0.73,-0.56,-0.49,-0.71,-0.47,-0.74,-0.54,-0.79,-0.61,-0.49,-0.58,-0.46,-0.5,-0.71,-0.8,-0.72
2012-10-01,-1.77,-0.97,-0.38,-0.03,-0.04,-0.75,-0.58,-1.64,-0.88,-1.73,-1.01,,-0.99,-1.8,-0.65,0.08,0.24,-0.93,-1.22,-0.14,,,-1.09,-2.31,-0.82,-0.92,-1.71,-0.98,0.02,-0.05,0.17,0.01,-0.03,-0.15,-2.06,-1.65,-2.36,-2.19,-1.39,-0.73,,,,,-0.3,-0.6,-1.46,-0.89,-1.25,-0.39,-0.27,-0.2,-0.06,-0.36,-0.1,-0.36,-0.15,-0.49,-0.34,-0.07,-0.13,-0.05,-0.09,-0.28,-0.37,-0.31
2012-11-01,-1.23,-0.43,-0.03,0.01,0.01,-0.38,-0.26,-1.2,-0.59,-1.22,-0.52,,-0.55,-1.49,-0.3,0.25,0.31,-0.59,-0.26,-0.04,-1.79,-1.48,-0.82,-1.88,-0.48,-0.7,-1.36,-0.77,0.02,0.21,0.26,0.03,0.19,0.07,-1.77,-1.35,-1.99,-1.84,-1.07,-0.47,,,,,-0.06,-0.22,-1.18,-0.37,-0.83,0.0,-0.0718032786885246,0.23,0.11,0.26,0.14,0.12,0.22,-0.04,0.13,0.09,0.44,0.19,0.14,-0.1,0.05,-0.12
2012-12-01,-0.88,-0.07,0.03,0.03,0.02,0.06,0.09,-0.87,-0.36,-0.76,-0.15,-0.06,-0.04,-1.07,-0.05,0.3,0.35,-0.18,-0.11,0.15,-1.34,-0.66,-0.48,-1.73,-0.24,-0.53,-1.03,-0.49,0.03,0.48,0.34,0.02,0.21,0.1,-1.44,-1.13,-1.66,-1.54,-0.7,-0.21,,,,,-0.03,0.1,-0.86,-0.09,-0.6,0.04,0.12,0.32,0.18,0.31,0.25,0.32,0.29,0.24,0.3,0.13,0.47,0.21,0.17,-0.08,0.23,-0.06
2013-01-01,-0.78,-0.06,0.02,0.01,0.03,0.06,0.1,-0.77,-0.34,-0.49,-0.1,-0.06,0.0,-0.91,-0.07,0.23,0.32,-0.14,-0.09,0.15,-1.03,-0.25,-0.41,-1.71,-0.19,-0.53,-0.95,-0.45,0.04,0.49,0.38,0.02,0.2,0.1,-1.36,-1.12,-1.49,-1.43,-0.47,-0.2,,,,,-0.02,0.15,-0.79,-0.09,-0.66,0.05,0.12,0.26,0.16,0.31,0.23,0.32,0.27,0.23,0.33,0.14,0.48,0.28,0.18,-0.07,0.21,-0.04
2013-02-01,-0.87,-0.15,-0.01,0.03,0.02,0.06,0.09,-0.78,-0.4,-0.37,-0.2,-0.23,0.13,-0.7,-0.23,0.17,0.03,-0.1,-0.37,0.23,-0.67,0.11,-0.45,-1.67,-0.23,-0.54,-0.78,-0.53,0.0,0.34,0.21,-0.01,0.09,0.06,-1.2,-1.08,-1.23,-1.24,-0.35,-0.25,,,,,-0.04,0.15,-0.69,-0.25,-0.81,0.02,0.08,0.18,0.13,0.28,0.15,0.27,0.22,0.19,0.2,0.09,0.44,0.19,0.14,-0.09,0.11,-0.06
2013-03-01,-1.12,-0.35,-0.07,-0.01,-0.06,-0.1,-0.1,-0.9,-0.5,-0.41,-0.32,-0.36,-0.05,-0.77,-0.38,-0.04830508474576267,-0.13,-0.19,-0.69,0.01,-0.58,0.03,-0.57,-1.79,-0.4,-0.63,-0.83,-0.64,-0.13,0.25,-0.16,-0.11,-0.03,0.0,-1.31,-1.22,-1.19,-1.3,-0.37,-0.38,,,,,-0.09,-0.07,-0.85,-0.38,-1.03,-0.06,-0.02,-0.08,0.06,0.09,0.05,0.13,0.2,0.0,-0.08,0.02,0.36,0.2,0.06,-0.15,-0.13,-0.21
2013-04-01,-1.31,-0.51,-0.34,-0.18,-0.23,-0.28,-0.28,-1.04,-0.6,-0.61,-0.51,-0.54,-0.41,-0.94,-0.51,-0.29,-0.31,-0.35,-1.06,-0.23,-0.7,-0.27,-0.66,-1.89,-0.55,-0.74,-0.96,-0.78,-0.34,0.09,-0.45,-0.34,-0.28,-0.24,-1.42,-1.33,-1.33,-1.42,-0.53,-0.52,,,,,-0.25,-0.27,-0.97,-0.56,-1.31,-0.27,-0.29,-0.27,-0.08,-0.2,-0.1,-0.06,-0.1,-0.23,-0.49,-0.13,-0.24,-0.09,-0.14,-0.29,-0.35,-0.4
2013-05-01,-1.42,-0.61,-0.44,-0.27,-0.31,-0.46,-0.41,-1.17,-0.71,-0.76,-0.64,-0.65,-0.55,-1.07,-0.64,-0.42,-0.35,-0.54,-1.27,-0.42,-0.78,-0.43,-0.77,-2.01,-0.69,-0.85,-1.06,-0.91,-0.38,-0.15,-0.54,-0.4,-0.37,-0.4,-1.53,-1.45,-1.43,-1.52,-0.63,-0.65,,,,,-0.4,-0.45,-1.1,-0.67,-1.49,-0.41,-0.45,-0.43,-0.32,-0.34,-0.24,-0.21,-0.22,-0.44,-0.59,-0.29,-0.42,-0.28,-0.31,-0.47,-0.49,-0.54
2013-06-01,-1.64,-0.83,-0.65,-0.43,-0.48,-0.65,-0.55,-1.33,-0.81,-0.94,-0.86,-0.87,-0.73,-1.22,-0.79,-0.64,-0.56,-0.7,-1.49,-0.66,-0.86,-0.62,-0.88,-2.1,-0.86,-0.95,-1.17,-1.04,-0.61,-0.53,-0.76,-0.6,-0.57,-0.63,-1.64,-1.56,-1.54,-1.62,-0.75,-0.78,,,,,-0.58,-0.65,-1.22,-0.89,-1.7,-0.61,-0.66,-0.63,-0.44,-0.56,-0.46,-0.44,-0.43,-0.63,-0.81,-0.53,-0.64,-0.5,-0.54,-0.71,-0.72,-0.78
2013-07-01,-1.86,-1.04,-0.84,-0.51,-0.57,-0.84,-0.67,-1.53,-0.94,-1.15,-1.07,-1.08,-0.9,-1.41,-0.94,-0.8,-0.64,-0.85,-1.68,-0.77,-1.0,-0.89,-1.01,-2.21,-1.01,-1.04,-1.32,-1.19,-0.74,-0.62,-0.86,-0.74,-0.71,-0.8,-1.79,-1.69,-1.7,-1.75,-0.9,-0.92,,,,,-0.71,-0.83,-1.37,-1.11,-1.96,-0.79,-0.84,-0.85,-0.55,-0.74,-0.68,-0.64,-0.57,-0.81,-0.99,-0.65,-0.76,-0.61,-0.64,-0.84,-0.87,-0.95
2013-08-01,-1.79,-0.99,-0.9,-0.6,-0.66,-0.9,-0.72,-1.55,-0.95,-1.17,-1.04,-1.02,-0.91,-1.43,-0.97,-0.83,-0.62,-0.93,-1.61,-0.81,-1.08,-0.99,-1.02,-2.23,-1.07,-1.07,-1.35,-1.25,-0.74,-0.73,-0.83,-0.71,-0.69,-0.84,-1.82,-1.71,-1.72,-1.78,-0.96,-0.96,,,,,-0.77,-0.88,-1.4,-1.06,-1.93,-0.81,-0.87,-0.86,-0.65,-0.8,-0.69,-0.64,-0.59,-0.8,-0.96,-0.68,-0.78,-0.63,-0.67,-0.86,-0.9,-0.94
2013-09-01,-1.87,-1.06,-0.91,-0.65,-0.69,-0.97,-0.8,-1.65,-1.0,-1.26,-1.11,-1.12,-0.96,-1.51,-1.02,-0.81,-0.55,-0.8470781893004116,-1.69,-0.85,-1.16,-1.17,-1.08,-2.27,-1.18,-1.1,-1.44,-1.29,-0.71,-0.77,-0.77,-0.7,-0.69,-0.9,-1.9,-1.77,-1.76,-1.86,-1.04,-1.03,,,,,-0.83,-0.98,-1.48,-1.08,-2.01,-0.84,-0.92,-0.93,-0.72,-0.89,-0.76,-0.7,-0.66,-0.74,-1.01,-0.74,-0.82,-0.69,-0.73,-0.92,-0.96,-1.01
2013-10-01,-1.56,-0.74,-0.66,-0.29,-0.33,-0.78,-0.59,-1.41,-0.78,-1.06,-0.83,-0.75,-0.67,-1.4,-0.75,-0.4,-0.12,,-1.37,-0.37,-1.1,-1.18,-0.91,-2.13,-1.01,-0.93,-1.3,-0.93,-0.22,-0.31,-0.33,-0.25,-0.22,-0.56,-1.76,-1.6,-1.68,-1.7,-0.94,-0.81,,,,,-0.56,-0.74,-1.39,-0.79,-1.69,-0.6,-0.58,-0.6,-0.41,-0.61,-0.48,-0.38,-0.34,-0.62,-0.5,-0.36,-0.46,-0.31,-0.34,-0.56,-0.66,-0.64
2013-11-01,-1.63,-0.82,-0.61,-0.4,-0.45,-0.79,-0.61,-1.43,-0.83,-1.16,-0.87,-0.82,-0.76,-1.36,-0.8,-0.41,-0.27,,-1.45,-0.55,-1.13,-1.29,-0.92,-2.13,-0.95,-0.97,-1.28,-1.17,-0.33,-0.49,-0.45,-0.37,-0.37,-0.53,-1.72,-1.6,-1.71,-1.71,-0.9,-0.82,,,,,-0.58,-0.73,-1.3,-0.86,-1.65,-0.56,-0.59,-0.6,-0.44,-0.64,-0.44,-0.41,-0.4,-0.63,-0.73,-0.45,-0.56,-0.41,-0.44,-0.62,-0.67,-0.72
2013-12-01,-1.27,-0.45,-0.1,0.02,0.03,-0.58,-0.25,-1.29,-0.64,-0.96,-0.54,-0.46,-0.33,-1.29,-0.57,0.15,0.025081967213114786,,-1.05,-0.1,-1.12,-1.22,-0.77,-2.03,-0.71,-0.82,-1.23,-0.98,0.04,-0.03,0.07,0.02,0.0,-0.15,-1.68,-1.49,-1.65,-1.64,-0.81,-0.74,,,,,-0.19,-0.51,-1.26,-0.5,-1.42,-0.03,-0.18,-0.27,0.01,-0.32,-0.14,-0.05,0.12,-0.38,-0.19,-0.01,0.1,0.0,-0.01,-0.26,-0.26,-0.19
2014-01-01,-0.83,-0.02,0.02,0.02,0.02,-0.03,0.08,-0.84,-0.31,-0.45,-0.07,-0.02,0.16,-0.77,-0.16,0.16,0.33,,-0.18,-0.07,-0.7,-0.75,-0.33,-1.62,-0.37,-0.46,-0.81,-0.63,0.03,0.25,0.38,0.02,0.05,0.14,-1.21,-1.06,-1.21,-1.21,-0.09,-0.24,0.0,,,,-0.06,-0.17,-0.8,-0.06,-0.88,0.08,0.11,0.19,0.11,0.25,0.16,0.31,0.25,0.15,0.23,0.1,0.42,0.19,0.13,-0.11,0.07,-0.12
2014-02-01,-0.83,-0.01,0.03,0.03,0.03,0.05,0.09,-0.6,-0.15,-0.3,-0.02,-0.04,0.34,-0.52,-0.08,0.22,0.28,,-0.17,0.08,-0.51,-0.42,-0.22,-1.48,-0.19,-0.33,-0.59,-0.43,0.03,0.32,0.37,0.02,0.19,0.25,-1.04,-0.9,-0.99,-1.03,-0.17,0.04,0.08,,,,-0.04,0.11,-0.6,-0.08,-0.73,0.03,0.12,0.25,0.22,0.27,0.11,0.32,0.27,0.27,0.26,0.09,0.43,0.2,0.14,-0.1,0.19,-0.1
2014-03-01,-0.93,-0.11,0.0,0.03,0.03,0.01,0.13,-0.61,-0.27,-0.34,-0.14,-0.18,0.19,-0.53,-0.17,0.1,0.08,,-0.46,-0.03,-0.42,-0.22,-0.28,-1.59,-0.22,-0.46,-0.61,-0.46,0.03,0.29,-0.13,0.03,0.03,0.12,-1.09,-1.03,-1.0,-1.08,-0.12,-0.2,0.05,,,,-0.05,0.09,-0.65,-0.22,-0.95,0.02,0.05,0.03,0.12,0.23,0.06,0.25,0.23,0.17,0.11,0.08,0.42,0.19,0.13,-0.12,0.01,-0.07
2014-04-01,-1.25,-0.44,-0.14,0.02,-0.02,-0.08,-0.08,-0.9,-0.42,-0.61,-0.48,-0.49,-0.03,-0.75,-0.41,-0.27,-0.27,-0.28,-0.9,-0.09,-0.52,-0.36,-0.51,-1.73,-0.44,-0.6,-0.74,-0.64,-0.2,0.15,-0.4,-0.18,-0.1,-0.1,-1.2,-1.16,-1.14,-1.2,-0.25,-0.38,-0.10245901639344261,,,,-0.08,-0.09,-0.78,-0.53,-1.24,-0.09,-0.17,-0.17,0.0,-0.08,0.01,0.05,0.02,-0.04,-0.19,0.01,0.06,0.0,0.02,-0.19,-0.2,-0.11
2014-05-01,-1.22,-0.44,-0.34,-0.21,-0.25,-0.28,-0.27,-0.97,-0.54,-0.63,-0.48,-0.47,-0.26,-0.85,-0.52,-0.3,-0.26,-0.38,-1.1,-0.39,-0.62,-0.4,-0.6,-1.85,-0.58,-0.72,-0.82,-0.79,-0.28,0.03,-0.43,-0.27,-0.2,-0.27,-1.3,-1.27,-1.21,-1.3,-0.44,-0.51,-0.25,,,,-0.29,-0.31,-0.89,-0.52,-1.37,-0.29,-0.22,-0.31,-0.11,-0.24,-0.12,-0.04,-0.12,-0.27,-0.54,-0.15,-0.25,-0.09,-0.13,-0.31,-0.38,-0.45
2014-06-01,-1.55,-0.77,-0.6,-0.47,-0.53,-0.56,-0.47,-1.18,-0.68,-0.91,-0.8,-0.78,-0.64,-1.08,-0.7,-0.6,-0.58,-0.62,-1.29,-0.72,-0.75,-0.66,-0.75,-1.98,-0.75,-0.84,-0.99,-0.96,-0.61,-0.42,-0.76,-0.58,-0.56,-0.62,-1.44,-1.42,-1.4,-1.43,-0.62,-0.67,-0.4,,,,-0.55,-0.55,-1.05,-0.83,-1.64,-0.58,-0.63,-0.6,-0.42,-0.53,-0.46,-0.36,-0.41,-0.54,-0.8,-0.49,-0.58,-0.46,-0.5,-0.66,-0.69,-0.72
2014-07-01,-1.8,-0.97,-0.81,-0.6,-0.66,-0.74,-0.61,-1.34,-0.81,-1.12,-1.01,-1.0,-0.82,-1.29,-0.85,-0.84,-0.74,-0.78,-1.58,-0.88,-0.9,-0.88,-0.87,-2.11,-0.92,-0.95,-1.15,-1.08,-0.79,-0.72,-0.92,-0.77,-0.73,-0.8,-1.61,-1.55,-1.56,-1.6,-0.76,-0.8,-0.56,-0.71,-0.51,-0.67,-0.71,-0.73,-1.21,-1.03,-1.91,-0.77,-0.83,-0.81,-0.63,-0.73,-0.61,-0.58,-0.59,-0.71,-0.98,-0.68,-0.75,-0.62,-0.65,-0.82,-0.88,-0.94
2014-08-01,-1.89,-1.06,-0.9,-0.64,-0.68,-0.85,-0.69,-1.47,-0.86,-1.22,-1.12,-1.09,-0.92,-1.41,-0.91,-0.91,-0.66,-0.89,-1.67,-0.92,-1.04,-1.08,-0.97,-2.17,-1.06,-1.0,-1.29,-1.11,-0.77,-0.77,-0.88,-0.74,-0.72,-0.89,-1.76,-1.65,-1.69,-1.72,-0.89,-0.86,-0.73,-0.79,-0.75,-0.74,-0.81,-0.86,-1.33,-1.13,-2.05,-0.86,-0.9,-0.94,-0.76,-0.86,-0.71,-0.68,-0.67,-0.83,-0.88,-0.74,-0.82,-0.7,-0.73,-0.93,-0.97,-1.01
2014-09-01,-2.01,-1.2,-1.03,-0.8,-0.83,-1.02,-0.88,-1.64,-0.98,-1.38,-1.24,-1.26,-1.05,-1.55,-1.02,-1.03,-0.79,-1.06,-1.79,-1.02,-1.19,-1.33,-1.07,-2.24,-1.17,-1.08,-1.43,-1.13,-0.93,-0.91,-1.01,-0.9,-0.87,-1.12,-1.89,-1.75,-1.87,-1.82,-1.04,-0.98,-0.82,-0.96,-0.88,-0.81,-0.95,-1.0,-1.45,-1.28,-2.21,-1.0,-1.04,-1.05,-0.91,-1.01,-0.86,-0.83,-0.81,-0.97,-1.17,-0.89,-0.96,-0.82,-0.86,-1.14,-1.1,-1.16
2014-10-01,-1.63,-0.81,-0.62,-0.23,-0.24,-0.73,-0.47,-1.4,-0.73,-1.18,-0.91,-0.83,-0.72,-1.4,-0.72,-0.45,-0.15,-0.75,-1.39,-0.44,-1.11,-1.32,-0.87,-2.06,-0.89,-0.88,-1.26,-1.05,-0.24,-0.32,-0.38,-0.24,-0.23,-0.55,-1.72,-1.54,-1.71,-1.69,-0.9,-0.74,-0.53,-0.58,-0.54,-0.47,-0.37,-0.66,-1.22,-0.87,-1.77,-0.57,-0.61,-0.65,-0.5,-0.66,-0.38,-0.42,-0.33,-0.59,-0.59,-0.38,-0.46,-0.32,-0.36,-0.57,-0.64,-0.64
2014-11-01,-1.56,-0.74,-0.51,-0.3,-0.35,-0.64,-0.45,-1.3,-0.67,-1.12,-0.81,-0.74,-0.67,-1.26,-0.67,-0.46,-0.25,-0.66,-1.29,-0.44,-1.01,-1.26,-0.77,-1.96,-0.76,-0.81,-1.15,-0.94,-0.32,-0.35,-0.41,-0.33,-0.3,-0.45,-1.59,-1.43,-1.61,-1.58,-0.8,-0.64,-0.43,-0.49,-0.39,-0.38,-0.47,-0.57,-1.16,-0.79,-1.58,-0.48,-0.49,-0.55,-0.37,-0.57,-0.41,-0.31,-0.28,-0.49,-0.6,-0.31,-0.52,-0.26,-0.3,-0.49,-0.54,-0.54
2014-12-01,-1.37,-0.57,-0.36,-0.17,-0.2,-0.6,-0.43,-1.26,-0.72,-1.05,-0.64,-0.54,-0.56,-1.24,-0.65,-0.16,-0.02,-0.65,-1.23,-0.38,-1.12,-1.33,-0.83,-2.04,-0.8,-0.88,-1.21,-0.98,-0.06,-0.15,-0.21,-0.11,-0.08,-0.3,-1.65,-1.49,-1.65,-1.65,-0.81,-0.69,-0.41,-0.44,-0.34,-0.44,-0.39,-0.57,-1.16,-0.59,-1.44,-0.34,-0.33,-0.39,-0.24,-0.44,-0.26,-0.17,-0.15,-0.39,-0.52,-0.2,-0.32,-0.17,-0.07,-0.36,-0.41,-0.47
2015-01-01,-1.2,-0.42,-0.2,0.01,-0.02,-0.49,-0.3,-1.15,-0.63,-0.93,-0.45,-0.4,-0.42,-1.12,-0.55,-0.2,0.04,-0.51,-1.15,-0.27,-0.99,-1.18,-0.73,-1.97,-0.68,-0.8,-1.08,-0.91,0.0,-0.05,-0.11,-0.02,0.03,-0.17,-1.53,-1.39,-1.54,-1.53,-0.73,-0.6,-0.28,-0.3,-0.17,-0.35,-0.25,-0.47,-1.09,-0.43,-1.29,-0.14,-0.11,-0.24,-0.1,-0.44,-0.1,0.04,0.02,-0.32,-0.43,-0.03,-0.18,0.0,-0.03,-0.21,-0.27,-0.34
2015-02-01,-1.39,-0.57,-0.35,-0.1,-0.13,-0.68,-0.45,-1.28,-0.74,-1.04,-0.65,-0.62,-0.56,-1.2,-0.7,-0.24,-0.13,-0.63,-1.32,-0.44,-1.1,-1.23,-0.84,-2.05,-0.83,-0.89,-1.2,-0.99,-0.13,-0.21,-0.3,-0.15,-0.25,-0.26,-1.65,-1.51,-1.66,-1.66,-0.77,-0.72,-0.4,-0.42,-0.33,-0.47,-0.37,-0.6,-1.19,-0.58,-1.42,-0.3,-0.29,-0.35,-0.21,-0.41,-0.2,-0.14,-0.14,-0.49,-0.56,-0.22,-0.38,-0.2,-0.24,-0.38,-0.43,-0.5
2015-03-01,-1.46,-0.64,-0.36,-0.14,-0.17,-0.69,-0.5,-1.34,-0.83,-1.07,-0.71,-0.65,-0.62,-1.27,-0.74,-0.28,-0.19,-0.68,-1.38,-0.51,-1.13,-1.21,-0.9,-2.13,-0.86,-0.98,-1.25,-1.05,-0.13,-0.27,-0.34,-0.12,-0.16,-0.29,-1.71,-1.54,-1.7,-1.71,-0.84,-0.77,-0.55,-0.5,-0.4,-0.56,-0.42,-0.66,-1.26,-0.68,-1.46,-0.28,-0.39,-0.39,-0.24,-0.43,-0.23,-0.17,-0.19,-0.55,-0.62,-0.28,-0.43,-0.26,-0.28,-0.45,-0.48,-0.55
2015-04-01,-1.63,-0.84,-0.61,-0.44,-0.49,-0.81,-0.65,-1.45,-0.93,-1.19,-0.87,-0.83,-0.79,-1.37,-0.86,-0.49,-0.43,-0.81,-1.52,-0.73,-1.26,-1.32,-1.0,-2.21,-0.98,-1.06,-1.35,-1.16,-0.46,-0.53,-0.58,-0.46,-0.43,-0.52,-1.8,-1.66,-1.8,-1.8,-0.94,-0.88,-0.59,-0.68,-0.54,-0.65,-0.61,-0.77,-1.34,-0.87,-1.62,-0.54,-0.55,-0.57,-0.44,-0.6,-0.42,-0.38,-0.41,-0.68,-0.8,-0.49,-0.61,-0.46,-0.49,-0.66,-0.69,-0.75
2015-05-01,-1.6,-0.78,-0.44,-0.32,-0.32,-0.81,-0.6,-1.47,-0.92,-1.19,-0.86,-0.78,-0.76,-1.38,-0.84,-0.36,-0.25,-0.79,-1.51,-0.64,-1.29,-1.32,-1.0,-2.19,-0.98,-1.07,-1.35,-1.16,-0.23,-0.4,-0.43,-0.22,-0.28,-0.41,-1.81,-1.66,-1.82,-1.81,-0.94,-0.86,-0.57,-0.63,-0.54,-0.65,-0.55,-0.78,-1.36,-0.81,-1.58,-0.44,-0.47,-0.5,-0.34,-0.54,-0.36,-0.32,-0.31,-0.69,-0.74,-0.44,-0.57,-0.42,-0.34,-0.61,-0.62,-0.67
2015-06-01,-1.85,-1.02,-0.76,-0.58,-0.63,-0.93,-0.78,-1.6,-1.02,-1.36,-1.07,-1.02,-0.95,-1.51,-0.98,-0.68,-0.63,-0.96,-1.65,-0.9,-1.38,-1.42,-1.1,-2.29,-1.1,-1.14,-1.45,-1.24,-0.68,-0.74,-0.76,-0.68,-0.66,-0.72,-1.9,-1.75,-1.92,-1.9,-1.05,-0.97,-0.74,-0.78,-0.69,-0.75,-0.76,-0.9,-1.44,-1.05,-1.81,-0.75,-0.77,-0.77,-0.62,-0.79,-0.61,-0.59,-0.59,-0.84,-0.98,-0.69,-0.79,-0.64,-0.67,-0.85,-0.88,-0.96
2015-07-01,-1.98,-1.17,-0.9,-0.66,-0.72,-1.04,-0.87,-1.73,-1.09,-1.5,-1.22,-1.17,-1.08,-1.64,-1.04,-0.86,-0.69,-1.07,-1.78,-0.98,-1.49,-1.55,-1.0,-2.36,-1.19,-1.18,-1.58,-1.28,-0.76,-0.82,-0.88,-0.73,-0.73,-0.84,-2.02,-1.84,-2.04,-2.02,-1.18,-1.04,-0.84,-0.86,-0.82,-0.81,-0.87,-1.01,-1.53,-1.2,-2.01,-0.86,-0.82,-0.92,-0.74,-0.91,-0.76,-0.73,-0.69,-0.96,-1.14,-0.8,-0.85,-0.72,-0.79,-0.98,-1.01,-1.12
2015-08-01,-2.1,-1.28,-1.04,-0.74,-0.83,-1.032439024390244,-0.8372357723577236,-1.85,-1.22,-1.61,-1.35,-1.31,-1.2,-1.76,-1.11,-0.99,-0.75,-1.2,-1.85,-1.04,-1.64,-1.72,-1.06,-2.41,-1.27,-1.23,-1.68,-1.33,-0.86,-0.94,-0.95,-0.84,-0.84,-1.0,-2.12,-1.91,-2.17,-2.13,-1.3,-1.11,-0.96,-0.99,-0.99,-0.87,-1.0,-1.11,-1.64,-1.33,-2.19,-1.03,-1.05,-1.06,-0.86,-1.05,-0.91,-0.89,-0.84,-1.07,-1.23,-0.92,-1.01,-0.87,-0.88,-1.1,-1.15,-1.22
2015-09-01,-2.22,-1.4,-0.9591304347826087,-0.91,-0.93,,,-1.8095652173913044,-1.23,-1.74,-1.47,-1.42,-1.32,-1.88,-1.18,-1.08,-0.77,-1.33,-1.92,-1.1,-1.77,-1.83,-1.05,-2.46,-1.36,-1.29,-1.79,-1.41,-0.95,-1.05,-1.03,-0.95,-0.94,-1.07,-2.22,-1.95,-2.29,-2.23,-1.44,-1.0,-1.08,-1.13,-1.08,-0.93,-1.13,-1.19,-1.73,-1.47,-2.33,-1.15,-1.17,-0.9723913043478262,-0.98,-1.17,-1.04,-1.0,-0.95,-1.17,-1.28,-1.02,-1.1,-0.96,-1.0,-1.21,-1.24,-1.33
2015-10-01,-2.27,-1.45,,-0.91,-0.96,,,,-1.23,-1.6908196721311475,-1.54,-1.44,-1.39,-1.860327868852459,-1.16,-1.0,-0.55,-1.41,-1.92,-0.99,-1.87,-1.77,-1.19,-2.48,-1.4,-1.25,-1.89,-1.38,-0.79,-0.99,-0.81,-0.79,-0.82,-0.8880327868852459,-2.3,-2.04,-2.41,-2.34,-1.52,-1.0,-1.17,-1.21,-1.16,-0.9,-1.21,-1.22,-1.7054098360655738,-1.47,-2.34,-1.2,-1.19,,-1.03,-1.24,-1.09,-1.06,-0.96,-1.17,-1.03,-0.98,-1.04,-0.93,-0.97,-1.2,-1.26,-1.26
2015-11-01,-1.86,-1.05,-0.8,-0.51,-0.55,-1.01,-0.74,-1.73,-1.03,-1.64,-1.14,-1.03,-1.02,-1.84,-0.82,-0.45,0.03,-1.2,-1.58,-0.53,-1.5345901639344262,-1.581967213114754,-1.18,-2.34,-1.1,-1.09,-1.76,-1.2,-0.17,-0.57,-0.24,-0.21,-0.35,-0.7,-2.18,-1.85,-2.29,-2.21,-1.38,-0.78,-0.88,-0.88,-0.83,-0.63,-0.79,-0.9,-1.68,-1.07,-1.86,-0.78,-0.69,-0.8,-0.62,-0.85,-0.67,-0.66,-0.56,-0.82,-0.71,-0.59,-0.66,-0.54,-0.47,-0.79,-0.87,-0.8
2015-12-01,-0.89,-0.06,0.01,0.02,0.0,-0.03,0.08,-0.92,-0.37,-0.85,-0.2,-0.06,-0.03,-1.13,-0.06,0.27,0.27,-0.32,-0.16,-0.03,-1.21,-1.4,-0.5,-1.69,-0.31,-0.5,-1.03,-0.61,0.04,0.24,0.35,0.02,0.24,0.17,-1.44,-1.15,-1.59,-1.52,-0.75,-0.1,-0.08,-0.2,0.01,0.13,-0.05,-0.13,-0.94,-0.1,-0.86,0.02,0.1,0.22,0.11,0.25,0.2,0.32,0.27,0.11,0.28,0.16,0.45,0.18,0.14,-0.11,0.11,-0.08
2016-01-01,-0.86,-0.15,0.01,0.02,0.01,0.05,0.09,-0.71,-0.3,-0.68,-0.23,-0.17,0.14,-0.78,-0.02,0.18,0.22,-0.16,-0.11,0.18,-0.86,-0.88,-0.38,-1.58,-0.12,-0.45,-0.81,-0.41,0.03,0.34,0.3,0.02,0.17,0.19,-1.21,-1.02,-1.32,-1.24,-0.41,-0.02,0.05,-0.2,0.01,0.59,-0.05,0.15,-0.68,-0.19,-0.8,0.03,0.21,0.2,0.13,0.28,0.17,0.32,0.25,0.24,0.26,0.1,0.45,0.17,0.14,-0.11,0.16,-0.12
2016-02-01,-0.83,0.0,0.03,0.03,0.03,0.13,0.11,-0.47,-0.24,-0.36,-0.02,-0.03,0.24,-0.59,0.03,0.21,0.24,-0.1,-0.15,0.22,-0.66,-0.46,-0.21,-1.61,-0.05,-0.47,-0.65,-0.37,0.05,0.38,0.25,0.04,0.17,0.19,-1.11,-1.01,-1.16,-1.14,-0.19,-0.02,0.1,-0.17,0.02,0.57,-0.03,0.24,-0.58,-0.07,-0.76,0.04,0.11,0.2,0.15,0.3,0.2,0.32,0.28,0.27,0.27,0.11,0.47,0.19,0.16,-0.08,0.18,-0.02
2016-03-01,-1.0,-0.19,-0.02,0.03,0.02,0.06,0.1,-0.72,-0.41,-0.44,-0.24,-0.23,0.17,-0.62,-0.18,0.1,0.03,-0.12,-0.5,0.1,-0.6,-0.32,-0.46,-1.71,-0.13,-0.6,-0.7,-0.53,0.0,0.31,0.13,0.01,0.06,0.06,-1.17,-1.12,-1.14,-1.18,-0.24,-0.1,0.06,-0.19,0.01,0.27,-0.07,0.15,-0.69,-0.27,-0.97,0.01,0.05,0.02,0.1,0.24,0.15,0.25,0.23,0.15,0.11,0.08,0.44,0.16,0.13,-0.12,0.01,-0.13
2016-04-01,-1.11,-0.27,-0.07,0.02,0.01,0.0,0.08,-0.79,-0.46,-0.48,-0.32,-0.33,0.01,-0.67,-0.3,-0.03,-0.12,-0.15,-0.77,-0.09,-0.53,-0.25,-0.51,-1.78,-0.36,-0.66,-0.74,-0.62,-0.07,0.23,-0.23,-0.07,-0.02,-0.22,-1.2,-1.18,-1.13,-1.21,-0.28,-0.23,0.04,-0.2,0.03,0.12,-0.01,0.04,-0.75,-0.36,-1.12,-0.02,-0.02,-0.11,0.05,0.02,-0.08,0.18,0.1,0.02,0.01,0.02,0.31,0.06,0.03,-0.17,-0.13,-0.21
2016-05-01,-1.37,-0.56,-0.38,-0.33,-0.4,-0.26,-0.28,-0.98,-0.61,-0.73,-0.59,-0.59,-0.41,-0.89,-0.5,-0.37,-0.42,-0.35,-1.11,-0.4,-0.67,-0.45,-0.67,-1.9,-0.56,-0.79,-0.88,-0.76,-0.44,-0.02,-0.58,-0.44,-0.41,-0.39,-1.36,-1.32,-1.29,-1.36,-0.47,-0.43,-0.15,-0.3,-0.16,-0.3,-0.35,-0.25,-0.91,-0.62,-1.4,-0.39,-0.36,-0.38,-0.24,-0.28,-0.21,-0.13,-0.21,-0.29,-0.62,-0.24,-0.34,-0.22,-0.25,-0.39,-0.43,-0.53
2016-06-01,-1.4,-0.55,-0.35,-0.01,-0.04,-0.28,-0.26,-1.09,-0.68,-0.77,-0.61,-0.62,-0.39,-1.02,-0.57,-0.42,-0.33,-0.41,-1.26,-0.34,-0.77,-0.56,-0.71,-2.02,-0.65,-0.86,-1.01,-0.88,-0.4206552262090484,-0.12,-0.58,-0.27,-0.31,-0.32,-1.5,-1.43,-1.4,-1.48,-0.55,-0.47,-0.16,-0.29,-0.25,-0.44,-0.33,-0.36,-1.05,-0.66,-1.55,-0.32,-0.37,-0.4,-0.05,-0.28,-0.21,-0.16,-0.12,-0.35,-0.55,-0.38,-0.37,-0.2,-0.24,-0.42,-0.45,-0.47
2016-07-01,-1.57,-0.77,-0.59,-0.39,-0.47,-0.55,-0.48,-1.26,-0.79,-0.96,-0.82,-0.81,-0.65,-1.17,-0.73,-0.59,-0.48,-0.63,-1.39,-0.63,-0.87,-0.75,-0.87,-2.1,-0.82,-0.95,-1.12,-1.01,,-0.48,-0.58,-0.54,-0.49,-0.59,-1.61,-1.53,-1.52,-1.58,-0.7,-0.58,-0.4,-0.53,-0.45,-0.57,-0.54,-0.58,-1.17,-0.84,-1.69,-0.56,-0.61,-0.6,-0.43,-0.52,-0.42,-0.37,-0.35,-0.56,-0.77,-0.46,-0.57,-0.43,-0.46,-0.63,-0.65,-0.72
2016-08-01,-1.66,-0.86,-0.68,-0.45,-0.51,-0.7,-0.6,-1.4,-0.87,-1.08,-0.91,-0.88,-0.77,-1.3,-0.83,-0.63,-0.45,-0.78,-1.48,-0.68,-1.0,-0.93,-0.95,-2.18,-0.96,-1.01,-1.25,-1.1,,-0.51,-0.67,-0.53,-0.51,-0.68,-1.74,-1.63,-1.64,-1.71,-0.83,-0.69,-0.54,-0.66,-0.58,-0.67,-0.62,-0.72,-1.3,-0.9,-1.79,-0.65,-0.7,-0.71,-0.49,-0.64,-0.53,-0.48,-0.45,-0.69,-0.79,-0.51,-0.61,-0.48,-0.51,-0.68,-0.73,-0.78
2016-09-01,-1.78,-0.95,-0.77,-0.54,-0.58,-0.86,-0.67,-1.51,-0.89,-1.2,-1.0,-0.98,-0.86,-1.4,-0.87,-0.7,-0.48,-0.87,-1.53,-0.76,-1.09,-1.08,-1.02,-2.22,-1.01,-1.03,-1.34,-1.15,,-0.64,-0.7411475409836066,-0.61,-0.6,-0.75,-1.83,-1.69,-1.73,-1.8,-0.93,-0.59,-0.65,-0.73,-0.66,-0.68,-0.7,-0.8,-1.38,-1.01,-1.87,-0.74,-0.79,-0.78,-0.58,-0.74,-0.63,-0.56,-0.53,-0.75,-0.91,-0.62,-0.7,-0.57,-0.61,-0.79,-0.83,-0.88
2016-10-01,-1.88,-1.07,-0.88,-0.62,-0.66,-0.94,-0.76,-1.61,-1.01,-1.3,-1.13,-1.09,-0.97,-1.49,-0.95,-0.81,-0.59,-0.8,-1.61,-0.85,-1.22,-1.28,-1.09,-2.28,-1.11,-1.1,-1.44,-1.23,,-0.74,-0.81,-0.7,-0.68,-0.85,-1.91,-1.75,-1.84,-1.88,-1.04,-0.79,-0.76,-0.82,-0.76,-0.73,-0.8,-0.9,-1.46,-1.11,-1.98,-0.84,-0.84,-0.9,-0.69,-0.87,-0.74,-0.68,-0.63,-0.84,-0.99,-0.7,-0.79,-0.64,-0.68,-0.88,-0.92,-0.98
2016-11-01,-1.78,-0.86,-0.71,-0.44,-0.48,-0.83,-0.65,-1.46,-0.93,-1.19,-0.92,-0.87,-0.81,-1.45,-0.78,-0.52,-0.29,-0.9,-1.47,-0.63,-1.13,-1.35,-1.03,-2.25,-1.0,-1.08,-1.36,-1.17,,-0.55,-0.49,-0.43,-0.36,-0.65,-1.83,-1.67,-1.78,-1.81,-1.01,-0.69,-0.68,-0.73,-0.66,-0.65,-0.66,-0.78,-1.41,-0.9,-1.77,-0.68,-0.69,-0.7,-0.52,-0.7,-0.53,-0.49,-0.46,-0.61,-0.78,-0.52,-0.61,-0.48,-0.49,-0.69,-0.74,-0.8
2016-12-01,-1.72,-0.89,-0.71,-0.49,-0.52,-0.89,-0.69,-1.55,-0.97,-1.29,-0.95,-0.9,-0.86,-1.47,-0.86,-0.52,-0.3,-0.94,-1.47,-0.66,-1.32,-1.45,-1.06,-2.27,-1.02,-1.08,-1.43,-1.14,,-0.57,-0.52,-0.45,-0.44,-0.63,-1.88,-1.71,-1.88,-1.88,-1.03,-0.72,-0.71,-0.76,-0.66,-0.67,-0.68,-0.85,-1.41,-0.93,-1.74,-0.68,-0.67,-0.72,-0.56,-0.75,-0.58,-0.52,-0.49,-0.75,-0.8,-0.53,-0.64,-0.48,-0.51,-0.71,-0.76,-0.8
2017-01-01,-1.6099999999999999,-0.79,-0.62,-0.33,-0.355,-0.8099999999999999,-0.59,-1.4849999999999999,-0.9199999999999999,-1.2349999999999999,-0.86,-0.79,-0.77,-1.445,-0.7849999999999999,-0.39,-0.125,-0.865,-1.43,-0.525,-1.33,-1.46,-1.0150000000000001,-2.25,-0.95,-1.05,-1.42,-1.0899999999999999,,-0.38,-0.365,-0.255,-0.275,-0.5,-1.875,-1.69,-1.87,-1.88,-1.0050000000000001,-0.6699999999999999,-0.635,-0.6699999999999999,-0.5900000000000001,-0.615,-0.585,-0.78,-1.4,-0.825,-1.65,-0.555,-0.52,-0.605,-0.43500000000000005,-0.645,-0.475,-0.42,-0.365,-0.6799999999999999,-0.675,-0.41000000000000003,-0.53,-0.375,-0.4,-0.59,-0.645,-0.66
2017-02-01,-1.5,-0.69,-0.53,-0.17,-0.19,-0.73,-0.49,-1.42,-0.87,-1.18,-0.77,-0.68,-0.68,-1.42,-0.71,-0.26,0.05,-0.79,-1.39,-0.39,-1.34,-1.47,-0.97,-2.23,-0.88,-1.02,-1.41,-1.04,,-0.19,-0.21,-0.06,-0.11,-0.37,-1.87,-1.67,-1.86,-1.88,-0.98,-0.62,-0.56,-0.58,-0.52,-0.56,-0.49,-0.71,-1.39,-0.72,-1.56,-0.43,-0.37,-0.49,-0.31,-0.54,-0.37,-0.32,-0.24,-0.61,-0.55,-0.29,-0.42,-0.27,-0.29,-0.47,-0.53,-0.52
2017-03-01,-1.38,-0.56,-0.28,0.01,0.0,-0.64,-0.41,-1.37,-0.78,-1.09,-0.63,-0.55,-0.56,-1.29,-0.64,-0.1,0.08,-0.67,-1.3,-0.28,-1.21,-1.3,-0.88,-2.11,-0.77,-0.94,-1.26,-0.97,,-0.08,-0.12,-0.02,-0.04,-0.17,-1.72,-1.55,-1.74,-1.73,-0.85,-0.53,-0.46,-0.44,-0.38,-0.45,-0.35,-0.62,-1.25,-0.58,-1.41,-0.26,-0.24,-0.34,-0.15,-0.41,-0.21,-0.16,-0.1,-0.5,-0.45,-0.14,-0.3,-0.12,-0.15,-0.33,-0.38,-0.38
2017-04-01,-1.7,-0.91,-0.61,-0.44,-0.48,-0.83,-0.66,-1.5,-0.95,-1.27,-0.94,-0.89,-0.83,-1.41,-0.85,-0.46,-0.41,-0.86,-1.5,-0.68,-1.31,-1.33,-1.03,-2.23,-0.97,-1.04,-1.39,-1.06,,-0.52,-0.58,-0.41,-0.46,-0.53,-1.83,-1.68,-1.85,-1.84,-0.96,-0.7,-0.62,-0.67,-0.58,-0.64,-0.62,-0.79,-1.36,-0.91,-1.65,-0.59,-0.57,-0.63,-0.46,-0.67,-0.49,-0.44,-0.44,-0.73,-0.82,-0.51,-0.62,-0.48,-0.5,-0.67,-0.72,-0.79
2017-05-01,-1.88,-1.12,-0.82,-0.61,-0.65,-0.97,-0.8,-1.67,-1.04,-1.43,-1.12,-1.09,-1.01,-1.57,-0.97,-0.7,-0.59,-1.02,-1.65,-0.89,-1.45,-1.49,-1.15,-2.32,-1.11,-1.13,-1.54,-1.15,,-0.75,-0.79,-0.65,-0.64,-0.75,-1.98,-1.79,-2.0,-1.99,-1.14,-0.81,-0.79,-0.83,-0.75,-0.75,-0.79,-0.94,-1.5,-1.13,-1.86,-0.8,-0.8,-0.83,-0.67,-0.84,-0.67,-0.64,-0.63,-0.87,-1.08,-0.7,-0.8,-0.67,-0.69,-0.9,-0.92,-0.99
2017-06-01,-1.87,-1.06,-0.81,-0.57,-0.61,-1.0,-0.83,-1.69,-1.05,-1.43,-1.1,-1.06,-1.0,-1.61,-0.96,-0.64,-0.5,-1.04,-1.65,-0.79,-1.51,-1.5,-1.17,-2.32,-1.13,-1.12,-1.55,-1.17,,-0.64,-0.69,-0.52,-0.53,-0.7651219512195122,-2.01,-1.8,-2.03,-2.01,-1.17,-0.76,-0.8,-0.79,-0.77,-0.7,-0.79,-0.96,-1.53,-1.09,-1.87,-0.78,-0.76,-0.81,-0.61,-0.84,-0.66,-0.65,-0.59,-0.88,-0.98,-0.67,-0.77,-0.61,-0.64,-0.86,-0.91,-1.0560655737704918
2017-07-01,-2.03,-1.21,-1.01,-0.72,-0.76,-1.1,-0.7947058823529412,-1.82,-1.14,-1.57,-1.25,-1.21,-1.14,-1.72,-1.04,-0.83,-0.55,-1.15,-1.75,-0.97,-1.49,-1.61,-1.24,-2.33,-1.19,-1.2,-1.66,-1.24,,-0.87,-0.8,-0.69,-0.74,,-2.1,-1.88,-2.14,-2.12,-1.28,-0.87,-0.88,-0.94,-0.89,-0.82,-0.93,-1.05,-1.62,-1.24,-2.04,-0.93,-0.95,-0.96,-0.79,-1.0,-0.82,-0.79,-0.75,-0.95,-1.13,-0.82,-0.91,-0.78,-0.81,-0.99,-1.06,-1.12
2017-08-01,-2.12,-1.31,-1.0167391304347826,-0.82,-0.87,-1.2,,-1.815,-1.22,-1.75,-1.37,-1.3,-1.26,-1.84,-1.11,-0.96,-0.74,-1.28,-1.92,-1.05,-1.73,-1.76,-1.34,-2.48,-1.28,-1.29,-1.77,-1.35,,-0.94,-0.71,-0.85,-0.82,,-2.2,-1.98,-2.26,-2.21,-1.38,-0.95,-1.04,-1.0,-1.0,-0.91,-1.05,-1.19,-1.74,-1.34,-2.17,-1.07,-1.06,-0.9199999999999999,-0.9,-1.1,-0.94,-0.92,-0.87,-1.0,-1.21,-0.92,-1.0,-0.89,-0.91,-1.09,-1.16,-1.23
2017-09-01,-2.03,-1.24,,-0.67,-0.7,-1.12,,-1.81,-1.23,-1.76,-1.3,-1.19,-1.2,-1.87,-1.03,-0.66,-0.41,-1.25,-1.69,-0.84,-1.8,-1.86,-1.36,-2.49,-1.24,-1.31,-1.82,-1.3,,-0.76,-0.62,-0.55,-0.58,-0.81,-2.24,-1.99,-2.32,-2.27,-1.44,-0.95,-1.0,-1.0,-0.89,-0.77,-0.89,-1.02,-1.75,-1.22,-1.92,-0.91,-0.88,-0.88,-0.73,-0.96,-0.75,-0.76,-0.7,-0.98,-0.99,-0.73,-0.82,-0.67,-0.71,-0.92,-0.98,-1.01
2017-10-01,-2.06,-1.26,-1.03,-0.75,-0.79,-1.19,,-1.6968852459016395,-1.24,-1.83,-1.36,-1.24,-1.25,-1.93,-1.07,-0.69,-0.37,-1.31,-1.74,-0.87,-1.7459016393442623,-1.93,-1.36,-2.49,-1.27,-1.3,-1.87,-1.34,,-0.83,-0.61,-0.6,-0.84,-0.87,-2.29,-2.02,-2.4,-2.33,-1.51,-0.98,-1.07,-1.1,-0.99,-0.8,-1.0,-1.08,-1.79,-1.27,-1.96,-0.98,-0.91,-0.94,-0.82,-1.03,-0.82,-0.84,-0.79,-1.0,-0.99,-0.79,-0.87,-0.74,-0.78,-0.97,-1.04,-1.06
2017-11-01,-1.7,-0.89,-0.64,-0.4,-0.41,-0.87,-0.65,-1.58,-0.93,-1.43,-0.98,-0.88,-0.9,-1.64,-0.75,-0.19,0.07,-0.99,-1.39,-0.39,-1.69,-1.77,-1.1,-2.24,-0.94,-1.04,-1.56,-1.15,,-0.39,-0.17,-0.16,-0.17,-0.49,-2.0,-1.69,-2.1,-2.02,-1.25,-0.71,-0.75,-0.75,-0.63,-0.52,-0.6,-0.74,-1.52,-0.87,-1.55,-0.62,-0.57,-0.53,-0.4,-0.64,-0.42,-0.47,-0.39,-0.66,-0.59,-0.38,-0.48,-0.34,-0.38,-0.57,-0.65,-0.12
2017-12-01,-1.46,-0.6,-0.31,0.01,-0.02,-0.68,-0.43,-1.39,-0.83,-1.29,-0.72,-0.59,-0.66,-1.49,-0.61,0.05,0.2,-0.76,-1.26,-0.18,-1.56,-1.63,-0.98,-2.2,-0.75,-0.98,-1.47,-1.01,,-0.07,0.17,-0.02,0.0,-0.14,-1.91,-1.63,-2.0,-1.94,-1.09,-0.53,-0.53,-0.52,-0.42,-0.42,-0.35,-0.59,-1.38,-0.62,-1.35,-0.3,-0.25,-0.28,-0.13,-0.4,-0.16,-0.22,-0.19,-0.49,-0.39,-0.12,-0.17,-0.1,-0.11,-0.32,-0.39,-0.35
2018-01-01,-1.28,-0.5,-0.21,-0.01,-0.01,-0.58,-0.39,-1.3,-0.77,-1.14,-0.54,-0.44,-0.55,-1.35,-0.55,0.11,0.18,-0.66,-1.18,-0.15,-1.42,-1.41,-0.9,-2.11,-0.4,-0.91,-1.35,-0.95,,-0.03,0.28,-0.02,0.01,0.0,-1.79,-1.53,-1.88,-1.83,-0.96,-0.47,-0.43,-0.39,-0.31,-0.35,-0.25,-0.49,-1.24,-0.46,-1.2,-0.22,-0.15,-0.17,-0.06,-0.28,-0.05,-0.07,-0.03,-0.38,-0.39,-0.03,-0.18,0.0,-0.03,-0.23,-0.28,-0.32
2018-02-01,-1.35,-0.55,-0.17,-0.01,-0.06,-0.51,-0.32,-1.22,-0.74,-1.0,-0.59,-0.52,-0.55,-1.18,-0.6,0.06,-0.02,-0.52,-1.2,-0.29,-1.21,-1.02,-0.86,-2.04,-0.65,-0.86,-1.19,-0.92,-0.04,0.02,0.18,-0.06,0.0,0.04,-1.61,-1.45,-1.7,-1.67,-0.81,-0.39,-0.29,-0.2,-0.12,-0.34,-0.23,-0.45,-1.07,-0.55,-1.2,-0.18,-0.06,-0.16,0.0,-0.23,-0.02,-0.02,-0.01,-0.36,-0.52,-0.07,-0.25,-0.03,-0.06,-0.23,-0.28,-0.39
2018-03-01,-1.31,-0.49,-0.16,0.0,-0.06,-0.48,-0.33,-1.18,-0.71,-0.88,-0.54,-0.47,-0.5,-1.11,-0.56,0.03,-0.09,-0.54,-1.12,-0.29,-1.12,-0.78,-0.79,-2.02,-0.63,-0.85,-1.14,-0.88,-0.04,0.06,-0.13,-0.08,0.01,0.05,-1.57,-1.42,-1.62,-1.63,-0.71,-0.47,-0.27,-0.27,-0.07,-0.37,-0.19,-0.44,-1.07,-0.5,-1.18,-0.16,-0.04,-0.16,0.02,-0.18,0.01,0.02,0.01,-0.34,-0.5,-0.04,-0.18,0.0,-0.02,-0.23,-0.27,-0.36
2018-04-01,-1.39,-0.58,-0.24,-0.13,-0.18,-0.53,-0.4,-1.25,-0.75,-0.88,-0.6,-0.57,-0.55,-1.13,-0.65,-0.18,-0.19,-0.56,-1.25,-0.43,-1.07,-0.69,-0.82,-2.06,-0.71,-0.9,-1.15,-0.94,-0.17,-0.09,-0.33,-0.21,-0.16,0.0,-1.61,-1.47,-1.61,-1.64,-0.72,-0.58,-0.32,-0.35,-0.24,-0.48,-0.33,-0.52,-1.11,-0.6,-1.3,-0.16,-0.16,-0.25,-0.1,-0.27,-0.09,-0.1,-0.1,-0.43,-0.59,-0.2,-0.34,-0.17,-0.13,-0.37,-0.38,-0.48
2018-05-01,-1.65,-0.85,-0.55,-0.42,-0.48,-0.74,-0.61,-1.42,-0.93,-1.11,-0.87,-0.84,-0.78,-1.31,-0.81,-0.5,-0.49,-0.76,-1.48,-0.72,-1.17,-0.86,-1.01,-2.22,-0.93,-1.06,-1.31,-1.1,-0.53,-0.54,-0.67,-0.51,-0.49,-0.49,-1.77,-1.64,-1.74,-1.79,-0.9,-0.71,-0.56,-0.59,-0.47,-0.63,-0.56,-0.72,-1.27,-0.87,-1.56,-0.53,-0.54,-0.53,-0.4,-0.52,-0.36,-0.37,-0.39,-0.61,-0.81,-0.49,-0.61,-0.47,-0.49,-0.65,-0.66,-0.73
2018-06-01,-1.91,-1.09,-0.9,-0.64,-0.7,-0.92,-0.78,-1.59,-1.07,-1.34,-1.12,-1.09,-1.02,-1.5,-0.98,-0.81,-0.76,-0.96,-1.65,-0.95,-1.33,-1.07,-1.14,-2.35,-1.097704918032787,-1.19,-1.47,-1.23,-0.74,-0.8,-0.94,-0.94,-0.95,-0.49890560875512996,-1.91,-1.77,-1.92,-1.92,-1.06,-0.85,-0.73,-0.8,-0.71,-0.78,-0.8,-0.88,-1.41,-1.12,-1.86,-0.82,-0.87,-0.81,-0.66,-0.77,-0.65,-0.65,-0.65,-0.85,-0.99,-0.75,-0.85,-0.59,-0.75,-0.91,-0.94,-1.02
2018-07-01,-2.11,-1.28,-0.8745098039215686,-0.74,-0.77,-0.9814754098360656,-0.87,-1.77,-1.17,-1.55,-1.34,-1.31,-1.16,-1.7,-1.1,-1.04,-0.83,-1.1,-1.84,-1.07,-1.48,-1.32,-1.17,-2.46,-1.26,-1.26,-1.63,-1.32,-0.93,-0.9,-1.06,-0.91,-0.89,,-2.06,-1.92,-2.08,-2.07,-1.23,-0.91,-0.88,-0.9,-0.9,-0.88,-0.95,-1.01,-1.56,-1.35,-2.16,-1.03,-0.94,-1.05,-0.78,-0.99,-0.81,-0.88,-0.82,-1.0,-1.27,-0.94,-0.98,-0.81,-0.91,-1.09,-1.16,-1.26
2018-08-01,-2.25,-1.39,,-0.92,-0.96,,-0.8195934959349593,-1.7598913043478261,-1.25,-1.69,-1.47,-1.46,-1.32,-1.84,-1.2,-1.16,-0.91,-1.28,-2.01,-1.16,-1.61,-1.56,-1.35,-2.52,-1.37,-1.33,-1.75,-1.4,-1.04,-1.05,-1.14,-1.04,-1.01,,-2.19,-2.01,-2.21,-2.18,-1.39,-1.04,-1.05,-1.1,-1.07,-0.97,-1.13,-1.19,-1.72,-1.48,-2.35,-1.18,-1.21,-0.9794308943089431,-0.99,-1.14,-1.05,-1.01,-0.99,-1.19,-1.35,-1.06,-1.11,-0.99,-1.03,-1.14,-1.28,-1.37
2018-09-01,-2.15,-1.34,,-0.85,-0.91,,,,-1.27,-1.6849180327868851,-1.42,-1.31,-1.29,-1.93,-1.12,-1.01,-0.66,-1.34,-1.9,-1.03,-1.71,-1.71,-1.32,-2.5098360655737704,-1.38,-1.34,-1.83,-1.41,-0.84,-0.97,-0.89,-0.84,-0.82,,-2.23,-2.03,-2.31,-2.45,-1.46,-1.05,-1.11,-1.12,-1.11,-0.96,-1.14,-1.18,-1.78,-1.34,-2.26,-1.11,-1.13,,-0.98,-1.17,-1.01,-0.97,-0.92,-1.14,-1.16,-0.8,-1.02,-0.75,-0.88,-1.13,-1.18,-1.2
2018-10-01,-2.11,-1.3,,-0.82,-0.87,-1.17,,-1.74,-1.21,-1.68,-1.41,-1.3,-1.26,-1.89,-1.09,-0.88,-0.57,-1.26,-1.79,-0.94,-1.77,-1.85,-1.37,-2.5,-1.26,-1.27,-1.77,-1.37,-0.78,-0.9,-0.79,-0.81,-0.76,,-2.2,-1.95,-2.3,-2.25,-1.45,-0.96,-1.06,-0.94,-0.98,-0.82,-1.02,-1.07,-1.61,-1.33,-2.1,-1.07,-1.06,,-0.89,-1.08,-0.89,-0.89,-0.83,-1.01,-1.1,-0.89,-0.95,-0.82,-0.84,-0.95,-1.08,-1.12
2018-11-01,-1.86,-1.04,-0.77,-0.49,-0.51,-0.94,-0.67,-1.67,-1.0,-1.53,-1.15,-1.03,-1.03,-1.74,-0.85,-0.47,-0.11,-1.05,-1.55,-0.51,-1.62,-1.79,-1.15,-2.31,-1.04,-1.09,-1.61,-1.2,-0.3,-0.53,-0.38,-0.29,-0.39,,-2.03,-1.77,-2.13,-2.08,-1.3,-0.73,-0.81,-0.82,-0.75,-0.59,-0.74,-0.86,-1.44,-1.06,-1.81,-0.74,-0.76,-0.77,-0.58,-0.81,-0.64,-0.62,-0.53,-0.77,-0.71,-0.54,-0.64,-0.49,-0.54,-0.74,-0.82,-0.77
2018-12-01,-1.63,-0.8,-0.53,-0.35,-0.38,-0.78,-0.56,-1.43,-0.87,-1.34,-0.88,-0.77,-0.82,-1.56,-0.68,-0.21,-0.08,-0.87,-1.34,-0.33,-1.5,-1.64,-1.0,-2.19,-0.86,-0.99,-1.45,-1.09,-0.13,-0.34,-0.22,-0.19,-0.22,,-1.86,-1.61,-1.96,-1.93,-1.15,-0.59,-0.63,-0.67,-0.5,-0.45,-0.53,-0.67,-1.27,-0.8,-1.49,-0.46,-0.48,-0.52,-0.4,-0.6,-0.39,-0.34,-0.31,-0.56,-0.57,-0.29,-0.43,-0.27,-0.29,-0.25,-0.55,-0.56
2019-01-01,-1.72,-0.91,-0.6,-0.32,-0.37,-0.82,-0.64,-1.57,-0.99,-1.44,-0.96,-0.86,-0.93,-1.6,-0.84,-0.33,-0.13,-0.9,-1.51,-0.42,-1.53,-1.64,-1.12,-2.3,-0.97,-1.12,-1.55,-1.19,-0.21,-0.32,-0.33,-0.24,-0.29,,-1.98,-1.75,-2.06,-2.0,-1.16,-0.67,-0.67,-0.69,-0.61,-0.59,-0.58,-0.78,-1.43,-0.89,-1.57,-0.61,-0.56,-0.57,-0.43,-0.64,-0.45,-0.47,-0.38,-0.69,-0.65,-0.34,-0.51,-0.33,-0.35,-0.55,-0.63,-0.59
2019-02-01,-1.74,-0.95,-0.6,-0.34,-0.38,-0.88,-0.68,-1.59,-1.01,-1.42,-0.99,-0.91,-0.91,-1.6,-0.89,-0.34,-0.23,-0.94,-1.53,-0.51,-1.61,-1.66,-1.25,-2.3,-1.02,-1.13,-1.56,-1.23,-0.25,-0.39,-0.43,-0.28,-0.35,,-1.99,-1.77,-2.09,-2.03,-1.19,-0.78,-0.7,-0.69,-0.62,-0.58,-0.6,-0.79,-1.43,-0.93,-1.6,-0.59,-0.58,-0.6,-0.4,-0.66,-0.46,-0.47,-0.4,-0.74,-0.72,-0.44,-0.58,-0.4,-0.43,-0.61,-0.68,-0.68
2019-03-01,-1.58,-0.78,-0.45,-0.31,-0.37,-0.73,-0.69,-1.4,-0.89,-1.26,-0.82,-0.73,-0.77,-1.46,-0.77,-0.23,-0.22,-0.78,-1.38,-0.45,-1.44,-1.45,-1.0,-2.24,-0.87,-1.07,-1.38,-1.17,-0.22,-0.32,-0.3,-0.27,-0.24,,-1.8,-1.63,-1.92,-1.87,-1.07,-0.7,-0.55,-0.59,-0.43,-0.48,-0.47,-0.63,-1.25,-0.77,-1.42,-0.45,-0.41,-0.45,-0.32,-0.52,-0.31,-0.28,-0.28,-0.56,-0.64,-0.31,-0.44,-0.29,-0.32,-0.46,-0.54,-0.58
2019-04-01,-1.66,-0.88,-0.48,-0.26,-0.31,-0.79,-0.61,-1.54,-1.0,-1.37,-0.93,-0.83,-0.86,-1.54,-0.84,-0.27,-0.18,-0.84,-1.48,-0.53,-1.48,-1.42,-1.1,-2.3,-0.97,-1.15,-1.5,-1.21,-0.18,-0.3,-0.35,-0.3,-0.27,,-1.93,-1.74,-2.01,-1.97,-1.11,-0.75,-0.62,-0.62,-0.56,-0.6,-0.52,-0.76,-1.4,-0.86,-1.5,-0.48,-0.47,-0.49,-0.32,-0.52,-0.32,-0.36,-0.31,-0.69,-0.68,-0.36,-0.5,-0.34,-0.37,-0.53,-0.57,-0.59
2019-05-01,-1.91,-1.08,-0.7,-0.45,-0.49,-0.97,-0.79,-1.7,-1.15,-1.53,-1.13,-1.07,-1.03,-1.68,-1.01,-0.53,-0.47,-1.06,-1.65,-0.72,-1.64,-1.55,-1.2,-2.43,-1.14,-1.27,-1.64,-1.33,-0.46,-0.53,-0.64,-0.47,-0.52,,-2.07,-1.86,-2.15,-2.11,-1.27,-0.85,-0.78,-0.73,-0.69,-0.71,-0.69,-0.91,-1.53,-1.1,-1.73,-0.69,-0.67,-0.69,-0.5,-0.74,-0.56,-0.59,-0.54,-0.83,-0.95,-0.6,-0.72,-0.55,-0.57,-0.76,-0.83,-0.87
2019-06-01,-2.01,-1.2,-0.6898913043478261,-0.64,-0.68,-1.07,-0.7879738562091504,-1.7101307189542483,-1.24,-1.64,-1.25,-1.18,-1.17,-1.79,-1.09,-0.77,-0.57,-1.13,-1.72,-0.91,-1.74,-1.65,-1.31,-2.51,-1.24,-1.34,-1.75,-1.38,-0.67,-0.75,-0.78,-0.69,-0.69,,-2.18,-1.96,-2.26,-2.21,-1.36,-1.0,-0.9,-0.92,-0.82,-0.82,-0.86,-1.01,-1.53,-1.21,-1.83,-0.87,-0.87,-0.82,-0.69,-0.87,-0.71,-0.73,-0.68,-0.95,-1.06,-0.73,-0.86,-0.71,-0.73,-0.92,-0.96,-1.01
2019-07-01,-2.2,-1.38,,-0.68,-0.73,-1.21,,,-1.33,-1.620327868852459,-1.4,-1.34,-1.32,-1.92,-1.21,-0.9,-0.71,-1.28,-1.79,-0.92,-1.747843137254902,-1.81,-1.39,-2.485409836065574,-1.18,-1.39,-1.85,-1.44,-0.8,-0.76,-0.91,-0.79,-0.79,,-2.29,-2.08,-2.37,-2.31,-1.49,-1.0,-1.05,-0.94,-0.93,-0.82,-0.91,-1.11,,-1.4,-2.04,-1.03,-1.02,-1.03,-0.75,-1.03,-0.77,-0.91,-0.8,-1.07,-1.19,-0.79,-0.95,-0.68,-0.77,-0.99,-1.09,-1.13
2019-08-01,-2.32,-1.49,,-0.9,-0.93,-1.39,,,-1.36,,-1.5,-1.47,-1.44,-1.94,-1.25,-1.01,-0.78,-1.4,-1.6922826086956522,-1.07,,-1.92,-1.49,,-1.44,-1.38,-1.95,-1.45,-0.95,-0.99,-0.99,-0.93,-0.93,,-2.43,-2.1,-2.48,-2.41,-1.6,-1.1,-1.21,-1.16,-1.1,-0.96,-1.07,-1.21,,-1.52,-2.19,-1.16,-1.16,-0.9289130434782609,-0.94,-1.14,-0.97,-1.03,-0.94,-1.29,-1.24,-0.97,-1.08,-0.94,-0.97,-1.16,-1.23,-1.26
2019-09-01,-2.39,-1.58,,-0.77,-0.79,-1.33,,,-1.35,,-1.61,-1.56,-1.48,-1.94,-1.16,-0.94,-0.46,-1.42,,-0.9,,-1.914918032786885,-1.49,,-1.41,-1.36,-2.03,-1.45,-0.7,-0.83,-0.73,-0.72,-0.78,,-2.44,-2.15,-2.57,-2.49,-1.68,-0.99,-1.16,-1.07,-1.07,-0.85,-1.01,-1.19,,-1.58,-2.25,-1.13,-1.08,,-0.84,-1.15,-1.0,-1.05,-0.95,-1.16,-1.12,-0.87,-0.96,-0.81,-0.84,-1.07,-1.17,-1.13
2019-10-01,-1.92,-1.12,,-0.56,-0.59,-0.99,-0.78,-1.75,-1.08,,-1.21,-1.05,-1.12,-1.94,-0.86,-0.42,-0.18,-1.15,-1.5,-0.56,,,-1.27,-2.41,-1.13,-1.18,-1.79,-1.24,-0.31,-0.59,-0.35,-0.37,-0.41,,-2.23,-1.82,-2.4,-2.3,-1.48,-0.82,-0.93,-0.93,-0.79,-0.62,-0.79,-0.85,-1.53,-1.08,-1.74,-0.81,-0.8,-0.73,-0.61,-0.79,-0.62,-0.69,-0.55,-0.67,-0.74,-0.55,-0.63,-0.51,-0.54,-0.76,-0.83,-0.8
2019-11-01,-1.76,-0.92,-0.64,-0.33,-0.36,-0.83,-0.64,-1.63,-0.95,,-1.05,-0.9,-0.98,-1.75,-0.57,-0.22,-0.09,-0.97,-1.37,-0.35,-1.78,,-1.13,-2.29,-0.92,-1.08,-1.65,-1.13,-0.13,-0.35,-0.24,-0.22,-0.25,,-2.04,-1.72,-2.23,-2.11,-1.35,-0.68,-0.74,-0.69,-0.55,-0.44,-0.61,-0.7,-1.4,-0.94,-1.5,-0.58,-0.54,-0.5,-0.39,-0.6,-0.39,-0.45,-0.34,-0.59,-0.57,-0.33,-0.44,-0.29,-0.32,-0.51,-0.59,-0.58
2019-12-01,-1.75,-0.93,-0.52,-0.3,-0.33,-0.78,-0.62,-1.53,-0.95,-1.52,-0.99,-0.87,-0.93,-1.69,-0.76,-0.19,-0.18,-0.89,-1.35,-0.37,-1.76,-1.9,-1.11,-2.25,-0.9,-1.06,-1.64,-1.09,-0.21,-0.32,-0.3,-0.27,-0.27,,-2.0,-1.69,-2.19,-2.1,-1.27,-0.69,-0.66,-0.63,-0.47,-0.39,-0.47,-0.64,-1.35,-0.9,-1.44,-0.52,-0.47,-0.37,-0.33,-0.54,-0.32,-0.39,-0.32,-0.54,-0.6,-0.31,-0.44,-0.27,-0.3,-0.48,-0.54,-0.56
2020-01-01,-1.53,-0.72,-0.28,-0.04,-0.05,-0.63,-0.48,-1.43,-0.88,-1.39,-0.79,-0.65,-0.77,-1.56,-0.66,0.06,0.06,-0.75,-1.21,-0.18,-1.66,-1.69,-1.05,-2.2,-0.78,-0.98,-1.49,-1.02,0.01,0.0,0.1,-0.02,-0.03,,-1.9,-1.61,-2.08,-1.98,-1.15,-0.53,-0.52,-0.47,-0.3,-0.34,-0.29,-0.53,-1.27,-0.69,-1.28,-0.33,-0.23,-0.19,-0.12,-0.32,-0.11,-0.17,-0.07,-0.41,-0.42,-0.04,-0.24,-0.02,-0.05,-0.23,-0.29,-0.32
2020-02-01,-1.07,-0.27,-0.01,0.02,0.01,-0.35,-0.2,-1.12,-0.69,-1.04,-0.35,-0.24,-0.36,-1.29,-0.4,0.22,0.31,-0.47,-0.42,-0.07,-1.03,-1.34,-0.82,-2.04,-0.23,-0.83,-1.28,-0.86,0.01,0.18,0.42,0.02,0.23,,-1.72,-1.4,-1.86,-1.78,-0.95,-0.42,-0.26,-0.24,-0.01,-0.07,-0.09,-0.28,-1.04,-0.26,-0.91,0.0,0.04,0.18,0.09,0.21,0.18,0.21,0.24,-0.08,0.01,0.09,0.43,0.11,0.12,-0.1,-0.01,-0.14
2020-03-01,-1.42,-0.63,-0.19,-0.09,-0.14,-0.45,-0.37,-1.2,-0.76,-1.06,-0.67,-0.59,-0.57,-1.24,-0.58,-0.07,-0.17,-0.56,-0.94,-0.31,-1.27,-1.05,-0.86,-2.09,-0.64,-0.94,-1.22,-0.97,-0.21,0.08,-0.22,-0.23,-0.1,,-1.65,-1.47,-1.78,-1.71,-0.86,-0.56,-0.27,-0.29,-0.04,-0.27,-0.19,-0.36,-1.08,-0.62,-1.13,-0.21,-0.05,-0.18,0.0,-0.15,-0.01,-0.04,-0.03,-0.25,-0.45,-0.03,0.19,0.09,0.0,-0.19,-0.25,-0.32
2020-04-01,-1.69,-0.87,-0.48,-0.25,-0.3,-0.66,-0.55,-1.41,-0.96,-1.27,-0.93,-0.87,-0.83,-1.44,-0.79,-0.46,-0.43,-0.71,-1.36,-0.56,-1.41,-1.14,-1.05,-2.25,-0.88,-1.11,-1.42,-1.1,-0.41,-0.28,-0.6,-0.42,-0.43,,-1.85,-1.65,-1.94,-1.89,-1.05,-0.72,-0.49,-0.49,-0.34,-0.45,-0.44,-0.57,-1.29,-0.91,-1.47,-0.47,-0.46,-0.43,-0.22,-0.41,-0.26,-0.33,-0.26,-0.52,-0.67,-0.37,-0.49,-0.31,-0.35,-0.51,-0.55,-0.6
2020-05-01,-1.92,-1.11,-0.84,-0.62,-0.62,-0.85,-0.75,-1.6,-1.11,-1.47,-1.17,-1.1,-1.02,-1.6,-0.96,-0.74,-0.7,-0.92,-1.6,-0.84,-1.52,-1.31,-1.2,-2.37,-1.09,-1.21,-1.57,-1.24,-0.74,-0.66,-0.86,-0.73,-0.71,-0.7,-2.0,-1.79,-2.08,-2.03,-1.19,-0.87,-0.69,-0.73,-0.62,-0.64,-0.7,-0.76,-1.45,-1.13,-1.76,-0.75,-0.78,-0.71,-0.52,-0.65,-0.55,-0.59,-0.56,-0.75,-0.93,-0.65,-0.75,-0.61,-0.63,-0.81,-0.85,-0.9
2020-06-01,-2.07,-1.25,-1.0,-0.62,-0.65,-0.99,-0.84,-1.75,-1.2,-1.62,-1.32,-1.29,-1.16,-1.76,-1.07,-0.89,-0.68,-1.05,-1.74,-0.88,-1.63,-1.46,-1.3,-2.45,-1.22,-1.27,-1.68,-1.34,-0.78,-0.71,-0.91,-0.77,-0.79,-0.86,-2.12,-1.89,-2.2,-2.14,-1.31,-0.94,-0.81,-0.82,-0.76,-0.76,-0.82,-0.9,-1.59,-1.3,-1.96,-0.89,-0.92,-0.88,-0.63,-0.81,-0.71,-0.76,-0.67,-0.89,-1.08,-0.77,-0.87,-0.72,-0.76,-0.95,-0.9,-1.05
2020-07-01,-2.01,-1.16,-0.97,-0.62,-0.66,-1.0,-0.88,-1.6024590163934427,-1.34,-1.65,-1.29,-1.18,-1.17,-1.86,-1.07,-0.76,-0.47,-1.13,-1.7,-0.87,-1.74,-1.61,-1.35,-2.52,-1.26,-1.33,-1.79,-1.39,-0.65,-0.74,-0.73,-0.65,-0.66,-0.84,-2.21,-1.99,-2.36,-2.24,-1.4,-0.99,-0.89,-0.89,-0.83,-0.8,-0.85,-0.97,-1.72,-1.21,-1.92,-0.87,-0.91,-0.63,-0.67,-0.83,-0.92,-0.74,-0.66,-0.81,-1.06,-0.75,-0.81,-0.68,-0.72,-0.92,-0.85,-0.99
2020-08-01,-1.66,-0.86,-0.63,-0.34,-0.35,-0.71,-0.59,-1.45,-0.97,-1.34,-0.98,-0.85,-0.85,-1.65,-0.73,-0.35,-0.14,-0.9,-1.32,-0.36,-1.66,-1.55,-1.13,-2.34,-0.95,-1.1,-1.52,-1.13,-0.23,-0.1,-0.3,-0.3,-0.24,-0.51,-2.06,-1.73,-2.13,-2.07,-1.2,-0.77,-0.66,-0.68,-0.55,-0.49,-0.55,-0.6,-1.37,-0.87,-1.57,-0.58,-0.6,-0.28,-0.34,-0.5,-0.56,-0.42,-0.28,-0.57,-0.66,-0.33,-0.39,-0.29,-0.32,-0.53,-0.59,-0.58
2020-09-01,-1.9,-1.1,-0.74,-0.2,-0.24,-0.9,-0.71,-1.64,-1.06,-1.54,-1.16,-1.07,-1.03,-1.69,-0.92,-0.51,-0.3,-0.94,-1.5,-0.47,-1.59,-1.65,-1.18,-2.33,-1.04,-1.14,-1.6,-1.2,-0.33,-0.36,-0.51,-0.33,-0.4,-0.54,-2.02,-1.77,-2.14,-2.06,-1.24,-0.75,-0.68,-0.58,-0.56,-0.44,-0.57,-0.73,-1.45,-1.1,-1.73,-0.71,-0.63,-0.7,-0.42,-0.69,-0.55,-0.56,-0.4,-0.69,-0.75,-0.42,-0.46,-0.35,-0.37,-0.61,-0.71,-0.75
2020-10-01,-1.58,-0.75,-0.29,0.02,0.02,-0.58,-0.41,-1.52,-0.93,-1.39,-0.88,-0.74,-0.75,-1.63,-0.61,-0.12,0.12,-0.7,-1.22,-0.12,-1.62,-1.66,-1.07,-2.28,-0.84,-1.07,-1.58,-1.1,0.01,-0.02,-0.09,0.02,-0.03,-0.11,-2.0,-1.72,-2.12,-2.06,-1.18,-0.59,-0.46,-0.33,-0.33,-0.3,-0.21,-0.53,-1.38,-0.77,-1.47,-0.21,-0.22,-0.31,0.01,-0.33,-0.17,-0.23,0.01,-0.43,-0.27,-0.03,-0.17,0.0,-0.03,-0.26,-0.33,-0.22
2020-11-01,-1.11,-0.53,-0.18,0.01,-0.02,-0.47,-0.37,-1.25,-0.81,-1.13,-0.64,-0.53,-0.59,-1.37,-0.61,0.08,0.03,-0.56,-0.99,-0.14,-1.38,-1.34,-0.91,-2.12,-0.72,-0.95,-1.32,-0.97,-0.01,0.08,0.16,-0.06,0.04,-0.06,-1.75,-1.49,-1.87,-1.82,-0.98,-0.42,-0.32,-0.27,-0.06,-0.18,-0.15,-0.39,-1.14,-0.56,-1.22,-0.17,-0.1,-0.11,-0.05,-0.24,-0.02,-0.05,0.05,-0.25,-0.37,-0.01,0.23,-0.1,0.01,-0.16,-0.17,-0.23
2020-12-01,-0.89,-0.09,0.03,0.03,0.03,-0.04,0.06,-0.95,-0.6,-0.69,-0.17,-0.1,0.02,-1.01,-0.32,0.25,0.35,-0.2,-0.15,-0.05,-1.13,-0.92,-0.68,-1.94,-0.45,-0.78,-1.03,-0.81,0.04,0.32,0.38,0.02,0.34,0.31,-1.49,-1.25,-1.6,-1.57,-0.71,-0.3,0.02,-0.19,0.01,0.06,-0.04,-0.1,-0.85,-0.13,-0.78,0.03,0.11,0.3,0.13,0.28,0.22,0.33,0.27,0.23,0.36,0.11,0.46,0.24,0.15,-0.07,0.17,-0.09
2021-01-01,-0.8,-0.01,0.03,0.03,0.03,-0.15,0.175,-0.56,-0.37,-0.24,0.03,-0.04,0.3,-0.48,-0.1,0.26,0.35,-0.1,-0.14,0.06,-0.71,-0.24,-0.43,-1.8,-0.21,-0.58,-0.71,-0.61,0.04,0.39,0.36,0.02,0.34,0.26,-1.16,-1.01,-1.17,-1.22,-0.25,-0.16,0.1,-0.02,-0.09,0.33,-0.03,0.2,-0.57,-0.02,-0.57,0.03,0.13,0.32,0.14,0.28,0.25,0.35,-0.18,0.32,0.46,0.14,0.49,0.27,0.18,-0.06,0.22,-0.08
2021-02-01,-0.81,0.01,0.03,0.04,0.04,0.39,0.29,-0.42,-0.25,0.0,0.03,-0.05,0.4,0.14,0.02,0.27,0.32,-0.09,-0.16,0.28,-0.21,0.21,-0.31,-1.62,-0.07,-0.5,-0.43,-0.45,0.04,0.4,0.36,0.02,0.31,0.21,-0.97,-0.87,-0.86,-0.99,0.02,0.04,0.12,-0.14,0.05,0.53,-0.02,0.39,-0.42,-0.03,-0.54,0.04,0.13,0.4,0.14,0.28,0.25,0.34,0.29,0.32,0.29,0.13,0.49,0.27,0.18,-0.05,0.23,-0.05
2021-03-01,-0.88,-0.03,0.03,0.04,0.02,0.24,0.17,-0.45,-0.32,-0.03,-0.05,-0.14,0.4,-0.13,-0.14,0.14,0.1,-0.08,-0.23,0.24,-0.04,0.23,-0.32,-1.62,-0.13,-0.53,-0.39,-0.45,0.03,0.35,0.21,0.02,0.13,0.09,-0.91,-0.98,-0.71,-0.93,0.05,0.02,0.12,-0.17,0.05,0.73,-0.06,0.39,-0.48,-0.17,-0.78,0.04,0.08,0.14,0.12,0.27,0.15,0.31,0.24,0.25,0.23,0.11,0.46,0.24,0.15,-0.1,0.08,-0.11
2021-04-01,-1.21,-0.4,-0.23,-0.09,-0.04,-0.02,0.06,-0.73,-0.52,-0.39,-0.4,-0.47,0.07,-0.46,-0.37,-0.31,-0.34,-0.13,-0.91,-0.07,-0.25,0.0,-0.53,-1.83,-0.38,-0.72,-0.62,-0.69,-0.33,0.17,-0.46,-0.27,-0.26,-0.2,-1.13,-1.18,-0.95,-1.12,-0.07,-0.23,0.07934426229508197,-0.19,0.0,0.27,-0.14,0.08,-0.71,-0.5,-1.17,-0.19,-0.17,-0.23,0.0,-0.13,-0.07,0.05,-0.05,-0.06,-0.38,-0.05,0.22,0.0,-0.02,-0.23,-0.3,-0.31
2021-05-01,-1.01,-0.19,-0.12,-0.02,-0.07,-0.02,0.05,-0.71,-0.5,-0.27,-0.24,-0.26,0.21,-0.48,-0.38,0.02,-0.17,-0.15,-0.74,-0.14,-0.18,-0.14,-0.5,-1.82,-0.45,-0.71,-0.53,-0.76,-0.1,0.16,-0.18,-0.17,0.0,-0.07,-1.07,-1.12,-0.86,-1.04,-0.08,-0.3,0.04,-0.23,0.01,-0.03,-0.15,-0.04,-0.66,-0.28,-1.14,-0.07,-0.07,-0.11,0.05,0.01,0.04,0.19,0.1,-0.05,-0.21,-0.02,0.27,0.0,0.02,-0.2,-0.17,-0.3
2021-06-01,-1.43,-0.58,-0.5,-0.35,-0.43,-0.34,-0.31,-0.96,-0.69,-0.63,-0.63,-0.71,-0.4,-0.75,-0.66,-0.54,-0.52,-0.4,-1.23,-0.53,-0.45,-0.3,-0.7,-1.99,-0.66,-0.89,-0.8,-0.95,-0.54,-0.34,-0.68,-0.54,-0.47,-0.48,-1.29,-1.35,-1.14,-1.27,-0.36,-0.52,-0.19,-0.35,-0.26,-0.37,-0.41,-0.35,-0.89,-0.68,-1.5,-0.46,-0.5,-0.49,-0.28,-0.43,-0.31,-0.23,-0.28,-0.39,-0.69,-0.38,-0.46,-0.29475409836065575,-0.35,-0.53,-0.56,-0.61
2021-07-01,-1.68,-0.86,-0.75,-0.53,-0.58,-0.6,-0.49,-1.19,-0.83,-0.89,-0.89,-0.93,-0.64,-1.05,-0.85,-0.79,-0.67,-0.62,-1.52,-0.75,-0.64,-0.57,-0.84,-2.01,-0.87,-1.01,-0.98,-1.11,-0.74,-0.64,-0.87,-0.72,-0.66,-0.73,-1.44,-1.49,-1.35,-1.46,-0.58,-0.7,-0.42,-0.57,-0.51,-0.59,-0.65,-0.59,-1.1,-0.95,-1.78,-0.7,-0.77,-0.76,-0.52,-0.66,-0.58,-0.5,-0.53,-0.64,-0.94,-0.64,-0.72,-0.58,-0.62,-0.81,-0.84,-0.91
2021-08-01,-1.8,-0.99,-0.89,-0.67,-0.72,-0.76,-0.65,-1.35,-0.93,-1.04,-1.03,-1.06,-0.8,-1.23,-0.94,-0.92,-0.72,-0.81,-1.66,-0.9,-0.79,-0.78,-0.96,-2.22,-1.03,-1.09,-1.14,-1.23,-0.84,-0.78,-0.95,-0.83,-0.78,-0.88,-1.69,-1.49,-1.51,-1.59,-0.74,-0.82,-0.59,-0.74,-0.69,-0.69,-0.81,-0.76,-1.25,-1.08,-1.98,-0.84,-0.92,-0.91,-0.68,-0.82,-0.75,-0.64,-0.67,-0.79,-1.05,-0.78,-0.83,-0.71,-0.74,-0.94,-0.97,-1.04
2021-09-01,-1.74,-0.91,-0.82,-0.49,-0.54,-0.75,-0.57,-1.43,-0.99,-1.06,-0.99,-0.99,-0.76,-1.34,-0.91,-0.84,-0.44,-0.85,-1.62,-0.68,-0.94,-0.98,-1.0,-2.31,-1.14,-1.17,-1.28,-1.3,-0.6,-0.61,-0.71,-0.6,-0.59,-0.79,-1.8,-1.71,-1.63,-1.74,-0.84,-0.78,-0.61,-0.72,-0.72,-0.72,-0.75,-0.81,-1.36,-1.02,-2.05,-0.77,-0.82,-0.84,-0.58,-0.8,-0.75,-0.6,-0.58,-0.77,-0.91,-0.65,-0.73,-0.58,-0.62,-0.87,-0.85,-0.96
2021-10-01,-1.0,-0.15,-0.02,0.03,0.03,-0.32,0.06,-0.98,-0.54,-0.49,-0.24,-0.22,-0.03,-0.92,-0.48,-0.03,0.28,-0.36,-1.07,-0.05,-0.66,-0.62,-0.66,-2.05,-0.62,-0.84,-0.88,-0.96,0.01,0.08,0.2,0.02,0.1,-0.07,-1.46,-1.36,-1.27,-1.34,-0.48,-0.38,-0.13,-0.25,-0.24,-0.24,-0.2,-0.34,-0.94,-0.25,-1.44,0.02,-0.18,-0.16,0.05,-0.18,-0.05,0.03,0.2,-0.3,-0.09,0.01,0.14,0.04,0.09,-0.25,-0.23,-0.12
2021-11-01,-1.21,-0.35,-0.15,0.0,-0.05,-0.43,-0.22,-1.03,-0.61,-0.68,-0.47,-0.42,-0.31,-0.9,-0.6,-0.13,-0.07,-0.38,-1.12,-0.27,-0.59,-0.65,-0.64,-1.91,-0.67,-0.81,-0.88,-0.98,-0.04,0.02,-0.22,0.02,-0.01,-0.17,-1.3,-1.22,-1.26,-1.35,-0.47,-0.41,-0.14,-0.22,-0.09,-0.25,-0.22,-0.39,-0.9,-0.44,-1.38,-0.1,-0.16,-0.23,-0.13,-0.33,-0.18,0.01,-0.02,-0.31,-0.41,-0.06,-0.2,0.0,-0.04,-0.24,-0.28,-0.32
2021-12-01,-0.81,-0.11,0.01,0.04,0.03,0.04,0.08,-0.79,-0.5,-0.32,-0.04,-0.03,0.13,-0.7,-0.39,0.16,0.32,-0.2,-0.75,-0.06,-0.51,-0.45,-0.5,-1.95,-0.47,-0.81,-0.78,-0.85,0.01,0.17,0.33,0.02,0.19,0.14,-1.33,-1.33,-1.11,-1.26,-0.3,-0.32,0.03,-0.18,0.01,-0.07,-0.06,-0.24,-0.83,-0.05,-1.1,0.02,0.05,0.2,0.06,0.06,0.13,0.27,0.28,0.04,-0.03,0.03,0.38,0.14,0.08,-0.13,0.05,-0.05
2022-01-01,-1.16,-0.34,-0.12,-0.04,-0.09,-0.36,-0.23,-0.95,-0.59,-0.56,-0.39,-0.38,-0.1,-0.74,-0.47,-0.11,-0.16,-0.3,-0.94,-0.31,-0.49,-0.41,-0.63,-1.91,-0.59,-0.82,-0.81,-0.96,-0.16,0.09,-0.16,-0.18,-0.02,-0.19,-1.28,-1.15,-1.19,-1.24,-0.35,-0.42,-0.07,-0.22,-0.02,-0.24,-0.19,-0.35,-0.87,-0.41,-1.22,-0.09,-0.04,-0.22,-0.03,-0.21,-0.05,0.13,0.02,-0.19,-0.42,-0.02,0.19,0.03,0.0,-0.21,-0.24,-0.29
2022-02-01,-0.91,-0.07,0.0,0.02,0.03,-0.26,-0.07,-0.87,-0.57,-0.43,-0.12,-0.14,-0.07,-0.66,-0.54,-0.01,0.13,-0.22,-0.79,-0.13,-0.48,-0.26,-0.6,-1.91,-0.61,-0.8,-0.75,-0.93,0.02,0.13,0.22,0.02,0.12,-0.02,-1.27,-1.24,-1.1,-1.24,-0.31,-0.42,-0.02,-0.2,0.0,-0.23,-0.12,-0.31,-0.85,-0.18,-1.1,0.02,0.03,0.0,0.05,-0.01,0.09,0.25,0.17,-0.1,-0.16,0.02,0.31,0.05,0.03,-0.16,-0.06,-0.14
2022-03-01,-1.28,-0.47,-0.15,-0.18,-0.23,-0.5,-0.38,-1.04,-0.71,-0.6,-0.48,-0.49,-0.32,-0.82,-0.7,-0.27,-0.29,-0.42,-1.13,-0.49,-0.58,-0.37,-0.73,-2.02,-0.77,-0.89,-0.89,-1.04,-0.34,-0.11,-0.4,-0.29,-0.21,-0.22,-1.38,-1.37,-1.23,-1.35,-0.42,-0.61,-0.32,-0.32,-0.17,-0.38,-0.32,-0.49,-0.96,-0.53,-1.33,-0.25,-0.19,-0.27,-0.15,-0.32,-0.17,-0.03,-0.12,-0.35,-0.55,-0.2,-0.31,-0.16,-0.18,-0.34,-0.37,-0.48
2022-04-01,-1.44,-0.63,-0.46,-0.31,-0.36,-0.63,-0.5,-1.15,-0.79,-0.75,-0.65,-0.67,-0.51,-0.98,-0.81,-0.43,-0.38,-0.58,-1.33,-0.66,-0.71,-0.58,-0.82,-2.1,-0.9,-0.96,-1.01,-1.12,-0.41,-0.41,-0.54,-0.43,-0.41,-0.43,-1.59,-1.51,-1.36,-1.47,-0.56,-0.68,-0.36,-0.45,-0.34,-0.52,-0.45,-0.6,-1.11,-0.7,-1.48,-0.43,-0.45,-0.44,-0.27,-0.45,-0.3,-0.23,-0.26,-0.49,-0.67,-0.36,-0.46,-0.31,-0.33,-0.51,-0.55,-0.63
2022-05-01,-1.52,-0.7,-0.55,-0.36,-0.41,-0.73,-0.58,-1.28,-0.84,-0.85,-0.74,-0.74,-0.6,-1.09,-0.89,-0.53,-0.43,-0.69,-1.45,-0.72,-0.8,-0.64,-0.89,-2.14,-1.0,-1.01,-1.1,-1.18,-0.48,-0.5,-0.62,-0.5,-0.43,-0.52,-1.6,-1.56,-1.44,-1.56,-0.65,-0.75,-0.49,-0.59,-0.48,-0.6,-0.55,-0.7,-1.21,-0.78,-1.57,-0.54,-0.57,-0.51,-0.38,-0.52,-0.38,-0.33,-0.34,-0.61,-0.77,-0.48,-0.56,-0.41,-0.46,-0.63,-0.64,-0.7
2022-06-01,-1.81,-1.0,-0.81,-0.61,-0.54,-0.95,-0.77,-1.53,-1.0,-1.11,-1.03,-1.06,-0.87,-1.33,-1.04,-0.79,-0.63,-0.92,-1.79,-0.91,-1.0,-0.94,-1.05,-2.28,-1.17,-1.13,-1.29,-1.3,-0.67,-0.68,-0.84,-0.69,-0.66,-0.77,-1.63,-1.55,-1.65,-1.76,-0.86,-0.89,-0.7,-0.72,-0.71,-0.72,-0.76,-0.9,-1.37,-1.02,-1.87,-0.77,-0.81,-0.79,-0.6,-0.8,-0.68,-0.61,-0.51,-0.87,-1.05,-0.7,-0.79,-0.63,-0.67,-0.87,-0.91,-1.01
2022-07-01,-2.01,-1.19,-1.03,-0.71,-0.74,-1.11,-1.0,-1.69,-1.13,-1.33,-1.23,-1.26,-1.01,-1.49,-1.14,-1.03,-0.79,-1.08,-1.84,-1.07,-1.19,-1.18,-1.18,-2.39,-1.27,-1.24,-1.43,-1.41,-0.9,-0.89,-1.02,-0.86,-0.81,-0.87,-1.96,-1.74,-1.84,-1.9,-1.04,-0.95,-0.84,-0.87,-0.89,-0.82,-0.94,-1.0,-1.51,-1.22,-2.11,-0.98,-0.98,-0.97,-0.78,-1.0,-0.88,-0.8,-0.79,-0.99,-1.24,-0.89,-0.98,-0.8,-0.83,-1.06,-1.11,-1.2
2022-08-01,-2.13,-1.31,-0.9669918699186992,-0.92,-0.96,-1.25,-0.9294308943089431,-1.6572357723577236,-1.23,-1.52,-1.36,-1.36,-1.19,-1.67,-1.24,-1.15,-0.85,-1.24,-1.99,-1.17,-1.37,-1.42,-1.29,-2.49,-1.41,-1.31,-1.59,-1.5,-0.97,-1.05,-1.1,-0.97,-0.97,-0.8296747967479675,-2.07,-1.7223577235772358,-2.0,-2.04,-1.21,-1.08,-1.02,-1.1,-1.06,-0.94,-1.13,-1.18,-1.6,-1.41,-2.31,-1.07,-1.17,-0.9095121951219511,-0.96,-1.16,-1.04,-0.94,-0.96,-1.15,-1.34,-1.02,-1.11,-0.97,-1.0,-1.21,-1.26,-1.34
2022-09-01,-2.23,-1.43,,-1.01,-1.04,-1.37,,,-1.29,-1.64,-1.46,-1.46,-1.29,-1.8,-1.3,-1.21,-0.78,-1.37,-2.08,-1.22,-1.53,-1.64,-1.36,-2.51,-1.47,-1.31,-1.71,-1.52,-1.01,-1.13,-1.05,-1.03,-1.01,,-2.05,,-2.13,-2.14,-1.33,-1.02,-1.14,-1.22,-1.2,-0.97,-1.24,-1.28,-1.75,-1.51,-2.43,-1.23,-1.27,,-1.06,-1.29,-1.05,-1.08,-1.04,-1.25,-1.4,-1.15,-1.18,-0.9039344262295081,-1.09,-1.1540983606557378,-1.36,-1.4
2022-10-01,-2.15,-1.35,,-0.89,-0.92,-1.35,,,-1.19,-1.69,-1.42,-1.32,-1.28,-1.89,-1.16,-0.93,-0.4,-1.4,-1.85,-0.91,-1.6,-1.84,-1.35,-2.43,-1.43,-1.23,-1.78,-1.42,-0.73,-0.93,-0.74,-0.73,-0.74,,-2.0057377049180327,,-2.21,-2.22,-1.43,-0.9,-1.17,-1.19,-1.13,-0.79,-1.13,-1.16,-1.77,-1.34,-2.22,-1.14,-1.13,,-1.02,-1.27,-1.09,-0.98,-0.92,-1.09,-1.11,-0.9,-0.96,-0.84,-0.88,-1.1,-1.19,-1.17
2022-11-01,-2.26,-1.41,-0.78,-0.54,-0.57,-0.97,-0.72,-1.56,-0.91,-1.39,-1.04,-0.92,-0.9,-1.64,-0.86,-0.44,-0.1,-1.05,-1.49,-0.48,-1.55,-1.77,-1.07,-2.21,-1.1,-1.01,-1.51,-1.23,-0.29,-0.56,-0.35,-0.33,-0.4,-0.71,-1.96,-1.67,-2.04,-1.99,-1.19,-0.78,-0.82,-0.86,-0.75,-0.52,-0.77,-0.83,-1.37,-0.95,-1.78,-0.76,-0.77,-0.73,-0.62,-0.82,-0.66,-0.59,-0.55,-0.73,-0.67,-0.52,-0.6,-0.48,-0.52,-0.73,-0.81,-0.77
2023-01-01,-1.4,-0.61,-0.26,-0.37423913043478263,-0.19,-0.57,-0.37,-1.2,-0.72,-1.09,-0.69,-0.57,-0.58,-1.24,-0.62,-0.03,-0.02,-0.59,-1.18,-0.28,-1.17,-1.28,-0.81,-1.99,-0.68,-0.87,-1.17,-1.01,-0.13,-0.02,-0.03,-0.13,-0.02,-0.2,-1.58,-1.58,-1.69,-1.66,-0.89,-0.61,-0.4,-0.36,-0.22,-0.26,-0.31,-0.4,-1.04,-0.58,-1.3,-0.35,-0.14,-0.29,-0.17,-0.4,-0.21,-0.11,-0.13,-0.35,-0.46,-0.12,-0.24,-0.08,-0.12,-0.29,-0.35,-0.38
2023-02-01,-1.58,-0.78,-0.47,-0.29,-0.33,-0.72,-0.55,-1.39,-0.89,-1.25,-0.83,-0.74,-0.75,-1.37,-0.79,-0.34,-0.25,-0.78,-1.5,-0.44,-1.31,-1.4,-0.97,-2.17,-0.9,-1.04,-1.37,-1.16,-0.32,-0.31,-0.42,-0.32,-0.3,-0.38,-1.77,-1.6,-1.84,-1.81,-0.95,-0.67,-0.55,-0.58,-0.42,-0.46,-0.71,-0.61,-1.25,-0.78,-1.46,-0.49,-0.45,-0.44,-0.31,-0.52,-0.32,-0.3,-0.29,-0.49,-0.65,-0.32,-0.47,-0.3,-0.34,-0.48,-0.53,-0.56
2023-03-01,-1.23,-0.42,-0.04,0.03,0.02,-0.56,-0.32,-1.24,-0.8,-1.03,-0.53,-0.39,-0.42,-1.24,-0.64,0.06,0.09,-0.56,-1.2,-0.16,-1.29,-1.29,-0.91,-2.1,-0.79,-0.92,-1.24,-1.03,0.01,-0.02,0.16,0.01,0.04,-0.09,-1.72,-1.51,-1.78,-1.75,-0.89,-0.52,-0.34,-0.3,-0.25,-0.3,-0.18,-0.45,-1.23,-0.45,-1.25,0.0,-0.11,-0.1,0.01,-0.28,-0.05,0.03,0.02,-0.38,-0.31,-0.02,-0.2,0.0,-0.02,-0.21,-0.21,-0.19
2023-04-01,-1.49,-0.68,-0.37,-0.24,-0.28,-0.68,-0.52,-1.33,-0.85,-1.09,-0.74,-0.66,-0.65,-1.27,-0.78,-0.33,-0.23,-0.67,-1.36,-0.47,-1.27,-1.18,-0.94,-2.11,-0.87,-0.95,-1.28,-1.05,-0.27,-0.26,-0.34,-0.3,-0.23,-0.29,-1.72,-1.55,-1.78,-1.77,-0.9,-0.71,-0.46,-0.51,-0.37,-0.49,-0.41,-0.59,-1.2,-0.69,-1.37,-0.36,-0.34,-0.32,-0.23,-0.39,-0.21,-0.18,-0.2,-0.52,-0.63,-0.27,-0.4,-0.23,-0.27,-0.43,-0.46,-0.52
2023-05-01,-1.75,-0.93,-0.65,-0.48,-0.52,-0.86,-0.72,-1.57,-1.02,-1.43,-0.98,-0.93,-0.88,-1.47,-0.95,-0.57,-0.54,-0.89,-1.5616393442622951,-0.8,-1.42,-1.34,-1.11,-2.27,-1.09,-1.12,-1.5,-1.25,-0.5552459016393443,-0.63,-0.67,-0.59,-0.56,-0.5752459016393443,-1.84,-1.72,-1.96,-1.91,-1.09,-0.83,-0.67,-0.71,-0.59,-0.62,-0.64,-0.77,-1.38,-0.96,-1.62,-0.62,-0.64,-0.54,-0.49,-0.64,-0.47,-0.45,-0.48,-0.42655737704918034,-0.88,-0.54,-0.68,-0.52,-0.53,-0.69,-0.75,-0.81
2023-06-01,-2.0,-1.19,-0.98,-0.73,-0.74,-1.01,-0.94,-1.67,-1.14,-1.53,-1.24,-1.2,-1.1,-1.66,-1.08,-0.9,-0.75,-1.03,-1.77,-0.98,-1.56,-1.48,-1.25,-2.38,-1.21,-1.21,-1.59,-1.32,-0.85,-0.85,-0.93,-0.83,-0.8,-0.87,-1.98,-1.76,-2.1,-2.05,-1.22,-0.98,-0.84,-0.87,-0.79,-0.79,-0.86,-0.92,-1.52,-1.24,-1.94,-0.89,-0.92,-0.88,-0.72,-0.89,-0.74,-0.75,-0.71,,-1.15,-0.81,-0.9,-0.76,-0.79,-0.99,-1.0,-1.08
2023-07-01,-1.94,-1.13,-0.95,-0.6,-0.59,-1.09,-0.9,-1.83,-1.25,-1.64,-1.19,-1.13,-1.09,-1.79,-1.07,-0.77,-0.41,-1.13,-1.75,-0.82,-1.68,-1.63,-1.29,-2.42,-1.27,-1.22,-1.7,-1.32,-0.57,-0.68,-0.67,-0.57,-0.6,-0.78,-2.07,-1.95,-2.22,-2.17,-1.33,-0.93,-0.89,-0.89,-0.87,-0.77,-0.85,-0.97,-1.66,-1.17,-1.94,-0.88,-0.86,-0.85,-0.61,-0.84,-0.71,-0.73,-0.65,,-1.05,-0.72,-0.81,-0.67,-0.7,-0.91,-0.95,-0.99
2023-08-01,-1.94,-1.15,-0.9,-0.64,-0.67,-1.09,-0.83,-1.74,-1.06,-1.53,-1.2,-1.13,-1.08,-1.72,-0.99,-0.72,-0.43,-1.11,-1.71,-0.84,-1.63,-1.64,-1.19,-2.3,-1.18,-1.12,-1.61,-1.28,-0.6,-0.75,-0.67,-0.6,-0.61,-0.81,-2.02,-1.81,-2.16,-2.12,-1.27,-0.88,-0.87,-0.91,-0.82,-0.75,-0.87,-0.92,-1.49,-1.16,-1.9,-0.87,-0.87,-0.84,-0.7,-0.9,-0.74,-0.71,-0.67,,-1.02,-0.75,-0.83,-0.69,-0.72,-0.92,-0.98,-1.02
2023-09-01,-1.72,-0.91,-0.66,-0.34,-0.33,-0.85,-0.62,-1.58,-0.94,-1.42,-1.02,-0.9,-0.88,-1.67,-0.84,-0.35,0.02,-0.94,-1.5,-0.48,-1.65,-1.67,-1.11,-2.22,-1.01,-1.01,-1.57,-1.11,-0.09,-0.39,-0.24,-0.12,-0.23,-0.49,-1.94,-1.72,-2.13,-2.06,-1.25,-0.72,-0.71,-0.71,-0.64,-0.52,-0.63,-0.74,-1.39,-0.92,-1.69,-0.63,-0.59,-0.54,-0.39,-0.65,-0.48,-0.3,-0.4,,-0.72,-0.5,-0.58,-0.43,-0.48,-0.68,-0.75,-0.74
2023-10-01,-1.49,-0.69,-0.33,-0.12,-0.19,-0.65,-0.44,-1.33,-0.72,-1.2,-0.76,-0.64,-0.67,-1.42,-0.62,-0.08,0.06,-0.7,-1.22,-0.28,-1.37,-1.4,-0.91,-1.95,-0.76,-0.76,-1.33,-0.94,-0.01,-0.19,-0.04,-0.04,-0.03,-0.21,-1.74,-1.45,-1.85,-1.78,-1.02,-0.49,-0.47,-0.45,-0.36,-0.29,-0.36,-0.53,-1.13,-0.68,-1.39,-0.32,-0.26,-0.31,-0.21,-0.45,-0.25,-0.18,-0.17,0.05,-0.52,-0.18,-0.3,-0.14,-0.17,-0.35,-0.4,-0.46
2023-11-01,-1.28,-0.49,-0.19,0.01,0.0,-0.56,-0.37,-1.24,-0.56,-1.04,-0.55,-0.45,-0.52,-1.29,-0.58,0.1,0.16,-0.59,-1.21,-0.19,-1.25,-1.2,-0.8,-2.01,-0.68,-0.78,-1.24,-0.88,-0.01,-0.09,0.18,-0.03,0.04,-0.02,-1.66,-1.41,-1.78,-1.71,-0.89,-0.49,-0.35,-0.32,-0.27,-0.21,-0.24,-0.41,-1.07,-0.48,-1.25,-0.18,-0.08,-0.14,-0.03,-0.26,-0.06,0.0,-0.01,0.05,-0.44,-0.05,-0.19,-0.05360655737704918,-0.05,-0.23,-0.28,-0.34
2023-12-01,-1.07,-0.26,0.0,0.0,0.01,-0.39,-0.17,-0.99,-0.61,-0.75,-0.33,-0.23,-0.15,-0.99,-0.38,0.18,0.25,-0.29,-0.45,-0.13,-1.05,-0.78,-0.64,-1.83,-0.51,-0.69,-0.99,-0.82,0.01,0.16,0.3,0.02,0.22,0.06,-1.43,-1.21,-1.53,-1.48,-0.65,-0.34,-0.09,-0.19,0.02,-0.06,-0.1,-0.12,-0.88,-0.26,-0.95,0.02,0.01,0.22,0.07,0.17,0.12,0.28,0.25,-0.07,-0.16,0.04,0.41,0.03,0.1,-0.12,0.0,-0.19
2024-01-01,-0.88,-0.09,0.01,0.03,0.02,0.0,0.06,-0.81,-0.43,-0.46,-0.09,-0.08,0.1,-0.81,-0.23,0.21,0.35,-0.18,-0.17,-0.05,-0.89,-0.49,-0.51,-1.76,-0.4,-0.62,-0.87,-0.72,0.02,0.25,0.33,0.02,0.32,0.08,-1.34,-1.18,-1.39,-1.36,-0.49,-0.25,0.03,-0.19,0.03,0.04,-0.05,-0.07,-0.76,-0.12,-0.81,0.03,0.13,0.26,0.13,0.28,0.2,0.33,0.27,0.15,0.11,0.1,0.46,0.08,0.15,-0.12,0.09,-0.11
2024-02-01,-0.8,-0.01,0.05,0.05,0.04,0.07,0.09,-0.57,-0.27,-0.14,0.03,0.0,0.18,-0.54,-0.14,0.23,0.45,-0.1,-0.14,-0.04,-0.6,0.06,-0.35,-1.63,-0.28,-0.51,-0.66,-0.63,0.02,0.35,0.35,0.04,0.38,0.16,-1.14,-1.05,-1.11,-1.16,-0.2,-0.13,0.07,-0.16,0.04,0.22,-0.03,0.09,-0.6,-0.03,-0.7,0.04,0.14,0.32,0.15,0.29,0.22,0.34,0.34,0.27,0.28,0.12,0.48,0.11,0.17,-0.07,0.19,-0.06
2024-03-01,-0.8,0.03,0.04,0.05,0.05,0.08,0.09,-0.55,-0.27,0.0,0.02,-0.03,0.37,-0.21,-0.12,0.19,0.29,-0.1,-0.16,-0.04,-0.34,0.28,-0.29,-1.59,-0.25,-0.53,-0.51,-0.47,0.05,0.37,0.33,0.04,0.37,0.16,-1.04,-1.11,-1.21,-1.04,-0.01,-0.06,0.07,-0.16,0.07,0.35,0.13,0.17,-0.53,-0.06,-0.76,0.04,0.14,0.32,0.15,0.29,0.2,0.44,-0.11,0.25,0.3,0.12,0.49,0.12,0.17,-0.06,0.2,0.12
2024-04-01,-0.94,-0.1,0.01,0.04,0.04,0.07,0.13,-0.57,-0.35,-0.14,-0.14,-0.24,0.28,-0.25,-0.18,0.05,0.01,-0.08,-0.6,-0.08,-0.15,0.24,-0.33,-1.61,-0.27,-0.49,-0.49,-0.57,0.0,0.3,-0.13,-0.01,0.06,0.04,-0.99,-1.18,-0.82,-0.99,0.03,-0.1,0.07,-0.14,0.06,0.28,-0.05,0.09,-0.56,-0.2,-0.94,0.02,0.03,0.01,0.07,0.11,0.08,0.25,-0.05,0.15,0.14,0.04,0.41,0.04,0.1,-0.13,0.0,-0.06
2024-05-01,-1.23,-0.4,-0.26,-0.11,-0.18,-0.15,-0.19,-0.82,-0.56,-0.46,-0.45,-0.47,0.04,-0.57,-0.45,-0.31,-0.29,-0.2,-1.0,-0.55,-0.35,-0.1,-0.56,-1.81,-0.56,-0.69,-0.69,-0.76,-0.38,0.15,-0.47,-0.32,-0.27,-0.25,-1.19,-1.23,-1.01,-1.19,-0.22,-0.36,0.01,-0.23,-0.04,-0.15,-0.21,-0.19,-0.79,-0.51,-1.26,-0.24,-0.18,-0.24,-0.05,-0.18,-0.13,0.01,-0.1,-0.15,-0.47,-0.07,-0.15,-0.01,-0.01,-0.24,-0.3,-0.4
2024-06-01,-1.54,-0.68,-0.57,-0.36,-0.42,-0.53,-0.42,-1.08,-0.72,-0.75,-0.66,-0.78,-0.49,-0.86,-0.72,-0.61,-0.58,-0.47,-1.35,-0.64,-0.67,-0.53,-0.73,-2.14,-0.72,-0.99,-0.86,-1.05,-0.57,-0.35,-0.74,-0.6,-0.53,-0.54,-1.31,-1.41,-1.26,-1.48,-0.48,-0.53,-0.26,-0.4,-0.34,-0.38,-0.44,-0.42,-0.99,-0.81,-1.58,-0.68,-0.57,-0.54,-0.3,-0.46,-0.39,-0.31,-0.35,-0.13929188255613126,-0.72,-0.42,-0.55,-0.38,-0.42,-0.58,-0.64,-0.67
2024-07-01,-1.62,-0.79,-0.77,-0.49,-0.7,-0.62,-0.56,-1.21,-0.78,-0.86,-0.85,-0.85,-0.62,-1.05,-0.82,-0.82,-0.67,-0.64,-1.48,-0.75,-0.67,-0.55,-0.79,-2.06,-0.92,-0.92,-0.9541176470588235,-1.06,-0.82,-0.56,-0.91,-0.81,-0.76,-0.7,-1.47,-1.71,-1.41,-1.48,-0.59,-0.67,-0.43,-0.59,-0.52,-0.55,-0.61,-0.77,-1.12,-0.88,-1.86,-0.82,-0.88,-0.79,-0.48,-0.73,-0.64,-0.58,-0.61,,-0.82,-0.69,-0.79,-0.65,-0.69,-0.87,-0.84,-0.96
2024-08-01,-1.79,-0.95,-0.85,-0.6,-0.64,-0.81,-0.75,-1.36,-0.86,-1.12,-1.04,-1.0,-0.79,-1.25,-0.93,-0.83,-0.59,-0.82,-1.49,-0.87,-0.94,-0.8,-0.92,-2.14,-1.04,-0.99,,-1.25,-0.75,-0.49,-0.84,-0.77,-0.76,-0.84,-1.64,-1.61,-1.65,-1.53,-0.76,-0.77,-0.6,-0.73,-0.68,-0.62,-0.76,-0.74,-1.27,-1.05,-1.88,-0.8,-0.88,-0.82,-0.61,-0.76,-0.66,-0.61,-0.62,,-0.99,-0.67,-0.75,-0.69,-0.65,-0.85,-0.92,-0.96
2024-09-01,-1.77,-0.93,-0.8,-0.41,-0.46,-0.85,-0.6,-1.49,-0.87,-1.08,-1.0,-1.0,-0.77,-1.35,-0.94,-0.77,-0.34,-0.81,-1.64,-0.7,-0.92,-0.9,-0.95,-2.2,-0.98,-1.04,,-1.19,-0.55,-0.47,-0.66,-0.53,-0.51,-0.74,-1.73,-1.68,-1.66,-1.71,-0.9,-0.68,-0.58,-0.63,-0.66,-0.57,-0.66,-0.77,-1.34,-1.04,-1.93,-0.73,-0.78,-0.8,-0.51,-0.76,-0.66,-0.59,-0.52,,-0.89,-0.56,-0.69,-0.51,-0.54,-0.77,-0.84,-0.88
2024-10-01,-1.65,-0.81,-0.71,-0.47,-0.52,-0.88,-0.71,-1.47,-0.95,-1.13,-0.88,-0.84,-0.83,-1.39,-0.91,-0.54,-0.21,-0.94,-1.48,-0.67,-1.06,-1.11,-1.0,-2.18,-1.11,-1.02,,-1.22,-0.43,-0.54,-0.46,-0.43,-0.42,-0.69,-1.79,-1.63,-1.72,-1.76,-0.9,-0.79,-0.7,-0.78,-0.69,-0.58,-0.68,-0.81,-1.35,-0.88,-1.73,-0.7,-0.7,-0.7,-0.54,-0.72,-0.56,-0.52,-0.49,,-0.79,-0.52,-0.6,-0.48,-0.52,-0.7,-0.76,-0.9
2024-11-01,-1.63,-0.79,-0.72,-0.47,-0.49,-0.85,-0.68,-1.47,-0.94,-1.1,-0.92,-0.81,-0.75,-1.4,-0.85,-0.5,-0.2,-0.93,-1.47,-0.63,-1.13,-1.23,-0.88,-2.16,-1.01,-1.01,-1.34,-1.2,-0.38,-0.53,-0.43,-0.39,-0.38,-0.65,-1.82,-1.71,-1.78,-1.79,-1.01,-0.78,-0.7,-0.77,-0.68,-0.59,-0.68,-0.78,-1.34,-0.84,-1.72,-0.67,-0.69,-0.67,-0.51,-0.71,-0.55,-0.53,-0.48,,-0.78,-0.49,-0.59,-0.45,-0.49,-0.68,-0.74,-0.77
2024-12-01,-1.15,-0.35,-0.23,-0.03,-0.06,-0.56,-0.32,-1.14,-0.67,-0.84,-0.41,-0.36,-0.36,-1.07,-0.61,0.05,0.17,-0.57,-1.14,-0.23,-0.91,-0.97,-0.77,-1.97,-0.76,-0.81,-1.01,-1.02,0.0,0.01,0.2,-0.04,0.1,-0.14,-1.57,-1.42,-1.48,-1.62,-0.71,-0.51,-0.38,-0.37,-0.32,-0.31,-0.27,-0.45,-1.01,-0.38,-1.39,-0.22,-0.18,-0.2,-0.11,-0.32,-0.12,-0.02,-0.04,,-0.44,-0.03,-0.16,0.0,-0.01,-0.21,-0.28,-0.37
2025-01-01,-0.94,-0.13,0.0,0.02,0.04,-0.39,-0.21,-0.94,-0.54,-0.61,-0.2,-0.17,-0.02,-0.95,-0.48,0.15,0.28,-0.41,-0.9,-0.13,-0.77,-0.86,-0.63,-1.83,-0.63,-0.72,-0.91,-0.9,0.01,0.1,0.31,0.01,0.2,0.0,-1.41,-1.33,-1.36,-1.37,-0.56,-0.27,-0.19,-0.23,-0.04,-0.21,-0.12,-0.34,-0.89,-0.15,-1.11,0.01,0.11,0.06,0.04,-0.09,0.09,0.2,0.19,,-0.15,0.02,0.32,0.15,0.03,-0.15,-0.06,-0.18
2025-02-01,-1.09,-0.27,-0.08,0.01,-0.02,-0.39,-0.32,-1.0,-0.62,-0.62,-0.34,-0.28,-0.17,-0.87,-0.53,0.02,0.12,-0.39,-0.95,-0.2,-0.78,-0.92,-0.85,-1.89,-0.65,-0.71,-0.9,-0.89,-0.02,0.07,0.16,-0.03,0.09,-0.04,-1.37,-1.32,-1.34,-1.39,-0.49,-0.43,-0.16,-0.23,-0.04,-0.25,-0.17,-0.34,-0.91,-0.31,-1.15,-0.06,-0.02,-0.06,0.04,-0.15,0.04,0.15,0.09,,-0.38,0.0,0.22,0.06,0.01,-0.17,-0.18,-0.3
2025-03-01,-1.39,-0.59,-0.4,-0.23,-0.28,-0.64,-0.49,-1.19,-0.73,-0.88,-0.69,-0.61,-0.53,-1.09,-0.76,-0.42,-0.29,-0.59,-1.27,-0.5,-0.92,-0.84,-0.79,-2.05,-0.88,-0.85,-1.09,-1.05,-0.34,-0.25,-0.45,-0.26,-0.27,-0.34,-1.59,-1.46,-1.48,-1.55,-0.66,-0.6,-0.36,-0.44,-0.31,-0.41,-0.39,-0.57,-1.1,-0.65,-1.42,-0.4,-0.39,-0.38,-0.23,-0.37,-0.24,-0.2,-0.2,,-0.58,-0.28,-0.39,-0.22,-0.25,-0.43,-0.46,-0.54
2025-04-01,-1.63,-0.81,-0.63,-0.47,-0.47,-0.8,-0.66,-1.34,-0.95,-1.05,-0.84,-0.85,-0.75,-1.24,-0.91,-0.56,-0.47,-0.78,-1.47,-0.74,-1.06,-1.01,-0.95,-2.15,-1.04,-1.02,-1.22,-1.19,-0.53,-0.55,-0.66,-0.5,-0.5,-0.57,-1.71,-1.57,-1.65,-1.69,-0.81,-0.8,-0.57,-0.65,-0.51,-0.57,-0.6,-0.74,-1.25,-0.85,-1.6,-0.54,-0.5,-0.57,-0.41,-0.57,-0.42,-0.4,-0.4,,-0.78,-0.49,-0.6,-0.46,-0.49,-0.66,-0.69,-0.75
2025-05-01,-1.8,-0.97,-0.69,-0.49,-0.45,-0.91,-0.66,-1.48,-0.95,-1.25,-0.91,-1.02,-0.86,-1.39,-1.0,-0.68,-0.63,-0.84,-1.64,-0.82,-1.01,-1.28,-1.05,-2.2,-1.05,-1.07,-1.35,-1.23,-0.53,-0.53,-0.72,-0.5,-0.64,-0.57,-1.88,-1.67,-1.8,-1.78,-0.98,-0.75,-0.61,-0.64,-0.6,-0.58,-0.62,-0.79,-1.47,-1.04,-1.81,-0.64,-0.62,-0.68,-0.58,-0.68,-0.64,-0.52,-0.49,,-0.94,-0.59,-0.71,-0.47,-0.53,-0.76,-0.82,-0.92
2025-06-01,-1.88,-1.07,-0.94,-0.72,-0.68,-1.06,-0.84,-1.58,-1.02,-1.34,-1.1,-1.07,-0.96,-1.5,-1.05,-0.82,-0.58,-1.01,-1.68,-0.95,-1.3,-1.52,-1.11,-2.27,-1.19,-1.08,-1.26,-1.31,-0.71,-0.76,-0.81,-0.71,-0.72,-0.83,-1.87,-1.75,-1.82,-1.89,-1.03,-0.9,-0.81,-0.88,-0.78,-0.74,-0.84,-0.93,-1.59,-1.11,-1.93,-0.86,-0.86,-0.76,-0.65,-0.82,-0.68,-0.71,-0.68,,-1.02,-0.73,-0.81,-0.63,-0.73,-0.93,-0.95,-1.02
2025-07-01,-2.06,-1.24,-0.9660869565217391,-0.8,-0.84,-1.15,-0.8791304347826087,-1.6289130434782608,-1.14,-1.51,-1.28,-1.27,-1.13,-1.66,-1.16,-1.02,-0.74,-1.18,-1.74,-1.05,-1.34,-1.55,-1.26,-2.45,-1.2095652173913043,-1.22,-1.56,-1.4,-0.91,-0.93,-0.98,-0.91,-0.92,-1.01,-2.05,-1.92,-2.03,-2.04,-1.2,-1.03,-0.97,-1.05,-0.94,-0.87,-1.0,-1.08,-1.58,-1.29,-2.09,-1.0,-1.0,-0.9,-0.85,-1.03,-0.89,-0.96,-0.82,,-1.21,-0.89,-0.97,-0.79,-0.86,-1.08,-1.1,-1.19
2025-08-01,-2.23,-1.45,,-0.98,-1.03,-1.24,,,-1.32,-1.74,-1.52,-1.47,-1.35,-1.81,-1.4,-1.15,-0.87,-1.34,-1.73,-1.16,-1.63,-1.64,-1.37,-2.44,,-1.25,-1.74,-1.47,-1.04,-1.07,-1.13,-1.02,-1.01,-0.965,-2.22,-1.9,-2.2,-2.15,-1.4,-1.1,-1.1,-1.16,-1.0,-0.9,-1.14,-1.19,-1.58,-1.49,-2.33,-0.99,-1.19,-0.7160162601626017,-1.0,-1.19,-1.05,-1.02,-0.97,,-1.34,-0.99,-1.15,-0.7350000000000001,-1.14,-1.21,-1.27,-1.1400000000000001
2025-09-01,-1.97,-1.17,-1.02,-0.69,-0.72,-1.05,-0.96,-1.73,-1.13,-1.58,-1.23,-1.15,-1.09,-1.76,-1.05,-0.8,-0.53,-1.24,-1.72,-0.81,-1.67,-1.75,-1.26,-2.37,-1.25,-1.19,-1.65,-1.4,-0.63,-0.78,-0.65,-0.64,-0.62,-0.92,-2.1,-1.98,-2.16,-2.12,-1.32,-0.94,-0.98,-1.0,-0.94,-0.69,-0.93,-1.0,-1.58,-1.2,-2.04,-0.98,-0.97,,-0.81,-1.0,-0.86,-0.82,-0.76,,-1.01,-1.09,-0.83,-0.68,-0.72,-0.95,-1.03,-1.09
2025-10-01,-2.06,-1.26,-0.5724590163934427,-0.73,-0.75,-1.15,-0.6550819672131147,-1.81,-1.24,-1.69,-1.33,-1.25,-1.21,-1.83,-1.16,-0.75,-0.31,-1.3,-1.4052459016393444,-0.82,-1.76,-1.89,-1.33,-2.43,-1.29,-1.23,-1.75,-1.42,-0.56,-0.8,-0.63,-0.57,-0.63,-0.97,-2.21,-1.94,-2.28,-2.22,-1.43,-0.95,-1.05,-1.04,-0.97,-0.71,-1.0,-1.1,-1.3685245901639345,-1.29,-2.06,-1.03,-0.99,,-0.85,-1.08,-0.95,-0.87,-0.76,,-1.04,-1.08,-0.88,-0.72,-0.74,-0.99,-1.06,-1.08
2025-11-01,-1.23,-0.37,-0.11,0.02,0.04,-0.51,-0.34,-1.26,-0.75,-1.11,-0.53,-0.39,-0.46,-1.31,-0.6,0.09,0.34,-0.69,-1.08,-0.1,-1.4,-1.52,-0.88,-2.06,-0.74,-0.91,-1.31,-1.13,0.03,0.05,0.29,0.02,0.11,-0.09,-1.81,-1.51,-1.88,-1.84,-0.99,-0.47,-0.46,-0.35,-0.31,-0.17,-0.15,-0.46,-1.15,-0.43,-1.32,-0.1,-0.17,-0.17,0.01,-0.31,-0.07,-0.04,0.05,,-0.13,-0.11,0.16,0.02,0.02,-0.2,-0.17,-0.11
2025-12-01,-1.07,-0.21,0.02,0.02,0.04,-0.18,-0.05,-0.94,-0.56,-0.82,-0.34,-0.25,-0.14,-1.02,-0.38,0.13,0.3,-0.27,-0.68,-0.07,-0.98,-1.03,-0.59,-1.77,-0.44,-0.65,-0.99,-0.76,0.02,0.19,0.21,0.02,0.11,0.06,-1.42,-1.28,-1.4,-1.45,-0.64,-0.15,-0.01,-0.19,0.04,0.09,-0.05,-0.13,-0.88,-0.27,-1.02,0.02,0.07,0.04,0.05,0.02,0.1,0.23,0.19,0.05,0.02,-0.08,0.42,0.26,0.11,-0.11,0.0,-0.08
2026-01-01,-1.06,-0.19,-0.01,0.02,0.03,-0.13,-0.17,-0.92,-0.59,-0.75,-0.35,-0.26,-0.2,-0.99,-0.47,0.13,0.18,-0.29,-0.72,-0.1,-0.99,-0.86,-0.66,-1.9,-0.57,-0.73,-1.01,-0.8,0.01,0.2,0.22,0.02,0.11,0.02,-1.48,-1.33,-1.49,-1.47,-0.6,-0.37,-0.04,-0.17,0.04,-0.01,-0.09,-0.08,-0.92,-0.29,-1.0,0.02,0.06,0.06,0.06,0.06,0.1,0.24,0.18,-0.01,-0.07,-0.12,0.41,0.25,0.1,-0.16,-0.02,-0.12
2026-02-01,-0.88,-0.23,0.03,0.02,0.05,-0.06,0.08,-0.73,-0.43,-0.46,-0.07,-0.11,0.16,-0.8,-0.32,0.19,-0.03,-0.14,-0.18,-0.07,-0.83,-0.51,-0.49,-1.74,-0.4,-0.58,-0.86,-0.72,0.02,0.28,0.3,0.02,0.24,0.12,-1.31,-1.17,-1.3,-1.32,-0.44,-0.23,0.04,-0.18,0.05,0.19,-0.07,-0.01,-0.73,-0.12,-0.91,0.02,0.13,0.23,0.13,0.27,0.19,0.33,0.28,-0.01,0.23,-0.11,0.47,0.25,0.09,-0.11,0.09,-0.11
