,nw8,nw8b,nw12,ceh3,ceh7,ceh8,ceh12,ceh15,ceh22,ceh35,ceh37,ceh38,L1,FE1,FE2,FE3,FE4,LIS1,p2,pe,pw,p1
2005-03-01,,,,,,,,,,,,,,,,,,,,,,
2005-04-01,,,,,,,,,,,,,,,,,,,,,,
2005-05-01,,,,,,,,,,,,,,,,,,,,,,
2005-07-01,,,,,,,,,,,,,,,,,,,,,,
2005-08-01,,,,,,,,,,,,,,,,,,,,,,
2005-09-01,,,,,,,,,,,,,,,,,,,,,,
2005-10-01,,,,,,,,,,,,,,,,,,,,,,
2005-11-01,,,,,,,,,,,,,,,,,,,,,,
2005-12-01,,,,,,,,,,,,,,,,,,,,,,
2006-01-01,-0.735,,,,,,,,,,,,,,,,,,,,,
2006-02-01,-0.7033333333333333,,,,,,,,,,,,,,,,,,,,,
2006-03-01,-0.5775,,,,,,,,,,,,,,,,,,,,,
2006-04-01,-0.744,,,,,,,,,,,,,,,,,,,,,
2006-05-01,-0.6975,,,-0.42,-0.06999999999999999,-0.15666666666666668,-0.9,,,,,,,,,,,,,,,
2006-06-01,-0.915,,,-0.5900000000000001,-0.4,-0.305,-1.205,,,,,,,,,,,,,,,
2006-07-01,-1.1099999999999999,,,-0.69,-0.7050000000000001,-0.5549999999999999,-1.44,,,,,,,,,,,,,,,
2006-08-01,-1.135,,,-0.67,-0.605,-0.48,-1.46,,,,,,,,,,,,,,,
2006-09-01,-1.28,,,-0.63,-0.83,-0.71,-1.55,,,,,,,,,,,,,,,
2006-10-01,-1.12,,,-0.46,-0.53,-0.58,-1.37,,,,,,,,,,,,,,,
2006-11-01,-0.92,,,-0.31,-0.23,-0.34,-1.16,,,,,,,,,,,,,,,
2006-12-01,-0.59,,,-0.18,-0.01,-0.15,-0.87,,,,,,,,,,,,,,,
2007-01-01,-0.34,,,-0.09,0.019999999999999997,-0.13,-0.7,,,,,,,,,,,,,,,
2007-02-01,-0.5,,,-0.11,0.05,-0.12,-0.93,,,,,,,,,,,,,,,
2007-03-01,-0.65,,,-0.36,-0.15,-0.16,-1.07,,,,,,,,,,,,,,,
2007-04-01,-0.81,,,-0.49,-0.33,-0.29,-1.22,,,,,,,,,,,,,,,
2007-05-01,-0.97,,-0.67,-0.55,-0.51,-0.39,-1.37,,,,,,,,,,,,,,,
2007-06-01,-0.97,,-0.84,-0.56,-0.52,-0.38,-1.51,,,,,,,,,,,,,,,
2007-07-01,-1.06,,-0.96,-0.55,-0.54,-0.57,-1.5,,,,,,,,,,,,,,,
2007-08-01,-1.18,,-1.13,-0.58,-0.68,-0.65,-1.45,-0.852,,,,,,,,,,,,,,
2007-09-01,-1.1,,-1.22,-0.45,-0.58,-0.6,-1.27,-0.802,,,,,,,,,,,,,,
2007-10-01,-1.32,,-1.38,-0.62,-0.73,-0.7,-1.41,-0.912,,,,,,,,,,,,,,
2007-11-01,-1.21,,-1.26,-0.53,-0.58,-0.45,-1.31,-0.852,,,,,,,,,,,,,,
2007-12-01,-1.05,,-1.26,-0.41,-0.37,-0.44,-1.08,-0.752,,,,,,,,,,,,,,
2008-01-01,-0.71,,-0.81,-0.36,-0.05,-0.15,-0.7,-0.222,,,,,,,,,,,,,,
2008-02-01,-0.87,,-0.69,-0.43,-0.14,-0.17,-0.93,-0.282,,,,,,,,,,,,,,
2008-03-01,-0.85,,-0.56,-0.58,-0.09,-0.18,-0.99,-0.452,,,,,,,,,,,,,,
2008-04-01,-0.96,,-0.55,-0.66,-0.23,-0.24,-0.9881520119225037,-0.592,,,,,,,,,,,,,,
2008-05-01,-1.09,,-0.75,-0.77,-0.51,-0.46,,-0.752,,,,,,,,,,,,,,
2008-06-01,-1.12,,-0.79,-0.71,-0.47,-0.47,,-0.552,,,,,,,,,,,,,,
2008-07-01,-1.32,,-1.02,-0.77,-0.75,-0.59,,-0.882,,,,,,,,,,,,,,
2008-08-01,-1.31,,-1.14,-0.73,-0.64,-0.68,,-0.962,,,,,,,,,,,,,,
2008-09-01,-1.37,,-1.28,-0.74,-0.73,-0.63,,-1.002,,,,,,,,,,,,,,
2008-10-01,-0.85,,-0.88,-0.46,0.03,-0.18,,-0.592,,,,,,,,,,,,,,
2008-11-01,-0.76,,-0.68,-0.56,0.01,-0.14,,-0.292,,,,,,,,,,,,,,
2008-12-01,-0.69,,-0.31,-0.49,0.01,-0.08,,-0.192,,,,,,,,,,,,,,
2009-01-01,-0.59,,-0.09,-0.51,-0.06500000000000002,-0.12,,-0.072,,,,,,,,,,,,,,
2009-02-01,-0.8,,-0.16,-0.65,-0.14,-0.14,,-0.222,,,,,,,,,,,,,,
2009-03-01,-0.94,,-0.31,-0.71,-0.26,-0.2,,-0.491,,,,,,,,,,,,,,
2009-04-01,-1.07,,-0.47,-0.78,-0.28,-0.15,,-0.591,,,,,-0.96,,,,,,,,,
2009-05-01,-1.19,,-0.64,-0.87,-0.52,-0.48,,-0.671,,,,,-1.11,,,,,,,,,
2009-06-01,-1.34,,-0.87,-0.89,-0.73,-0.66,,-0.951,,,,,-1.32,,,,,,,,,
2009-07-01,-1.45,,-1.07,-0.89,-0.83,-0.73,,-1.001,,,,,-1.42,,,,,,,,,
2009-08-01,-1.57,,-1.27,-0.92,-0.75,-0.71,,-1.031,,,,,-1.47,,,,,,,,,
2009-09-01,-1.55,,-1.44,-1.02,-0.92,-0.87,,-1.151,,,,,-1.52,,,,,,,,,
2009-10-01,-1.64,,-1.63,-1.0,-0.5609836065573771,-0.93,,-1.221,,,,,-1.62,,,,,,,,,
2009-11-01,-1.08,,-1.38,-0.7,-0.19,-0.33,,-0.861,,,,,-0.85,,,,,,,,,
2009-12-01,-1.1,,-1.26,-0.71,-0.17,-0.15,,-0.771,,,,,-0.81,,,,,,,,,
2010-01-01,-1.09,,-1.21,-0.74,-0.01,-0.15,-0.95,-0.761,,,,,-0.65,,,,,,,,,
2010-02-01,-1.2,,-1.14,-0.74,-0.25,-0.22,-1.09,-0.871,,,,,-0.84,,,,,,,,,
2010-03-01,-1.23,,-1.15,-0.8,-0.01,-0.17,-0.95,-0.781,-0.07,,,,-0.67,,,,,,,,,
2010-04-01,-1.27,,-1.08,-0.84,-0.42,-0.41,-1.18,-0.971,-0.31,,,,-0.99,,,,,,,,,
2010-05-01,-1.43,,-1.26,-0.98,-0.59,-0.46,-1.37,-1.081,-0.41,,,,-1.19,,,,,,,,,
2010-06-01,-1.56,,-1.4,-1.09,-0.75,-0.65,-1.51,-1.191,-0.5,,,,-1.35,,,,,,,,,
2010-07-01,-1.39,,-1.43,-0.98,-0.57,-0.57,-1.25,-1.151,-0.41,,,,-1.23,,,,,,,,,
2010-08-01,-1.64,,-1.59,-1.07,-0.87,-0.78,-1.49,-1.291,-0.56,,,,-1.47,,,,,,,,,
2010-09-01,-1.72,,-1.72,-1.06,-0.89,-0.78,-1.52,-1.341,-0.55,,,,-1.48,,,,,,,,,
2010-10-01,-1.7,,-1.73,-0.96,-0.72,-0.68,-1.35,-1.351,-0.45,,,,-1.36,,,,,,,,,
2010-11-01,-1.45,,-1.6996739130434781,-0.98,-0.51,-0.5,-1.22,-1.251,-0.48,,,,-1.12,,,,,,,,,
2010-12-01,-1.53,,,-0.99,-0.43,-0.48,-1.22,-1.281,-0.44,,,,-1.03,,,,,,,,,
2011-01-01,-1.4,,-1.64,-1.01,-0.42,-0.45,,-1.181,-0.47,-0.59,-0.42,-0.5,-0.97,,,,,,,,,
2011-02-01,-1.37,,-1.51,-0.94,-0.3,-0.32,,-1.121,-0.4,-0.5,-0.29,-0.45,-0.87,,,,,,,,,
2011-03-01,-1.53,,-1.43,-1.01,-0.5,-0.46,,-1.221,-0.51,-0.62,-0.52,-0.58,-1.0,,,,,,,,,
2011-04-01,-1.64,,-1.52,-1.13,-0.66,-0.63,,-1.341,-0.62,-0.76,-0.73,-0.71,-1.22,,,,,,,,,
2011-05-01,-1.73,,-1.67,-1.18,-0.84,-0.76,,-1.441,-0.66,-0.82,-0.87,-0.79,-1.41,,,,,,,,,
2011-06-01,-1.73,,-1.74,-1.21,-0.93,-0.9,,-1.501,-0.73,-0.88,-1.0,-0.86,-1.6,,,,,,,,,
2011-07-01,-1.7319607843137255,,-1.74,-1.22,-0.93,-1.05,,-1.621,-0.8,-0.96,-1.14,-0.95,-1.77,,,,,,,,,
2011-08-01,,,,-1.16,-0.93,-1.12,,-1.721,-0.78,-1.0,-1.2,-0.98,-1.77,,,,,,,,,
2011-09-01,,,,-1.093934426229508,-0.8571290944123314,-1.0492391304347828,,-1.741327868852459,-0.6936065573770491,-0.9237704918032786,-1.078695652173913,-0.9159782608695652,,,,,,,,,,
2011-10-01,,,,-1.03,,,,-1.761,-0.61,,,,,,,,,,,,,
2011-11-01,-1.74,,,-0.96,,-0.91,,-1.831,-0.58,,-0.84,-0.79,,,,,,,,,,
2011-12-01,-1.75,,,-1.05,,-0.75,,-1.641,-0.51,-0.7,-0.59,-0.67,,,,,,,,,,
2012-01-01,-1.73,,,-1.18,,-0.68,,-1.671,-0.65,-0.74,-0.63,-0.71,,,,,,,,,,
2012-02-01,-1.75,,,-1.27,,-0.7265,,-1.691,-0.59,-0.85,-0.65,-0.81,,,,,,,,,,
2012-03-01,-1.75,,,-1.34,,-0.77,,-1.781,-0.77,-0.93,-0.82,-0.91,,,,,,,,,,
2012-04-01,-1.75,,,-1.37,,-0.84,,-1.851,-0.84,-0.96,-0.86,-0.95,,,,,,,,,,
2012-05-01,-1.79,,,-1.39,,-0.93,,-1.871,-0.89,-1.03,-0.96,-1.01,,,,,,,,,,
2012-06-01,-1.76,,,-1.29,,-0.88,,-1.881,-0.79,-0.96,-0.84,-0.95,,,,,,,,,,
2012-07-01,-1.76,,,-1.27,,-0.87,,-1.751,-0.81,-0.96,-0.92,-0.94,,,,,,,,,,
2012-08-01,-1.82,,,-1.14,,-0.76,,-1.711,-0.65,-0.82,-0.73,-0.8,,,,,,,,,,
2012-09-01,-1.83,,,-1.07,,-0.64,,-1.621,-0.55,-0.72,-0.54,-0.72,,,,,,,,,,
2012-10-01,-1.57,,,-0.9,,-0.24,,-1.451,-0.39,-0.53,-0.1,-0.5,,,,,,,,,,
2012-11-01,-1.16,,,-0.81,,-0.15,,-1.091,-0.17,-0.29,0.06,-0.24,,,,,,,,,,
2012-12-01,-0.9,,,-0.64,,-0.11,,-0.751,0.03,0.03,0.44,0.01,,,,,,,,,,
2013-01-01,-0.88,,,-0.67,0.29,-0.1,,-0.601,0.02,0.01,0.45,-0.01,,,,,,,,,,
2013-02-01,-0.86,,,-0.84,0.09,-0.1,,-0.511,-0.15,-0.24,0.3,-0.13,,,,,,,,,,
2013-03-01,-1.02,,,-0.81,-0.04,-0.13,,-0.611,-0.24,-0.38,0.21,-0.29,,,,,,,,,,
2013-04-01,-1.16,,,-0.96,-0.2,-0.17,,-0.761,-0.36,-0.49,0.05,-0.42,,,,,,,,,,
2013-05-01,-1.31,,,-1.07,-0.31,-0.28,,-0.861,-0.48,-0.61,-0.28,-0.53,,,,,,,,,,
2013-06-01,-1.43,,,-1.12,-0.53,-0.49,,-0.981,-0.59,-0.73,-0.53,-0.66,,,,,,,,,,
2013-07-01,-1.6,,,-1.19,-0.76,-0.63,,-1.121,-0.71,-0.84,-0.74,-0.78,,,,,,,,,,
2013-08-01,-1.64,,,-1.24,-0.76,-0.76,,-1.161,-0.76,-0.88,-0.8,-0.82,,,,,,,,,,
2013-09-01,-1.71,,,-1.23,-0.86,-0.82,,-1.221,-0.8,-0.91,-0.86,-0.86,,,,,,,,,,
2013-10-01,-1.49,,,-1.02,-0.5,-0.59,,-1.091,-0.55,-0.69,-0.4,-0.61,,,,,,,,,,
2013-11-01,-1.48,,,-1.18,-0.53,-0.55,,-1.101,-0.66,-0.74,-0.57,-0.67,,,,,,,,,,
2013-12-01,-1.37,,,-0.81,-0.13,-0.17,,-1.021,-0.33,-0.34,-0.03,-0.31,,,,,,,,,,
2014-01-01,-0.92,,,-0.57,0.09,-0.15,,-0.621,-0.09,-0.1,0.25,-0.02,,,,,,,,,,
2014-02-01,-0.72,,,-0.65,0.07,-0.13,,-0.171,0.02,0.03,0.32,0.0,,,,,,,,,,
2014-03-01,-0.84,,,-0.74,0.06,-0.16,,-0.251,-0.03,-0.13,0.09,-0.04,,,,,,,,,,
2014-04-01,-0.97,,,-0.85,-0.07,-0.14,,-0.421,-0.15,-0.37,0.0,-0.29,,,,,,,,,,
2014-05-01,-1.1,,,-1.02,-0.23,-0.22,,-0.641,-0.38,-0.51,-0.01,-0.44,,,,,,,,,,
2014-06-01,-1.27,,,-1.08,-0.52,-0.46,,-0.811,-0.55,-0.67,-0.61,-0.59,,,,,,,,,,
2014-07-01,-1.43,,,-1.15,-0.74,-0.66,,-0.961,-0.63,-0.77,-0.81,-0.71,,,,,,,,,,
2014-08-01,-1.59,,,-1.09,-0.9,-0.75,,-1.071,-0.65,-0.81,-0.87,-0.75,,,,,,,,,,
2014-09-01,-1.73,,,-1.08,-0.95,-0.92,,-1.211,-0.77,-0.9,-1.02,-0.85,,,,,,,,,,
2014-10-01,-1.45,,,-1.05,-0.6,-0.5,,-1.061,-0.49,-0.61,-0.42,-0.55,,,,,,,,,,
2014-11-01,-1.34,,,-1.03,-0.44,-0.44,,-0.971,-0.46,-0.59,-0.43,-0.52,,,,,,,,,,
2014-12-01,-1.35,,,-1.09,-0.31,-0.35,,-0.991,-0.45,-0.61,-0.26,-0.53,,,,,,,,,,
2015-01-01,-1.22,,,-1.06,-0.19,-0.22,,-0.891,-0.41,-0.52,-0.06,-0.44,,,,,,,,,,
2015-02-01,-1.45,,,-1.09,-0.3,-0.29,,-1.001,-0.49,-0.65,-0.3,-0.56,,,,,,,,,,
2015-03-01,-1.46,,,-1.18,-0.35,-0.34,,-1.051,-0.55,-0.7,-0.34,-0.61,,,,,,,,,,
2015-04-01,-1.56,,,-1.26,-0.53,-0.52,,-1.161,-0.65,-0.7254098360655737,-0.6,-0.73,,,,,,,,,,
2015-05-01,-1.4,,,-1.26,-0.48,-0.47,,-1.171,-0.65,-0.75,-0.5,-0.69,,,,,,,,,,
2015-06-01,-1.56,-1.75,,-1.28,-0.73,-0.69,,-1.251,-0.77,-0.87,-0.82,-0.83,,,,,,,,,,
2015-07-01,-1.59,-1.84,,-1.25,-0.89,-0.79,,-1.361,-0.78,-0.92,-0.85,-0.88,,-1.12,-1.91,,,,,,,
2015-08-01,-1.63,-1.95,,-1.2,-0.8471544715447155,-0.92,,-1.451,-0.78,-0.97,-1.05,-0.95,,-1.23,-2.0,,,,,,,
2015-09-01,-1.66,-2.04,,-1.24,,-1.04,,-1.551,-0.86,-1.06,-1.13,-1.0,,-1.35,-2.1,,,,,,,
2015-10-01,-1.71,-2.14,,-1.2,,-1.1,,-1.641,-0.77,-0.99,-1.09,-0.97,,-1.45,-2.18,,,,,,,
2015-11-01,-1.71,-1.85,,-1.04,-0.72,-0.77,,-1.451,-0.54,-0.73,-0.64,-0.9496597812879708,,-1.33,-2.05,,,,,,,
2015-12-01,,-1.02,,-0.61,0.069,-0.13,,-0.871,0.049,-0.01,0.25,,,-0.66,-1.35,,,,,,,
2016-01-01,,-0.85,,-0.8,0.07,-0.12,,-0.431,0.15,-0.01,0.3,,,-0.26,-1.185,,,,,,,
2016-02-01,,-0.77,,-0.89,0.07,-0.1,,-0.161,0.06,,0.34,,,-0.08,-1.02,,,,,,,
2016-03-01,,-0.93,,-0.96,0.07,-0.14,,-0.361,-0.08,,0.3,,,-0.15,-1.11,,,,,,,
2016-04-01,,-0.97,,-1.04,-0.02,-0.13,,-0.451,-0.22,,0.2,,,-0.21,-1.14,,,,,,,
2016-05-01,,-1.14,,-1.14,-0.26,-0.22,,-0.721,-0.38,,0.18767123287671234,,,-0.4,-1.3,,,,,,,
2016-06-01,,-1.31,,-1.16,-0.32,-0.24,,-0.781,-0.43,,,,,-0.52,-1.43,,,,,,,
2016-07-01,,-1.43,,-1.2,-0.51,-0.44,,-0.961,-0.56,,,,,-0.66,-1.53,,,,,,,
2016-08-01,,-1.56,,-1.17,-0.6,-0.55,,-1.071,-0.64,,,,,-0.8,-1.65,,,,,,,
2016-09-01,,-1.65,,-1.14,-0.71,-0.65,,-1.181,-0.63,,,,,-0.9,-1.74,,,,,,,
2016-10-01,,-1.73,,-1.23,-0.84,-0.77,,-1.251,-0.74,,,,,-1.0,-1.8,,,,,,,
2016-11-01,,-1.56,,-1.23,-0.62,-0.68,,-1.221,-0.66,,,,,-0.93,-1.75,,,,,,,
2016-12-01,,-1.68,,-1.21,-0.63,-0.66,,-1.281,-0.61,,,,,-0.99,-1.78,,,,,,,
2017-01-01,,-1.63,,-1.1400000000000001,-0.53,-0.55,,-1.246,-0.53,,,,,-0.97,-1.77,,,,,,,
2017-02-01,,-1.58,,-1.07,-0.43,-0.44,,-1.211,-0.45,,,,,-0.95,-1.76,,,,,,,
2017-03-01,,-1.47,,-1.05,-0.28,-0.29,,-1.121,-0.41,,,,,-0.81,-1.62,-1.8,,,,,,
2017-04-01,,-1.6,,-1.16,-0.57,-0.53,,-1.231,-0.55,,,,,-0.9,-1.73,-1.9829508196721313,,,,,,
2017-05-01,,-1.75,,-1.19,-0.78,-0.7,,-1.341,-0.62,,,,,-1.07,-1.86,-2.16,,,,,,
2017-06-01,,-1.79,,-1.24,-0.79,-0.71,,-1.361,-0.61,,,,,-1.11,-1.89,-2.17,,,,,,
2017-07-01,,-1.88,,-1.22,-0.79,-0.85,,-1.361,-0.71,,,,,-1.22,-1.97,-2.26,,,,,,
2017-08-01,,-1.98,,-1.46,,-0.96,,,-0.77,,,,,-1.32,-2.07,-2.36,,,,,,
2017-09-01,,-1.97,,-1.44,,-0.88,,,-0.72,,,,,-1.36,-2.12,-2.37,,,,,,
2017-10-01,,-2.0,,-1.39,,-0.91,,,-0.68,,,,,-1.42,-2.14,-2.4,,,,,,
2017-11-01,,-1.62,,-1.23,,-0.56,,,-0.54,,,,,-1.17,-1.9,-1.79,-1.43,-0.68,,,,
2017-12-01,,-1.51,,-1.0,,-0.26,,,-0.42,,,,,-1.0,-1.75,-1.89,-1.5381967213114753,-1.12,,,,
2018-01-01,,-1.4,,-1.04,,-0.24,,,-0.4,,,-0.43,,-0.86,-1.63,-2.0,-1.65,-0.94,,,,
2018-02-01,,-1.29,,-1.06,,-0.15,,,-0.44,,,-0.48,,-0.67,-1.49,-1.9,-1.59,-0.83,,,,
2018-03-01,,-1.28,,-1.07,,-0.16,,,-0.4,,,-0.46,,-0.63,-1.46,-1.77,-1.4,-0.64,,,,
2018-04-01,,-1.37,,-1.17,,-0.19,,,-0.5,,-0.1,-0.54,,-0.65,-1.5,-1.83,-1.43,-0.67,,,,
2018-05-01,,-1.53,,-1.25,,-0.44,,,-0.63,,-0.61,-0.71,,-0.81,-1.65,-1.99,-1.59,-0.85,,,,
2018-06-01,,-1.69,,-1.37,,-0.68,,,-0.78,,-0.61,-0.85,,-0.97,-1.79,-2.13,-1.73,-1.02,,,,
2018-07-01,,-1.83,,-1.32,,-0.85,,,-0.88,,,-0.94,,-1.18,-1.94,-2.27,-1.88,-1.18,,,,
2018-08-01,,-1.97,,-1.39,,-1.08,,,-0.85,,,-1.01,,-1.31,-2.06,-2.38,-2.02,-1.33,,,,
2018-09-01,,-2.04,,-1.39,,-1.0,,,-0.82,,,-0.96,,-1.39,-2.11,-2.43,-2.07,-1.42,,,,
2018-10-01,,-1.87,,-1.32,,-1.0,,,-0.82,,,-0.93,,-1.42,-2.0,-2.32,-1.97,-1.32,,,,
2018-11-01,,-1.71,,-1.16,,-0.73,,,-0.6,,-0.61,-0.7,,-1.17,-1.83,-2.14,-1.85,-1.17,,,,
2018-12-01,,-1.49,,-1.18,,-0.47,,,-0.55,,-0.38,-0.57,,-1.01,-1.67,-1.97,-1.64,-0.98,,,,
2019-01-01,,-1.68,,-1.31,,-0.44,,,-0.65,,-0.43,-0.68,,-1.05,-1.82,-2.12,-1.8,-1.06,,,,
2019-02-01,,-1.67,,-1.31,,-0.47,,,-0.69,,-0.51,-0.75,,-1.07,-1.85,-2.13,-1.79,-1.17,,,,
2019-03-01,,-1.45,,-1.36,,-0.36,,,-0.67,,-0.39,-0.64,,-0.92,-1.65,-1.97,-1.62,-0.91,,,,
2019-04-01,,-1.65,,-1.38,,-0.38,,,-0.7,,-0.39,-0.7,,-1.01,-1.8,-2.1,-1.75,-1.01,,,,
2019-05-01,,-1.77,,-1.49,,-0.57,,,-0.82,,-0.65,-0.88,,-1.15,-1.92,-2.24,-1.88,-1.16,,,,
2019-06-01,,-1.88,,-1.49,,-0.72,,,-0.9,,-0.84,-0.92,,-1.26,-2.03,-2.34,-1.98,-1.27,,,,
2019-07-01,,-2.0,,-1.44,,-0.83,,,-0.94,,-0.9,-1.03,,-1.37,-2.15,-2.47,-1.93,-1.41,,,,
2019-08-01,,-2.11,,-1.3,,-1.0,,,-0.9,,-1.09,-1.07,,-1.48,-2.24,-2.49,-2.24,-1.51,-0.81,-1.3,-1.29,-1.01
2019-09-01,,-2.19,,-1.17,,-0.9,,,-0.79,,-0.95,-0.95,,-1.52,-2.29,-2.53,-2.31,-1.58,-0.47,-1.24,-1.18,-0.84
2019-10-01,,-1.79,,-1.14,,-0.9,,,-0.66,,-0.65,-0.75,,-1.33,-1.95,-2.24,-1.94,-1.33,-0.19,-0.99,-0.89,-0.69
2019-11-01,,-1.64,,-1.12,,,,,-0.58,,-0.41,-0.67,,-1.17,-1.85,-2.1,-1.83,-1.15,-0.13,-0.82,-0.67,-0.51
2019-12-01,,-1.56,,-1.23,,,,,-0.56,,-0.37,-0.68,,-1.09,-1.8,-2.06,-1.77,-1.08,-0.24,-0.75,-0.62,-0.46
2020-01-01,,-1.48,,-1.13,,,,,-0.53,,-0.04,-0.56,,-0.99,-1.68,-1.99,-1.71,-0.98,-0.05,-0.58,-0.48,-0.4
2020-02-01,,-1.22,,-0.94,,,,,-0.22,,0.2,-0.56,,-0.78,-1.43,-1.78,-1.49,-0.73,0.01,-0.26,-0.37,-0.14
2020-03-01,,-1.28,,-1.24,,,,,-0.5,,0.1,,,-0.68,-1.51,-1.83,-1.46,-0.69,-0.25,-0.37,-0.54,-0.28
2020-04-01,,-1.53,,-1.32,,,,,-0.65,,-0.4,,,-0.89,-1.72,-2.03,-1.67,-0.89,-0.47,-0.64,-0.72,-0.48
2020-05-01,,-1.69,,-1.42,,,,,-0.81,,-0.76,,,-1.04,-1.85,-2.17,-1.8,-1.06,-0.74,-0.87,-1.01,-0.76
2020-06-01,,-1.81,,-1.36,,,,,-0.88,,-0.84,,,-1.19,-1.98,-2.29,-1.92,-1.21,-0.69,-1.08,-0.99,-0.78
2020-07-01,,-1.93,,-1.41,,,,,-0.87,,-0.83,,,-1.24,-2.02,-2.37,-2.0,-1.31,-0.47,-1.08,-1.02,-0.82
2020-08-01,,-1.57,,-1.21,,,,,-0.6,,-0.18,,,-1.08,-1.75,-2.09,-1.7,-1.07,-0.09,-0.68,-0.74,-0.675
2020-09-01,,-1.69,,-1.26,,,,,-0.72,,-0.45,,,-1.1,-1.86,-2.06,-1.82,-1.11,-0.32,-0.81,-0.8,-0.53
2020-10-01,,-1.54,,-1.09,,,,,-0.53,,-0.05,,,-1.06,-1.83,-2.1,-1.74,-1.02,0.05,-0.47,-0.49,-0.36
2020-11-01,,-1.35,,-1.18,,,,,-0.51,,0.05,,,-1.0,-1.57,-1.88,-1.51,-0.79,-0.09,-0.47,-0.36,-0.21
2020-12-01,,-1.05,,-1.07,,,,,-0.33,,0.29,,,-0.43,-1.29,-1.64,-1.22,-0.46,0.03,-0.32,-0.22,0.0
2021-01-01,,-0.77,,-0.93,,,,,-0.16,,0.36,,,-0.09,-0.99,-1.38,-0.92,-0.08,0.025,-0.27,-0.19,0.21
2021-02-01,,-0.61,,-0.91,,,,,-0.05,,0.37,,,0.08,-0.82,-1.23,-0.68,0.38,0.02,-0.26,-0.2,0.33
2021-03-01,,-0.76,,-0.89,,,,,-0.14,,0.32,,,0.14,-0.86,-1.31,-0.71,0.38,-0.04,-0.3,-0.21,0.28
2021-04-01,,-0.97,,-1.03,,,,,-0.38,,0.14,,,-0.04,-1.09,-1.52,-0.96,-0.03,-0.4,-0.46,-0.24,0.12
2021-05-01,,-0.72,,-1.11,,,,,-0.42,,0.13,,,-0.06,-0.9,-1.47,-1.03,-0.08,-0.26,-0.47,-0.23,0.07
2021-06-01,,-1.19,,-1.26,,,,,-0.62,,-0.43,,,-0.31,-1.27,-1.69,-1.15,-0.35,-0.57,-0.78,-0.48,-0.27
2021-07-01,,-1.39,,-1.33,,,,,-0.77,,-0.78,,,-0.54,-1.46,-1.88,-1.35,-0.59,-0.7,-0.99,-0.72,-0.48
2021-08-01,,-1.57,,-1.36,,,,,-0.84,,-0.89,,,-0.71,-1.6,-2.0,-1.5,-0.76,-0.79,-1.1,-0.87,-0.63
2021-09-01,,-1.68,,-1.37,,,,,-0.81,,-0.73,,,-0.85,-1.68,-2.11,-1.59,-0.88,-0.48,-0.97,-0.82,-0.59
2021-10-01,,-1.22,,-1.06,,,,,-0.37,,0.04,,,-0.55,-1.26,-1.71,-1.17,-0.53,0.0,-0.38,-0.32,-0.1
2021-11-01,,-1.16,,-1.22,,,,,-0.48,,-0.01,,,-0.47,-1.29,-1.67,-1.2,-0.44,-0.17,-0.53,-0.34,-0.16
2021-12-01,,-1.08,,-1.03,,,,,-0.37,,0.1,,,-0.31,-1.14,-1.63,-1.05,-0.32,-0.01,-0.34,-0.23,-0.05
2022-01-01,,-1.21,,-1.23,,,,,-0.59,,-0.04,,,-0.37,-1.25,-1.65,-1.14,-0.36,-0.25,-0.53,-0.26,-0.15
2022-02-01,,-1.1,,-1.16,,,,,-0.5,,0.08,,,-0.28,-1.22,-1.63,-1.1,-0.31,-0.04,-0.42,-0.24,-0.15
2022-03-01,,-1.24,,-1.24,,,,,-0.64,,-0.16,,,-0.43,-1.34,-1.74,-1.23,-0.45,-0.36,-0.68,-0.44,-0.39
2022-04-01,,-1.38,,-1.29,,,,,-0.72,,-0.48,,,-0.55,-1.46,-1.85,-1.35,-0.58,-0.44,-0.8,-0.6,-0.49
2022-05-01,,-1.5,,-1.26,,,,,-0.77,,-0.58,,,-0.65,-1.56,-1.95,-1.45,-0.69,-0.46,-0.87,-0.71,-0.58
2022-06-01,,-1.67,,-1.29,,,,,-0.88,,-0.81,,,-0.86,-1.7,-2.08,-1.64,-0.9,-0.66,-1.11,-0.94,-0.72
2022-07-01,,-1.79,,-1.37,,,,,-1.01,,-1.03,,,-1.01,-1.84,-2.22,-1.77,-1.05,-0.78,-1.28,-1.06,-0.76
2022-08-01,,-1.92,,-1.41,,,,,-0.9243089430894309,,-1.16,,,-1.17,-1.98,-2.33,-1.9,-1.22,-0.91,-1.38,-1.25,-0.7297560975609756
2022-09-01,,-2.03,,-1.26,,,,,,,-1.23,,,-1.3,-2.07,-2.4,-2.01,-1.34,-0.81,-1.45,-1.36,
2022-10-01,,-2.04,,-1.05,,,,,,,-1.0,,,-1.38,-2.07,-2.37,-2.04,-1.39,-0.35,-1.24,-1.31,
2022-11-01,,-1.63,,-1.05,,,,,-0.67,,-0.62,,,-1.06,-1.77,-2.08,-1.72,-1.08,-0.22,-0.82,-0.94,-0.64
2023-01-01,,-1.28,,-1.19,,,,,-0.59,,-0.04,,,-0.69,-1.49,-1.79,-1.42,-0.67,-0.18,-0.49,-0.53,-0.26
2023-02-01,,-1.48,,-1.28,,,,,-0.73,,-0.39,,,-0.84,-1.68,-1.98,-1.6,-0.86,-0.34,-0.65,-0.7,-0.5
2023-03-01,,-1.38,,-0.99,,,,,-0.53,,-0.06,,,-0.78,-1.55,-1.88,-1.47,-0.74,-0.07,-0.45,-0.49,-0.29
2023-04-01,,-1.43,,-1.11,,,,,-0.62,,-0.34,,,-0.77,-1.6,-1.93,-1.54,-0.78,-0.3,-0.67,-0.67,-0.52
2023-05-01,,-1.68,,-1.31,,,,,-0.81,,-0.6301639344262295,,,-0.95,-1.78,-2.1,-1.81,-0.97,-0.59,-0.92,-0.85,-0.67
2023-06-01,,-1.77,,-1.33,,,,,-0.86,,-0.93,,,-1.11,-1.92,-2.24,-1.85,-1.12,-0.81,-1.15,-1.03,-0.7055737704918033
2023-07-01,,-1.87,,-1.19,,,,,-0.81,,-0.78,,,-1.22,-2.0,-2.32,-1.93,-1.18,-0.43,-1.06,-1.02,-0.74
2023-08-01,,-1.79,,-1.05,,,,,-0.77,,-0.84,,,-1.17,-1.9,-2.2,-1.85,-1.17,-0.48,-1.1,-1.02,-0.73
2023-09-01,,-1.63,,-0.98,,,,,-0.6,,-0.5,,,-1.09,-1.81,-2.1,-1.76,-1.1,-0.14,-0.82,-0.83,-0.73
2023-10-01,,-1.38,,-0.75,,,,,-0.45,,-0.26,,,-0.85,-1.58,-1.84,-1.52,-0.95,-0.08,-0.59,-0.59,
2023-11-01,,-1.3,,-0.63,,,,,-0.49,,-0.08,,,-0.73,-1.33,-1.77,-1.44,-0.73,-0.03,-0.48,-0.46,
2023-12-01,,-1.04,,-1.05,,,,,-0.44,,0.2,,,-0.5,-1.26,-1.59,-1.2,-0.47,-0.02,-0.4,-0.23,
2024-01-01,,-0.96,,-0.89,,,,,-0.35,,0.3,,,-0.39,-1.17,-1.52,-1.08,-0.33,0.01,-0.31,-0.23,
2024-02-01,,-0.81,,-0.77,,,,,-0.28,,0.4,,,-0.1,-1.01,-1.38,-0.89,-0.07,0.03,-0.31,-0.21,
2024-03-01,,-0.78,,-0.82,,,,,-0.27,,0.42,,,0.02,-1.02,-1.33,-0.8,0.13,0.01,-0.31,-0.21,
2024-04-01,,-0.82,,-0.89,,,,,-0.31,,0.35,,,0.05,-0.96,-1.38,-0.84,0.16,-0.2,-0.34,-0.21,
2024-05-01,,-0.87,,-1.04,,,,,-0.5,,0.16,,,-0.19,-1.15,-1.57,-1.03,-0.19,-0.37,-0.27,-0.37721311475409836,
2024-06-01,,-1.26,,-1.13,,,,,-0.65,,0.16,,,-0.45,-1.33,-1.73,-1.22,-0.41,-0.6,-0.82,-0.55,
2024-07-01,,-1.43,,-1.16,,,,,-0.75,,,,,-0.57,-1.46,-1.85,-1.35,-0.62,-0.77,-0.96,-0.71,
2024-08-01,,-1.57,,-1.19,,,,,-0.8,,,,,-0.73,-1.6,-1.97,-1.51,-0.75,-0.65,-1.05,-0.88,
2024-09-01,,-1.67,,-1.15,,,,,-0.81,,,,,-0.83,-1.73,-2.05,-1.59,-0.71,-0.35,-1.02,-0.81,
2024-10-01,,-1.64,,-1.14,,,,,-0.74,,,,,-0.89,-1.69,-2.06,-1.61,-0.96,-0.32,-0.94,-0.77,
2024-11-01,,-1.62,,-1.1,,,,,-0.71,,,,,-0.9,-1.68,-2.04,-1.63,-0.96,-0.27,-0.94,-0.84,
2024-12-01,,-1.26,,-0.99,,,,,-0.54,,,,,-0.6,-1.41,-1.76,-1.29,-0.61,-0.05,-0.55,-0.52,
2025-01-01,,-1.13,,-0.85,,,,,-0.46,,,,,-0.52,-1.31,-1.63,-1.16,-0.47,-0.01,-0.41,-0.26,
2025-02-01,,-1.2,,-0.89,,,,,-0.52,,,,,-0.44,-1.29,-1.66,-1.19,-0.55,-0.06,-0.46,-0.27,
2025-03-01,,-1.38,,-0.95,,,,,-0.63,,,,,-0.61,-1.49,-1.83,-1.4,-0.66,-0.34,-0.66,-0.56,
2025-04-01,,-1.53,,-1.19,,,,,-0.78,,,,,-0.77,-1.64,-1.97,-1.53,-0.8,-0.55,-0.9,-0.78,
2025-05-01,,-1.64,,-1.09,,,,,-0.8291803278688524,,,,,-0.9,-1.71,-2.06,-1.64,-0.9,-0.52,-1.03,-0.85,
2025-06-01,,-1.75,,-1.09,,,,,-0.88,,,,,-0.99,-1.8,-2.25,-1.69,-1.03,-0.66,-1.15,-0.98,
2025-07-01,,-1.84,,-1.3,,,,,-0.97,,,,,-1.16,-1.93,-2.47,-1.88,-1.19,-0.81,-1.3,-1.19,
2025-08-01,,-2.01,,-1.18,,,,,-0.8439837398373984,,,,,-1.29,-2.05,-2.54,-2.03,-1.33,-0.94,-1.4,-1.3,
2025-09-01,,-1.88,,-1.29,,,,,,,,,,-1.22,-1.94,-2.27,-1.88,-1.26,-0.42,-1.16,-1.12,
2025-10-01,,-1.95,,-1.24,,,,,,,,,,-1.36,-2.06,-2.35,-2.01,-1.36,-0.38,-1.13,-1.17,
2025-11-01,,-1.4,,-0.92,,,,,-0.47,,,,,-0.95,-1.59,-1.89,-1.52,-0.82,0.02,-0.42,-0.49,
2025-12-01,,-1.1,,-0.85,,,,,-0.4,,,,,-0.45,-1.3,-1.59,-1.28,-0.43,-0.01,-0.35,-0.22,
2026-01-01,,-1.16,,-0.84,,,,,-0.42,,,,,-0.5,-1.34,-1.66,-1.25,-0.47,0.0,-0.37,-0.23,
2026-02-01,,-0.96,,-0.84,,,,,-0.32,,,,,-0.3,-1.19,-1.5,-1.04,-0.27,0.02,-0.25,-0.25,
